region_code,month,baseYmd,touNum,source_file,주석_분석사용,주석_원문필터,주석_근거함수
26,2025-09,20250901,318003.0,runs/api_candidates_sido_202509_202608/raw/20250901_20250930_p0001.xml,포함: 월별 visitors에 합산,"touDivNm=외지인(b); sido=areaCode, sigungu=signguCode",Together_with_my_dog_cityselection/fetch_tourapi.py:258 summarize_month()
26,2025-09,20250902,320124.0,runs/api_candidates_sido_202509_202608/raw/20250901_20250930_p0001.xml,포함: 월별 visitors에 합산,"touDivNm=외지인(b); sido=areaCode, sigungu=signguCode",Together_with_my_dog_cityselection/fetch_tourapi.py:258 summarize_month()
26,2025-09,20250903,334435.5,runs/api_candidates_sido_202509_202608/raw/20250901_20250930_p0001.xml,포함: 월별 visitors에 합산,"touDivNm=외지인(b); sido=areaCode, sigungu=signguCode",Together_with_my_dog_cityselection/fetch_tourapi.py:258 summarize_month()
26,2025-09,20250904,345327.5,runs/api_candidates_sido_202509_202608/raw/20250901_20250930_p0001.xml,포함: 월별 visitors에 합산,"touDivNm=외지인(b); sido=areaCode, sigungu=signguCode",Together_with_my_dog_cityselection/fetch_tourapi.py:258 summarize_month()
26,2025-09,20250905,395549.0,runs/api_candidates_sido_202509_202608/raw/20250901_20250930_p0001.xml,포함: 월별 visitors에 합산,"touDivNm=외지인(b); sido=areaCode, sigungu=signguCode",Together_with_my_dog_cityselection/fetch_tourapi.py:258 summarize_month()
26,2025-09,20250906,526673.0,runs/api_candidates_sido_202509_202608/raw/20250901_20250930_p0001.xml,포함: 월별 visitors에 합산,"touDivNm=외지인(b); sido=areaCode, sigungu=signguCode",Together_with_my_dog_cityselection/fetch_tourapi.py:258 summarize_month()
26,2025-09,20250907,462521.5,runs/api_candidates_sido_202509_202608/raw/20250901_20250930_p0001.xml,포함: 월별 visitors에 합산,"touDivNm=외지인(b); sido=areaCode, sigungu=signguCode",Together_with_my_dog_cityselection/fetch_tourapi.py:258 summarize_month()
26,2025-09,20250908,357724.5,runs/api_candidates_sido_202509_202608/raw/20250901_20250930_p0001.xml,포함: 월별 visitors에 합산,"touDivNm=외지인(b); sido=areaCode, sigungu=signguCode",Together_with_my_dog_cityselection/fetch_tourapi.py:258 summarize_month()
26,2025-09,20250909,356359.5,runs/api_candidates_sido_202509_202608/raw/20250901_20250930_p0001.xml,포함: 월별 visitors에 합산,"touDivNm=외지인(b); sido=areaCode, sigungu=signguCode",Together_with_my_dog_cityselection/fetch_tourapi.py:258 summarize_month()
26,2025-09,20250910,371490.0,runs/api_candidates_sido_202509_202608/raw/20250901_20250930_p0001.xml,포함: 월별 visitors에 합산,"touDivNm=외지인(b); sido=areaCode, sigungu=signguCode",Together_with_my_dog_cityselection/fetch_tourapi.py:258 summarize_month()
26,2025-09,20250911,386158.5,runs/api_candidates_sido_202509_202608/raw/20250901_20250930_p0001.xml,포함: 월별 visitors에 합산,"touDivNm=외지인(b); sido=areaCode, sigungu=signguCode",Together_with_my_dog_cityselection/fetch_tourapi.py:258 summarize_month()
26,2025-09,20250912,430783.5,runs/api_candidates_sido_202509_202608/raw/20250901_20250930_p0001.xml,포함: 월별 visitors에 합산,"touDivNm=외지인(b); sido=areaCode, sigungu=signguCode",Together_with_my_dog_cityselection/fetch_tourapi.py:258 summarize_month()
26,2025-09,20250913,544029.5,runs/api_candidates_sido_202509_202608/raw/20250901_20250930_p0001.xml,포함: 월별 visitors에 합산,"touDivNm=외지인(b); sido=areaCode, sigungu=signguCode",Together_with_my_dog_cityselection/fetch_tourapi.py:258 summarize_month()
26,2025-09,20250914,508616.5,runs/api_candidates_sido_202509_202608/raw/20250901_20250930_p0001.xml,포함: 월별 visitors에 합산,"touDivNm=외지인(b); sido=areaCode, sigungu=signguCode",Together_with_my_dog_cityselection/fetch_tourapi.py:258 summarize_month()
26,2025-09,20250915,384107.5,runs/api_candidates_sido_202509_202608/raw/20250901_20250930_p0001.xml,포함: 월별 visitors에 합산,"touDivNm=외지인(b); sido=areaCode, sigungu=signguCode",Together_with_my_dog_cityselection/fetch_tourapi.py:258 summarize_month()
26,2025-09,20250916,385364.0,runs/api_candidates_sido_202509_202608/raw/20250901_20250930_p0001.xml,포함: 월별 visitors에 합산,"touDivNm=외지인(b); sido=areaCode, sigungu=signguCode",Together_with_my_dog_cityselection/fetch_tourapi.py:258 summarize_month()
26,2025-09,20250917,398832.0,runs/api_candidates_sido_202509_202608/raw/20250901_20250930_p0001.xml,포함: 월별 visitors에 합산,"touDivNm=외지인(b); sido=areaCode, sigungu=signguCode",Together_with_my_dog_cityselection/fetch_tourapi.py:258 summarize_month()
26,2025-09,20250918,412408.5,runs/api_candidates_sido_202509_202608/raw/20250901_20250930_p0001.xml,포함: 월별 visitors에 합산,"touDivNm=외지인(b); sido=areaCode, sigungu=signguCode",Together_with_my_dog_cityselection/fetch_tourapi.py:258 summarize_month()
26,2025-09,20250919,461940.5,runs/api_candidates_sido_202509_202608/raw/20250901_20250930_p0001.xml,포함: 월별 visitors에 합산,"touDivNm=외지인(b); sido=areaCode, sigungu=signguCode",Together_with_my_dog_cityselection/fetch_tourapi.py:258 summarize_month()
26,2025-09,20250920,580713.0,runs/api_candidates_sido_202509_202608/raw/20250901_20250930_p0001.xml,포함: 월별 visitors에 합산,"touDivNm=외지인(b); sido=areaCode, sigungu=signguCode",Together_with_my_dog_cityselection/fetch_tourapi.py:258 summarize_month()
26,2025-09,20250921,533417.5,runs/api_candidates_sido_202509_202608/raw/20250901_20250930_p0001.xml,포함: 월별 visitors에 합산,"touDivNm=외지인(b); sido=areaCode, sigungu=signguCode",Together_with_my_dog_cityselection/fetch_tourapi.py:258 summarize_month()
26,2025-09,20250922,416682.0,runs/api_candidates_sido_202509_202608/raw/20250901_20250930_p0001.xml,포함: 월별 visitors에 합산,"touDivNm=외지인(b); sido=areaCode, sigungu=signguCode",Together_with_my_dog_cityselection/fetch_tourapi.py:258 summarize_month()
26,2025-09,20250923,415425.5,runs/api_candidates_sido_202509_202608/raw/20250901_20250930_p0001.xml,포함: 월별 visitors에 합산,"touDivNm=외지인(b); sido=areaCode, sigungu=signguCode",Together_with_my_dog_cityselection/fetch_tourapi.py:258 summarize_month()
26,2025-09,20250924,414844.5,runs/api_candidates_sido_202509_202608/raw/20250901_20250930_p0001.xml,포함: 월별 visitors에 합산,"touDivNm=외지인(b); sido=areaCode, sigungu=signguCode",Together_with_my_dog_cityselection/fetch_tourapi.py:258 summarize_month()
26,2025-09,20250925,430384.5,runs/api_candidates_sido_202509_202608/raw/20250901_20250930_p0001.xml,포함: 월별 visitors에 합산,"touDivNm=외지인(b); sido=areaCode, sigungu=signguCode",Together_with_my_dog_cityselection/fetch_tourapi.py:258 summarize_month()
26,2025-09,20250926,495600.0,runs/api_candidates_sido_202509_202608/raw/20250901_20250930_p0001.xml,포함: 월별 visitors에 합산,"touDivNm=외지인(b); sido=areaCode, sigungu=signguCode",Together_with_my_dog_cityselection/fetch_tourapi.py:258 summarize_month()
26,2025-09,20250927,602500.5,runs/api_candidates_sido_202509_202608/raw/20250901_20250930_p0001.xml,포함: 월별 visitors에 합산,"touDivNm=외지인(b); sido=areaCode, sigungu=signguCode",Together_with_my_dog_cityselection/fetch_tourapi.py:258 summarize_month()
26,2025-09,20250928,538492.5,runs/api_candidates_sido_202509_202608/raw/20250901_20250930_p0001.xml,포함: 월별 visitors에 합산,"touDivNm=외지인(b); sido=areaCode, sigungu=signguCode",Together_with_my_dog_cityselection/fetch_tourapi.py:258 summarize_month()
26,2025-09,20250929,431214.0,runs/api_candidates_sido_202509_202608/raw/20250901_20250930_p0001.xml,포함: 월별 visitors에 합산,"touDivNm=외지인(b); sido=areaCode, sigungu=signguCode",Together_with_my_dog_cityselection/fetch_tourapi.py:258 summarize_month()
26,2025-09,20250930,430699.5,runs/api_candidates_sido_202509_202608/raw/20250901_20250930_p0001.xml,포함: 월별 visitors에 합산,"touDivNm=외지인(b); sido=areaCode, sigungu=signguCode",Together_with_my_dog_cityselection/fetch_tourapi.py:258 summarize_month()
26,2025-10,20251001,299593.0,runs/api_candidates_sido_202509_202608/raw/20251001_20251031_p0001.xml,포함: 월별 visitors에 합산,"touDivNm=외지인(b); sido=areaCode, sigungu=signguCode",Together_with_my_dog_cityselection/fetch_tourapi.py:258 summarize_month()
26,2025-10,20251002,365228.5,runs/api_candidates_sido_202509_202608/raw/20251001_20251031_p0001.xml,포함: 월별 visitors에 합산,"touDivNm=외지인(b); sido=areaCode, sigungu=signguCode",Together_with_my_dog_cityselection/fetch_tourapi.py:258 summarize_month()
26,2025-10,20251003,560483.0,runs/api_candidates_sido_202509_202608/raw/20251001_20251031_p0001.xml,포함: 월별 visitors에 합산,"touDivNm=외지인(b); sido=areaCode, sigungu=signguCode",Together_with_my_dog_cityselection/fetch_tourapi.py:258 summarize_month()
26,2025-10,20251004,742325.5,runs/api_candidates_sido_202509_202608/raw/20251001_20251031_p0001.xml,포함: 월별 visitors에 합산,"touDivNm=외지인(b); sido=areaCode, sigungu=signguCode",Together_with_my_dog_cityselection/fetch_tourapi.py:258 summarize_month()
26,2025-10,20251005,898782.5,runs/api_candidates_sido_202509_202608/raw/20251001_20251031_p0001.xml,포함: 월별 visitors에 합산,"touDivNm=외지인(b); sido=areaCode, sigungu=signguCode",Together_with_my_dog_cityselection/fetch_tourapi.py:258 summarize_month()
26,2025-10,20251006,1033249.0,runs/api_candidates_sido_202509_202608/raw/20251001_20251031_p0001.xml,포함: 월별 visitors에 합산,"touDivNm=외지인(b); sido=areaCode, sigungu=signguCode",Together_with_my_dog_cityselection/fetch_tourapi.py:258 summarize_month()
26,2025-10,20251007,953092.0,runs/api_candidates_sido_202509_202608/raw/20251001_20251031_p0001.xml,포함: 월별 visitors에 합산,"touDivNm=외지인(b); sido=areaCode, sigungu=signguCode",Together_with_my_dog_cityselection/fetch_tourapi.py:258 summarize_month()
26,2025-10,20251008,808269.0,runs/api_candidates_sido_202509_202608/raw/20251001_20251031_p0001.xml,포함: 월별 visitors에 합산,"touDivNm=외지인(b); sido=areaCode, sigungu=signguCode",Together_with_my_dog_cityselection/fetch_tourapi.py:258 summarize_month()
26,2025-10,20251009,637542.5,runs/api_candidates_sido_202509_202608/raw/20251001_20251031_p0001.xml,포함: 월별 visitors에 합산,"touDivNm=외지인(b); sido=areaCode, sigungu=signguCode",Together_with_my_dog_cityselection/fetch_tourapi.py:258 summarize_month()
26,2025-10,20251010,514199.0,runs/api_candidates_sido_202509_202608/raw/20251001_20251031_p0001.xml,포함: 월별 visitors에 합산,"touDivNm=외지인(b); sido=areaCode, sigungu=signguCode",Together_with_my_dog_cityselection/fetch_tourapi.py:258 summarize_month()
26,2025-10,20251011,535888.5,runs/api_candidates_sido_202509_202608/raw/20251001_20251031_p0001.xml,포함: 월별 visitors에 합산,"touDivNm=외지인(b); sido=areaCode, sigungu=signguCode",Together_with_my_dog_cityselection/fetch_tourapi.py:258 summarize_month()
26,2025-10,20251012,437720.5,runs/api_candidates_sido_202509_202608/raw/20251001_20251031_p0001.xml,포함: 월별 visitors에 합산,"touDivNm=외지인(b); sido=areaCode, sigungu=signguCode",Together_with_my_dog_cityselection/fetch_tourapi.py:258 summarize_month()
26,2025-10,20251013,315402.5,runs/api_candidates_sido_202509_202608/raw/20251001_20251031_p0001.xml,포함: 월별 visitors에 합산,"touDivNm=외지인(b); sido=areaCode, sigungu=signguCode",Together_with_my_dog_cityselection/fetch_tourapi.py:258 summarize_month()
26,2025-10,20251014,311692.5,runs/api_candidates_sido_202509_202608/raw/20251001_20251031_p0001.xml,포함: 월별 visitors에 합산,"touDivNm=외지인(b); sido=areaCode, sigungu=signguCode",Together_with_my_dog_cityselection/fetch_tourapi.py:258 summarize_month()
26,2025-10,20251015,332395.0,runs/api_candidates_sido_202509_202608/raw/20251001_20251031_p0001.xml,포함: 월별 visitors에 합산,"touDivNm=외지인(b); sido=areaCode, sigungu=signguCode",Together_with_my_dog_cityselection/fetch_tourapi.py:258 summarize_month()
26,2025-10,20251016,347224.5,runs/api_candidates_sido_202509_202608/raw/20251001_20251031_p0001.xml,포함: 월별 visitors에 합산,"touDivNm=외지인(b); sido=areaCode, sigungu=signguCode",Together_with_my_dog_cityselection/fetch_tourapi.py:258 summarize_month()
26,2025-10,20251017,413140.0,runs/api_candidates_sido_202509_202608/raw/20251001_20251031_p0001.xml,포함: 월별 visitors에 합산,"touDivNm=외지인(b); sido=areaCode, sigungu=signguCode",Together_with_my_dog_cityselection/fetch_tourapi.py:258 summarize_month()
26,2025-10,20251018,535699.5,runs/api_candidates_sido_202509_202608/raw/20251001_20251031_p0001.xml,포함: 월별 visitors에 합산,"touDivNm=외지인(b); sido=areaCode, sigungu=signguCode",Together_with_my_dog_cityselection/fetch_tourapi.py:258 summarize_month()
26,2025-10,20251019,498785.0,runs/api_candidates_sido_202509_202608/raw/20251001_20251031_p0001.xml,포함: 월별 visitors에 합산,"touDivNm=외지인(b); sido=areaCode, sigungu=signguCode",Together_with_my_dog_cityselection/fetch_tourapi.py:258 summarize_month()
26,2025-10,20251020,371378.0,runs/api_candidates_sido_202509_202608/raw/20251001_20251031_p0001.xml,포함: 월별 visitors에 합산,"touDivNm=외지인(b); sido=areaCode, sigungu=signguCode",Together_with_my_dog_cityselection/fetch_tourapi.py:258 summarize_month()
26,2025-10,20251021,367874.5,runs/api_candidates_sido_202509_202608/raw/20251001_20251031_p0001.xml,포함: 월별 visitors에 합산,"touDivNm=외지인(b); sido=areaCode, sigungu=signguCode",Together_with_my_dog_cityselection/fetch_tourapi.py:258 summarize_month()
26,2025-10,20251022,375277.0,runs/api_candidates_sido_202509_202608/raw/20251001_20251031_p0001.xml,포함: 월별 visitors에 합산,"touDivNm=외지인(b); sido=areaCode, sigungu=signguCode",Together_with_my_dog_cityselection/fetch_tourapi.py:258 summarize_month()
26,2025-10,20251023,385787.5,runs/api_candidates_sido_202509_202608/raw/20251001_20251031_p0001.xml,포함: 월별 visitors에 합산,"touDivNm=외지인(b); sido=areaCode, sigungu=signguCode",Together_with_my_dog_cityselection/fetch_tourapi.py:258 summarize_month()
26,2025-10,20251024,427927.5,runs/api_candidates_sido_202509_202608/raw/20251001_20251031_p0001.xml,포함: 월별 visitors에 합산,"touDivNm=외지인(b); sido=areaCode, sigungu=signguCode",Together_with_my_dog_cityselection/fetch_tourapi.py:258 summarize_month()
26,2025-10,20251025,569999.5,runs/api_candidates_sido_202509_202608/raw/20251001_20251031_p0001.xml,포함: 월별 visitors에 합산,"touDivNm=외지인(b); sido=areaCode, sigungu=signguCode",Together_with_my_dog_cityselection/fetch_tourapi.py:258 summarize_month()
26,2025-10,20251026,520709.0,runs/api_candidates_sido_202509_202608/raw/20251001_20251031_p0001.xml,포함: 월별 visitors에 합산,"touDivNm=외지인(b); sido=areaCode, sigungu=signguCode",Together_with_my_dog_cityselection/fetch_tourapi.py:258 summarize_month()
26,2025-10,20251027,370118.0,runs/api_candidates_sido_202509_202608/raw/20251001_20251031_p0001.xml,포함: 월별 visitors에 합산,"touDivNm=외지인(b); sido=areaCode, sigungu=signguCode",Together_with_my_dog_cityselection/fetch_tourapi.py:258 summarize_month()
26,2025-10,20251028,370002.5,runs/api_candidates_sido_202509_202608/raw/20251001_20251031_p0001.xml,포함: 월별 visitors에 합산,"touDivNm=외지인(b); sido=areaCode, sigungu=signguCode",Together_with_my_dog_cityselection/fetch_tourapi.py:258 summarize_month()
26,2025-10,20251029,387901.5,runs/api_candidates_sido_202509_202608/raw/20251001_20251031_p0001.xml,포함: 월별 visitors에 합산,"touDivNm=외지인(b); sido=areaCode, sigungu=signguCode",Together_with_my_dog_cityselection/fetch_tourapi.py:258 summarize_month()
26,2025-10,20251030,404218.5,runs/api_candidates_sido_202509_202608/raw/20251001_20251031_p0001.xml,포함: 월별 visitors에 합산,"touDivNm=외지인(b); sido=areaCode, sigungu=signguCode",Together_with_my_dog_cityselection/fetch_tourapi.py:258 summarize_month()
26,2025-10,20251031,459798.5,runs/api_candidates_sido_202509_202608/raw/20251001_20251031_p0001.xml,포함: 월별 visitors에 합산,"touDivNm=외지인(b); sido=areaCode, sigungu=signguCode",Together_with_my_dog_cityselection/fetch_tourapi.py:258 summarize_month()
26,2025-11,20251101,502092.5,runs/api_candidates_sido_202509_202608/raw/20251101_20251130_p0001.xml,포함: 월별 visitors에 합산,"touDivNm=외지인(b); sido=areaCode, sigungu=signguCode",Together_with_my_dog_cityselection/fetch_tourapi.py:258 summarize_month()
26,2025-11,20251102,449991.5,runs/api_candidates_sido_202509_202608/raw/20251101_20251130_p0001.xml,포함: 월별 visitors에 합산,"touDivNm=외지인(b); sido=areaCode, sigungu=signguCode",Together_with_my_dog_cityselection/fetch_tourapi.py:258 summarize_month()
26,2025-11,20251103,318412.5,runs/api_candidates_sido_202509_202608/raw/20251101_20251130_p0001.xml,포함: 월별 visitors에 합산,"touDivNm=외지인(b); sido=areaCode, sigungu=signguCode",Together_with_my_dog_cityselection/fetch_tourapi.py:258 summarize_month()
26,2025-11,20251104,327607.0,runs/api_candidates_sido_202509_202608/raw/20251101_20251130_p0001.xml,포함: 월별 visitors에 합산,"touDivNm=외지인(b); sido=areaCode, sigungu=signguCode",Together_with_my_dog_cityselection/fetch_tourapi.py:258 summarize_month()
26,2025-11,20251105,334012.0,runs/api_candidates_sido_202509_202608/raw/20251101_20251130_p0001.xml,포함: 월별 visitors에 합산,"touDivNm=외지인(b); sido=areaCode, sigungu=signguCode",Together_with_my_dog_cityselection/fetch_tourapi.py:258 summarize_month()
26,2025-11,20251106,342475.0,runs/api_candidates_sido_202509_202608/raw/20251101_20251130_p0001.xml,포함: 월별 visitors에 합산,"touDivNm=외지인(b); sido=areaCode, sigungu=signguCode",Together_with_my_dog_cityselection/fetch_tourapi.py:258 summarize_month()
26,2025-11,20251107,389399.5,runs/api_candidates_sido_202509_202608/raw/20251101_20251130_p0001.xml,포함: 월별 visitors에 합산,"touDivNm=외지인(b); sido=areaCode, sigungu=signguCode",Together_with_my_dog_cityselection/fetch_tourapi.py:258 summarize_month()
26,2025-11,20251108,512774.5,runs/api_candidates_sido_202509_202608/raw/20251101_20251130_p0001.xml,포함: 월별 visitors에 합산,"touDivNm=외지인(b); sido=areaCode, sigungu=signguCode",Together_with_my_dog_cityselection/fetch_tourapi.py:258 summarize_month()
26,2025-11,20251109,467873.0,runs/api_candidates_sido_202509_202608/raw/20251101_20251130_p0001.xml,포함: 월별 visitors에 합산,"touDivNm=외지인(b); sido=areaCode, sigungu=signguCode",Together_with_my_dog_cityselection/fetch_tourapi.py:258 summarize_month()
26,2025-11,20251110,346237.5,runs/api_candidates_sido_202509_202608/raw/20251101_20251130_p0001.xml,포함: 월별 visitors에 합산,"touDivNm=외지인(b); sido=areaCode, sigungu=signguCode",Together_with_my_dog_cityselection/fetch_tourapi.py:258 summarize_month()
26,2025-11,20251111,349737.5,runs/api_candidates_sido_202509_202608/raw/20251101_20251130_p0001.xml,포함: 월별 visitors에 합산,"touDivNm=외지인(b); sido=areaCode, sigungu=signguCode",Together_with_my_dog_cityselection/fetch_tourapi.py:258 summarize_month()
26,2025-11,20251112,360993.5,runs/api_candidates_sido_202509_202608/raw/20251101_20251130_p0001.xml,포함: 월별 visitors에 합산,"touDivNm=외지인(b); sido=areaCode, sigungu=signguCode",Together_with_my_dog_cityselection/fetch_tourapi.py:258 summarize_month()
26,2025-11,20251113,393151.5,runs/api_candidates_sido_202509_202608/raw/20251101_20251130_p0001.xml,포함: 월별 visitors에 합산,"touDivNm=외지인(b); sido=areaCode, sigungu=signguCode",Together_with_my_dog_cityselection/fetch_tourapi.py:258 summarize_month()
26,2025-11,20251114,459280.5,runs/api_candidates_sido_202509_202608/raw/20251101_20251130_p0001.xml,포함: 월별 visitors에 합산,"touDivNm=외지인(b); sido=areaCode, sigungu=signguCode",Together_with_my_dog_cityselection/fetch_tourapi.py:258 summarize_month()
26,2025-11,20251115,651976.5,runs/api_candidates_sido_202509_202608/raw/20251101_20251130_p0001.xml,포함: 월별 visitors에 합산,"touDivNm=외지인(b); sido=areaCode, sigungu=signguCode",Together_with_my_dog_cityselection/fetch_tourapi.py:258 summarize_month()
26,2025-11,20251116,548702.0,runs/api_candidates_sido_202509_202608/raw/20251101_20251130_p0001.xml,포함: 월별 visitors에 합산,"touDivNm=외지인(b); sido=areaCode, sigungu=signguCode",Together_with_my_dog_cityselection/fetch_tourapi.py:258 summarize_month()
26,2025-11,20251117,382014.5,runs/api_candidates_sido_202509_202608/raw/20251101_20251130_p0001.xml,포함: 월별 visitors에 합산,"touDivNm=외지인(b); sido=areaCode, sigungu=signguCode",Together_with_my_dog_cityselection/fetch_tourapi.py:258 summarize_month()
26,2025-11,20251118,376792.5,runs/api_candidates_sido_202509_202608/raw/20251101_20251130_p0001.xml,포함: 월별 visitors에 합산,"touDivNm=외지인(b); sido=areaCode, sigungu=signguCode",Together_with_my_dog_cityselection/fetch_tourapi.py:258 summarize_month()
26,2025-11,20251119,377793.5,runs/api_candidates_sido_202509_202608/raw/20251101_20251130_p0001.xml,포함: 월별 visitors에 합산,"touDivNm=외지인(b); sido=areaCode, sigungu=signguCode",Together_with_my_dog_cityselection/fetch_tourapi.py:258 summarize_month()
26,2025-11,20251120,396627.0,runs/api_candidates_sido_202509_202608/raw/20251101_20251130_p0001.xml,포함: 월별 visitors에 합산,"touDivNm=외지인(b); sido=areaCode, sigungu=signguCode",Together_with_my_dog_cityselection/fetch_tourapi.py:258 summarize_month()
26,2025-11,20251121,445501.0,runs/api_candidates_sido_202509_202608/raw/20251101_20251130_p0001.xml,포함: 월별 visitors에 합산,"touDivNm=외지인(b); sido=areaCode, sigungu=signguCode",Together_with_my_dog_cityselection/fetch_tourapi.py:258 summarize_month()
26,2025-11,20251122,587769.0,runs/api_candidates_sido_202509_202608/raw/20251101_20251130_p0001.xml,포함: 월별 visitors에 합산,"touDivNm=외지인(b); sido=areaCode, sigungu=signguCode",Together_with_my_dog_cityselection/fetch_tourapi.py:258 summarize_month()
26,2025-11,20251123,531230.0,runs/api_candidates_sido_202509_202608/raw/20251101_20251130_p0001.xml,포함: 월별 visitors에 합산,"touDivNm=외지인(b); sido=areaCode, sigungu=signguCode",Together_with_my_dog_cityselection/fetch_tourapi.py:258 summarize_month()
26,2025-11,20251124,387250.5,runs/api_candidates_sido_202509_202608/raw/20251101_20251130_p0001.xml,포함: 월별 visitors에 합산,"touDivNm=외지인(b); sido=areaCode, sigungu=signguCode",Together_with_my_dog_cityselection/fetch_tourapi.py:258 summarize_month()
26,2025-11,20251125,386970.5,runs/api_candidates_sido_202509_202608/raw/20251101_20251130_p0001.xml,포함: 월별 visitors에 합산,"touDivNm=외지인(b); sido=areaCode, sigungu=signguCode",Together_with_my_dog_cityselection/fetch_tourapi.py:258 summarize_month()
26,2025-11,20251126,394023.0,runs/api_candidates_sido_202509_202608/raw/20251101_20251130_p0001.xml,포함: 월별 visitors에 합산,"touDivNm=외지인(b); sido=areaCode, sigungu=signguCode",Together_with_my_dog_cityselection/fetch_tourapi.py:258 summarize_month()
26,2025-11,20251127,402542.0,runs/api_candidates_sido_202509_202608/raw/20251101_20251130_p0001.xml,포함: 월별 visitors에 합산,"touDivNm=외지인(b); sido=areaCode, sigungu=signguCode",Together_with_my_dog_cityselection/fetch_tourapi.py:258 summarize_month()
26,2025-11,20251128,455479.5,runs/api_candidates_sido_202509_202608/raw/20251101_20251130_p0001.xml,포함: 월별 visitors에 합산,"touDivNm=외지인(b); sido=areaCode, sigungu=signguCode",Together_with_my_dog_cityselection/fetch_tourapi.py:258 summarize_month()
26,2025-11,20251129,595567.0,runs/api_candidates_sido_202509_202608/raw/20251101_20251130_p0001.xml,포함: 월별 visitors에 합산,"touDivNm=외지인(b); sido=areaCode, sigungu=signguCode",Together_with_my_dog_cityselection/fetch_tourapi.py:258 summarize_month()
26,2025-11,20251130,532287.0,runs/api_candidates_sido_202509_202608/raw/20251101_20251130_p0001.xml,포함: 월별 visitors에 합산,"touDivNm=외지인(b); sido=areaCode, sigungu=signguCode",Together_with_my_dog_cityselection/fetch_tourapi.py:258 summarize_month()
26,2025-12,20251201,287717.5,runs/api_candidates_sido_202509_202608/raw/20251201_20251231_p0001.xml,포함: 월별 visitors에 합산,"touDivNm=외지인(b); sido=areaCode, sigungu=signguCode",Together_with_my_dog_cityselection/fetch_tourapi.py:258 summarize_month()
26,2025-12,20251202,289005.5,runs/api_candidates_sido_202509_202608/raw/20251201_20251231_p0001.xml,포함: 월별 visitors에 합산,"touDivNm=외지인(b); sido=areaCode, sigungu=signguCode",Together_with_my_dog_cityselection/fetch_tourapi.py:258 summarize_month()
26,2025-12,20251203,298690.0,runs/api_candidates_sido_202509_202608/raw/20251201_20251231_p0001.xml,포함: 월별 visitors에 합산,"touDivNm=외지인(b); sido=areaCode, sigungu=signguCode",Together_with_my_dog_cityselection/fetch_tourapi.py:258 summarize_month()
26,2025-12,20251204,316799.0,runs/api_candidates_sido_202509_202608/raw/20251201_20251231_p0001.xml,포함: 월별 visitors에 합산,"touDivNm=외지인(b); sido=areaCode, sigungu=signguCode",Together_with_my_dog_cityselection/fetch_tourapi.py:258 summarize_month()
26,2025-12,20251205,374969.0,runs/api_candidates_sido_202509_202608/raw/20251201_20251231_p0001.xml,포함: 월별 visitors에 합산,"touDivNm=외지인(b); sido=areaCode, sigungu=signguCode",Together_with_my_dog_cityselection/fetch_tourapi.py:258 summarize_month()
26,2025-12,20251206,528654.0,runs/api_candidates_sido_202509_202608/raw/20251201_20251231_p0001.xml,포함: 월별 visitors에 합산,"touDivNm=외지인(b); sido=areaCode, sigungu=signguCode",Together_with_my_dog_cityselection/fetch_tourapi.py:258 summarize_month()
26,2025-12,20251207,479122.0,runs/api_candidates_sido_202509_202608/raw/20251201_20251231_p0001.xml,포함: 월별 visitors에 합산,"touDivNm=외지인(b); sido=areaCode, sigungu=signguCode",Together_with_my_dog_cityselection/fetch_tourapi.py:258 summarize_month()
26,2025-12,20251208,328146.0,runs/api_candidates_sido_202509_202608/raw/20251201_20251231_p0001.xml,포함: 월별 visitors에 합산,"touDivNm=외지인(b); sido=areaCode, sigungu=signguCode",Together_with_my_dog_cityselection/fetch_tourapi.py:258 summarize_month()
26,2025-12,20251209,328209.0,runs/api_candidates_sido_202509_202608/raw/20251201_20251231_p0001.xml,포함: 월별 visitors에 합산,"touDivNm=외지인(b); sido=areaCode, sigungu=signguCode",Together_with_my_dog_cityselection/fetch_tourapi.py:258 summarize_month()
26,2025-12,20251210,337494.5,runs/api_candidates_sido_202509_202608/raw/20251201_20251231_p0001.xml,포함: 월별 visitors에 합산,"touDivNm=외지인(b); sido=areaCode, sigungu=signguCode",Together_with_my_dog_cityselection/fetch_tourapi.py:258 summarize_month()
26,2025-12,20251211,349370.0,runs/api_candidates_sido_202509_202608/raw/20251201_20251231_p0001.xml,포함: 월별 visitors에 합산,"touDivNm=외지인(b); sido=areaCode, sigungu=signguCode",Together_with_my_dog_cityselection/fetch_tourapi.py:258 summarize_month()
26,2025-12,20251212,407207.5,runs/api_candidates_sido_202509_202608/raw/20251201_20251231_p0001.xml,포함: 월별 visitors에 합산,"touDivNm=외지인(b); sido=areaCode, sigungu=signguCode",Together_with_my_dog_cityselection/fetch_tourapi.py:258 summarize_month()
26,2025-12,20251213,570622.5,runs/api_candidates_sido_202509_202608/raw/20251201_20251231_p0001.xml,포함: 월별 visitors에 합산,"touDivNm=외지인(b); sido=areaCode, sigungu=signguCode",Together_with_my_dog_cityselection/fetch_tourapi.py:258 summarize_month()
26,2025-12,20251214,526788.5,runs/api_candidates_sido_202509_202608/raw/20251201_20251231_p0001.xml,포함: 월별 visitors에 합산,"touDivNm=외지인(b); sido=areaCode, sigungu=signguCode",Together_with_my_dog_cityselection/fetch_tourapi.py:258 summarize_month()
26,2025-12,20251215,362586.0,runs/api_candidates_sido_202509_202608/raw/20251201_20251231_p0001.xml,포함: 월별 visitors에 합산,"touDivNm=외지인(b); sido=areaCode, sigungu=signguCode",Together_with_my_dog_cityselection/fetch_tourapi.py:258 summarize_month()
26,2025-12,20251216,361245.5,runs/api_candidates_sido_202509_202608/raw/20251201_20251231_p0001.xml,포함: 월별 visitors에 합산,"touDivNm=외지인(b); sido=areaCode, sigungu=signguCode",Together_with_my_dog_cityselection/fetch_tourapi.py:258 summarize_month()
26,2025-12,20251217,369572.0,runs/api_candidates_sido_202509_202608/raw/20251201_20251231_p0001.xml,포함: 월별 visitors에 합산,"touDivNm=외지인(b); sido=areaCode, sigungu=signguCode",Together_with_my_dog_cityselection/fetch_tourapi.py:258 summarize_month()
26,2025-12,20251218,388682.0,runs/api_candidates_sido_202509_202608/raw/20251201_20251231_p0001.xml,포함: 월별 visitors에 합산,"touDivNm=외지인(b); sido=areaCode, sigungu=signguCode",Together_with_my_dog_cityselection/fetch_tourapi.py:258 summarize_month()
26,2025-12,20251219,446624.5,runs/api_candidates_sido_202509_202608/raw/20251201_20251231_p0001.xml,포함: 월별 visitors에 합산,"touDivNm=외지인(b); sido=areaCode, sigungu=signguCode",Together_with_my_dog_cityselection/fetch_tourapi.py:258 summarize_month()
26,2025-12,20251220,614761.0,runs/api_candidates_sido_202509_202608/raw/20251201_20251231_p0001.xml,포함: 월별 visitors에 합산,"touDivNm=외지인(b); sido=areaCode, sigungu=signguCode",Together_with_my_dog_cityselection/fetch_tourapi.py:258 summarize_month()
26,2025-12,20251221,557973.5,runs/api_candidates_sido_202509_202608/raw/20251201_20251231_p0001.xml,포함: 월별 visitors에 합산,"touDivNm=외지인(b); sido=areaCode, sigungu=signguCode",Together_with_my_dog_cityselection/fetch_tourapi.py:258 summarize_month()
26,2025-12,20251222,411673.5,runs/api_candidates_sido_202509_202608/raw/20251201_20251231_p0001.xml,포함: 월별 visitors에 합산,"touDivNm=외지인(b); sido=areaCode, sigungu=signguCode",Together_with_my_dog_cityselection/fetch_tourapi.py:258 summarize_month()
26,2025-12,20251223,407102.5,runs/api_candidates_sido_202509_202608/raw/20251201_20251231_p0001.xml,포함: 월별 visitors에 합산,"touDivNm=외지인(b); sido=areaCode, sigungu=signguCode",Together_with_my_dog_cityselection/fetch_tourapi.py:258 summarize_month()
26,2025-12,20251224,444290.0,runs/api_candidates_sido_202509_202608/raw/20251201_20251231_p0001.xml,포함: 월별 visitors에 합산,"touDivNm=외지인(b); sido=areaCode, sigungu=signguCode",Together_with_my_dog_cityselection/fetch_tourapi.py:258 summarize_month()
26,2025-12,20251225,562877.0,runs/api_candidates_sido_202509_202608/raw/20251201_20251231_p0001.xml,포함: 월별 visitors에 합산,"touDivNm=외지인(b); sido=areaCode, sigungu=signguCode",Together_with_my_dog_cityselection/fetch_tourapi.py:258 summarize_month()
26,2025-12,20251226,520425.5,runs/api_candidates_sido_202509_202608/raw/20251201_20251231_p0001.xml,포함: 월별 visitors에 합산,"touDivNm=외지인(b); sido=areaCode, sigungu=signguCode",Together_with_my_dog_cityselection/fetch_tourapi.py:258 summarize_month()
26,2025-12,20251227,639688.0,runs/api_candidates_sido_202509_202608/raw/20251201_20251231_p0001.xml,포함: 월별 visitors에 합산,"touDivNm=외지인(b); sido=areaCode, sigungu=signguCode",Together_with_my_dog_cityselection/fetch_tourapi.py:258 summarize_month()
26,2025-12,20251228,585539.5,runs/api_candidates_sido_202509_202608/raw/20251201_20251231_p0001.xml,포함: 월별 visitors에 합산,"touDivNm=외지인(b); sido=areaCode, sigungu=signguCode",Together_with_my_dog_cityselection/fetch_tourapi.py:258 summarize_month()
26,2025-12,20251229,465748.5,runs/api_candidates_sido_202509_202608/raw/20251201_20251231_p0001.xml,포함: 월별 visitors에 합산,"touDivNm=외지인(b); sido=areaCode, sigungu=signguCode",Together_with_my_dog_cityselection/fetch_tourapi.py:258 summarize_month()
26,2025-12,20251230,465724.0,runs/api_candidates_sido_202509_202608/raw/20251201_20251231_p0001.xml,포함: 월별 visitors에 합산,"touDivNm=외지인(b); sido=areaCode, sigungu=signguCode",Together_with_my_dog_cityselection/fetch_tourapi.py:258 summarize_month()
26,2025-12,20251231,537393.5,runs/api_candidates_sido_202509_202608/raw/20251201_20251231_p0001.xml,포함: 월별 visitors에 합산,"touDivNm=외지인(b); sido=areaCode, sigungu=signguCode",Together_with_my_dog_cityselection/fetch_tourapi.py:258 summarize_month()
26,2026-01,20260101,508571.0,runs/api_candidates_sido_202509_202608/raw/20260101_20260131_p0001.xml,포함: 월별 visitors에 합산,"touDivNm=외지인(b); sido=areaCode, sigungu=signguCode",Together_with_my_dog_cityselection/fetch_tourapi.py:258 summarize_month()
26,2026-01,20260102,443383.5,runs/api_candidates_sido_202509_202608/raw/20260101_20260131_p0001.xml,포함: 월별 visitors에 합산,"touDivNm=외지인(b); sido=areaCode, sigungu=signguCode",Together_with_my_dog_cityselection/fetch_tourapi.py:258 summarize_month()
26,2026-01,20260103,535216.5,runs/api_candidates_sido_202509_202608/raw/20260101_20260131_p0001.xml,포함: 월별 visitors에 합산,"touDivNm=외지인(b); sido=areaCode, sigungu=signguCode",Together_with_my_dog_cityselection/fetch_tourapi.py:258 summarize_month()
26,2026-01,20260104,445942.0,runs/api_candidates_sido_202509_202608/raw/20260101_20260131_p0001.xml,포함: 월별 visitors에 합산,"touDivNm=외지인(b); sido=areaCode, sigungu=signguCode",Together_with_my_dog_cityselection/fetch_tourapi.py:258 summarize_month()
26,2026-01,20260105,318909.5,runs/api_candidates_sido_202509_202608/raw/20260101_20260131_p0001.xml,포함: 월별 visitors에 합산,"touDivNm=외지인(b); sido=areaCode, sigungu=signguCode",Together_with_my_dog_cityselection/fetch_tourapi.py:258 summarize_month()
26,2026-01,20260106,327019.0,runs/api_candidates_sido_202509_202608/raw/20260101_20260131_p0001.xml,포함: 월별 visitors에 합산,"touDivNm=외지인(b); sido=areaCode, sigungu=signguCode",Together_with_my_dog_cityselection/fetch_tourapi.py:258 summarize_month()
26,2026-01,20260107,329423.5,runs/api_candidates_sido_202509_202608/raw/20260101_20260131_p0001.xml,포함: 월별 visitors에 합산,"touDivNm=외지인(b); sido=areaCode, sigungu=signguCode",Together_with_my_dog_cityselection/fetch_tourapi.py:258 summarize_month()
26,2026-01,20260108,342821.5,runs/api_candidates_sido_202509_202608/raw/20260101_20260131_p0001.xml,포함: 월별 visitors에 합산,"touDivNm=외지인(b); sido=areaCode, sigungu=signguCode",Together_with_my_dog_cityselection/fetch_tourapi.py:258 summarize_month()
26,2026-01,20260109,390708.5,runs/api_candidates_sido_202509_202608/raw/20260101_20260131_p0001.xml,포함: 월별 visitors에 합산,"touDivNm=외지인(b); sido=areaCode, sigungu=signguCode",Together_with_my_dog_cityselection/fetch_tourapi.py:258 summarize_month()
26,2026-01,20260110,535608.5,runs/api_candidates_sido_202509_202608/raw/20260101_20260131_p0001.xml,포함: 월별 visitors에 합산,"touDivNm=외지인(b); sido=areaCode, sigungu=signguCode",Together_with_my_dog_cityselection/fetch_tourapi.py:258 summarize_month()
26,2026-01,20260111,479129.0,runs/api_candidates_sido_202509_202608/raw/20260101_20260131_p0001.xml,포함: 월별 visitors에 합산,"touDivNm=외지인(b); sido=areaCode, sigungu=signguCode",Together_with_my_dog_cityselection/fetch_tourapi.py:258 summarize_month()
26,2026-01,20260112,366345.0,runs/api_candidates_sido_202509_202608/raw/20260101_20260131_p0001.xml,포함: 월별 visitors에 합산,"touDivNm=외지인(b); sido=areaCode, sigungu=signguCode",Together_with_my_dog_cityselection/fetch_tourapi.py:258 summarize_month()
26,2026-01,20260113,372949.5,runs/api_candidates_sido_202509_202608/raw/20260101_20260131_p0001.xml,포함: 월별 visitors에 합산,"touDivNm=외지인(b); sido=areaCode, sigungu=signguCode",Together_with_my_dog_cityselection/fetch_tourapi.py:258 summarize_month()
26,2026-01,20260114,374402.0,runs/api_candidates_sido_202509_202608/raw/20260101_20260131_p0001.xml,포함: 월별 visitors에 합산,"touDivNm=외지인(b); sido=areaCode, sigungu=signguCode",Together_with_my_dog_cityselection/fetch_tourapi.py:258 summarize_month()
26,2026-01,20260115,385360.5,runs/api_candidates_sido_202509_202608/raw/20260101_20260131_p0001.xml,포함: 월별 visitors에 합산,"touDivNm=외지인(b); sido=areaCode, sigungu=signguCode",Together_with_my_dog_cityselection/fetch_tourapi.py:258 summarize_month()
26,2026-01,20260116,428592.5,runs/api_candidates_sido_202509_202608/raw/20260101_20260131_p0001.xml,포함: 월별 visitors에 합산,"touDivNm=외지인(b); sido=areaCode, sigungu=signguCode",Together_with_my_dog_cityselection/fetch_tourapi.py:258 summarize_month()
26,2026-01,20260117,572323.5,runs/api_candidates_sido_202509_202608/raw/20260101_20260131_p0001.xml,포함: 월별 visitors에 합산,"touDivNm=외지인(b); sido=areaCode, sigungu=signguCode",Together_with_my_dog_cityselection/fetch_tourapi.py:258 summarize_month()
26,2026-01,20260118,520243.5,runs/api_candidates_sido_202509_202608/raw/20260101_20260131_p0001.xml,포함: 월별 visitors에 합산,"touDivNm=외지인(b); sido=areaCode, sigungu=signguCode",Together_with_my_dog_cityselection/fetch_tourapi.py:258 summarize_month()
26,2026-01,20260119,392136.5,runs/api_candidates_sido_202509_202608/raw/20260101_20260131_p0001.xml,포함: 월별 visitors에 합산,"touDivNm=외지인(b); sido=areaCode, sigungu=signguCode",Together_with_my_dog_cityselection/fetch_tourapi.py:258 summarize_month()
26,2026-01,20260120,388860.5,runs/api_candidates_sido_202509_202608/raw/20260101_20260131_p0001.xml,포함: 월별 visitors에 합산,"touDivNm=외지인(b); sido=areaCode, sigungu=signguCode",Together_with_my_dog_cityselection/fetch_tourapi.py:258 summarize_month()
26,2026-01,20260121,388685.5,runs/api_candidates_sido_202509_202608/raw/20260101_20260131_p0001.xml,포함: 월별 visitors에 합산,"touDivNm=외지인(b); sido=areaCode, sigungu=signguCode",Together_with_my_dog_cityselection/fetch_tourapi.py:258 summarize_month()
26,2026-01,20260122,394450.0,runs/api_candidates_sido_202509_202608/raw/20260101_20260131_p0001.xml,포함: 월별 visitors에 합산,"touDivNm=외지인(b); sido=areaCode, sigungu=signguCode",Together_with_my_dog_cityselection/fetch_tourapi.py:258 summarize_month()
26,2026-01,20260123,446323.5,runs/api_candidates_sido_202509_202608/raw/20260101_20260131_p0001.xml,포함: 월별 visitors에 합산,"touDivNm=외지인(b); sido=areaCode, sigungu=signguCode",Together_with_my_dog_cityselection/fetch_tourapi.py:258 summarize_month()
26,2026-01,20260124,579988.5,runs/api_candidates_sido_202509_202608/raw/20260101_20260131_p0001.xml,포함: 월별 visitors에 합산,"touDivNm=외지인(b); sido=areaCode, sigungu=signguCode",Together_with_my_dog_cityselection/fetch_tourapi.py:258 summarize_month()
26,2026-01,20260125,533358.0,runs/api_candidates_sido_202509_202608/raw/20260101_20260131_p0001.xml,포함: 월별 visitors에 합산,"touDivNm=외지인(b); sido=areaCode, sigungu=signguCode",Together_with_my_dog_cityselection/fetch_tourapi.py:258 summarize_month()
26,2026-01,20260126,409454.5,runs/api_candidates_sido_202509_202608/raw/20260101_20260131_p0001.xml,포함: 월별 visitors에 합산,"touDivNm=외지인(b); sido=areaCode, sigungu=signguCode",Together_with_my_dog_cityselection/fetch_tourapi.py:258 summarize_month()
26,2026-01,20260127,412527.5,runs/api_candidates_sido_202509_202608/raw/20260101_20260131_p0001.xml,포함: 월별 visitors에 합산,"touDivNm=외지인(b); sido=areaCode, sigungu=signguCode",Together_with_my_dog_cityselection/fetch_tourapi.py:258 summarize_month()
26,2026-01,20260128,412608.0,runs/api_candidates_sido_202509_202608/raw/20260101_20260131_p0001.xml,포함: 월별 visitors에 합산,"touDivNm=외지인(b); sido=areaCode, sigungu=signguCode",Together_with_my_dog_cityselection/fetch_tourapi.py:258 summarize_month()
26,2026-01,20260129,419279.0,runs/api_candidates_sido_202509_202608/raw/20260101_20260131_p0001.xml,포함: 월별 visitors에 합산,"touDivNm=외지인(b); sido=areaCode, sigungu=signguCode",Together_with_my_dog_cityselection/fetch_tourapi.py:258 summarize_month()
26,2026-01,20260130,457100.0,runs/api_candidates_sido_202509_202608/raw/20260101_20260131_p0001.xml,포함: 월별 visitors에 합산,"touDivNm=외지인(b); sido=areaCode, sigungu=signguCode",Together_with_my_dog_cityselection/fetch_tourapi.py:258 summarize_month()
26,2026-01,20260131,589897.0,runs/api_candidates_sido_202509_202608/raw/20260101_20260131_p0001.xml,포함: 월별 visitors에 합산,"touDivNm=외지인(b); sido=areaCode, sigungu=signguCode",Together_with_my_dog_cityselection/fetch_tourapi.py:258 summarize_month()
26,2026-02,20260201,432967.5,runs/api_candidates_sido_202509_202608/raw/20260201_20260228_p0001.xml,포함: 월별 visitors에 합산,"touDivNm=외지인(b); sido=areaCode, sigungu=signguCode",Together_with_my_dog_cityselection/fetch_tourapi.py:258 summarize_month()
26,2026-02,20260202,310348.5,runs/api_candidates_sido_202509_202608/raw/20260201_20260228_p0001.xml,포함: 월별 visitors에 합산,"touDivNm=외지인(b); sido=areaCode, sigungu=signguCode",Together_with_my_dog_cityselection/fetch_tourapi.py:258 summarize_month()
26,2026-02,20260203,317117.5,runs/api_candidates_sido_202509_202608/raw/20260201_20260228_p0001.xml,포함: 월별 visitors에 합산,"touDivNm=외지인(b); sido=areaCode, sigungu=signguCode",Together_with_my_dog_cityselection/fetch_tourapi.py:258 summarize_month()
26,2026-02,20260204,327642.0,runs/api_candidates_sido_202509_202608/raw/20260201_20260228_p0001.xml,포함: 월별 visitors에 합산,"touDivNm=외지인(b); sido=areaCode, sigungu=signguCode",Together_with_my_dog_cityselection/fetch_tourapi.py:258 summarize_month()
26,2026-02,20260205,346153.5,runs/api_candidates_sido_202509_202608/raw/20260201_20260228_p0001.xml,포함: 월별 visitors에 합산,"touDivNm=외지인(b); sido=areaCode, sigungu=signguCode",Together_with_my_dog_cityselection/fetch_tourapi.py:258 summarize_month()
26,2026-02,20260206,394443.0,runs/api_candidates_sido_202509_202608/raw/20260201_20260228_p0001.xml,포함: 월별 visitors에 합산,"touDivNm=외지인(b); sido=areaCode, sigungu=signguCode",Together_with_my_dog_cityselection/fetch_tourapi.py:258 summarize_month()
26,2026-02,20260207,534870.0,runs/api_candidates_sido_202509_202608/raw/20260201_20260228_p0001.xml,포함: 월별 visitors에 합산,"touDivNm=외지인(b); sido=areaCode, sigungu=signguCode",Together_with_my_dog_cityselection/fetch_tourapi.py:258 summarize_month()
26,2026-02,20260208,475898.5,runs/api_candidates_sido_202509_202608/raw/20260201_20260228_p0001.xml,포함: 월별 visitors에 합산,"touDivNm=외지인(b); sido=areaCode, sigungu=signguCode",Together_with_my_dog_cityselection/fetch_tourapi.py:258 summarize_month()
26,2026-02,20260209,359793.0,runs/api_candidates_sido_202509_202608/raw/20260201_20260228_p0001.xml,포함: 월별 visitors에 합산,"touDivNm=외지인(b); sido=areaCode, sigungu=signguCode",Together_with_my_dog_cityselection/fetch_tourapi.py:258 summarize_month()
26,2026-02,20260210,357630.0,runs/api_candidates_sido_202509_202608/raw/20260201_20260228_p0001.xml,포함: 월별 visitors에 합산,"touDivNm=외지인(b); sido=areaCode, sigungu=signguCode",Together_with_my_dog_cityselection/fetch_tourapi.py:258 summarize_month()
26,2026-02,20260211,368158.0,runs/api_candidates_sido_202509_202608/raw/20260201_20260228_p0001.xml,포함: 월별 visitors에 합산,"touDivNm=외지인(b); sido=areaCode, sigungu=signguCode",Together_with_my_dog_cityselection/fetch_tourapi.py:258 summarize_month()
26,2026-02,20260212,387047.5,runs/api_candidates_sido_202509_202608/raw/20260201_20260228_p0001.xml,포함: 월별 visitors에 합산,"touDivNm=외지인(b); sido=areaCode, sigungu=signguCode",Together_with_my_dog_cityselection/fetch_tourapi.py:258 summarize_month()
26,2026-02,20260213,449739.5,runs/api_candidates_sido_202509_202608/raw/20260201_20260228_p0001.xml,포함: 월별 visitors에 합산,"touDivNm=외지인(b); sido=areaCode, sigungu=signguCode",Together_with_my_dog_cityselection/fetch_tourapi.py:258 summarize_month()
26,2026-02,20260214,655886.0,runs/api_candidates_sido_202509_202608/raw/20260201_20260228_p0001.xml,포함: 월별 visitors에 합산,"touDivNm=외지인(b); sido=areaCode, sigungu=signguCode",Together_with_my_dog_cityselection/fetch_tourapi.py:258 summarize_month()
26,2026-02,20260215,800317.0,runs/api_candidates_sido_202509_202608/raw/20260201_20260228_p0001.xml,포함: 월별 visitors에 합산,"touDivNm=외지인(b); sido=areaCode, sigungu=signguCode",Together_with_my_dog_cityselection/fetch_tourapi.py:258 summarize_month()
26,2026-02,20260216,876498.0,runs/api_candidates_sido_202509_202608/raw/20260201_20260228_p0001.xml,포함: 월별 visitors에 합산,"touDivNm=외지인(b); sido=areaCode, sigungu=signguCode",Together_with_my_dog_cityselection/fetch_tourapi.py:258 summarize_month()
26,2026-02,20260217,937184.5,runs/api_candidates_sido_202509_202608/raw/20260201_20260228_p0001.xml,포함: 월별 visitors에 합산,"touDivNm=외지인(b); sido=areaCode, sigungu=signguCode",Together_with_my_dog_cityselection/fetch_tourapi.py:258 summarize_month()
26,2026-02,20260218,671884.5,runs/api_candidates_sido_202509_202608/raw/20260201_20260228_p0001.xml,포함: 월별 visitors에 합산,"touDivNm=외지인(b); sido=areaCode, sigungu=signguCode",Together_with_my_dog_cityselection/fetch_tourapi.py:258 summarize_month()
26,2026-02,20260219,479755.5,runs/api_candidates_sido_202509_202608/raw/20260201_20260228_p0001.xml,포함: 월별 visitors에 합산,"touDivNm=외지인(b); sido=areaCode, sigungu=signguCode",Together_with_my_dog_cityselection/fetch_tourapi.py:258 summarize_month()
26,2026-02,20260220,482559.0,runs/api_candidates_sido_202509_202608/raw/20260201_20260228_p0001.xml,포함: 월별 visitors에 합산,"touDivNm=외지인(b); sido=areaCode, sigungu=signguCode",Together_with_my_dog_cityselection/fetch_tourapi.py:258 summarize_month()
26,2026-02,20260221,566814.5,runs/api_candidates_sido_202509_202608/raw/20260201_20260228_p0001.xml,포함: 월별 visitors에 합산,"touDivNm=외지인(b); sido=areaCode, sigungu=signguCode",Together_with_my_dog_cityselection/fetch_tourapi.py:258 summarize_month()
26,2026-02,20260222,514311.0,runs/api_candidates_sido_202509_202608/raw/20260201_20260228_p0001.xml,포함: 월별 visitors에 합산,"touDivNm=외지인(b); sido=areaCode, sigungu=signguCode",Together_with_my_dog_cityselection/fetch_tourapi.py:258 summarize_month()
26,2026-02,20260223,418243.0,runs/api_candidates_sido_202509_202608/raw/20260201_20260228_p0001.xml,포함: 월별 visitors에 합산,"touDivNm=외지인(b); sido=areaCode, sigungu=signguCode",Together_with_my_dog_cityselection/fetch_tourapi.py:258 summarize_month()
26,2026-02,20260224,404278.0,runs/api_candidates_sido_202509_202608/raw/20260201_20260228_p0001.xml,포함: 월별 visitors에 합산,"touDivNm=외지인(b); sido=areaCode, sigungu=signguCode",Together_with_my_dog_cityselection/fetch_tourapi.py:258 summarize_month()
26,2026-02,20260225,426618.5,runs/api_candidates_sido_202509_202608/raw/20260201_20260228_p0001.xml,포함: 월별 visitors에 합산,"touDivNm=외지인(b); sido=areaCode, sigungu=signguCode",Together_with_my_dog_cityselection/fetch_tourapi.py:258 summarize_month()
26,2026-02,20260226,447156.5,runs/api_candidates_sido_202509_202608/raw/20260201_20260228_p0001.xml,포함: 월별 visitors에 합산,"touDivNm=외지인(b); sido=areaCode, sigungu=signguCode",Together_with_my_dog_cityselection/fetch_tourapi.py:258 summarize_month()
26,2026-02,20260227,478096.5,runs/api_candidates_sido_202509_202608/raw/20260201_20260228_p0001.xml,포함: 월별 visitors에 합산,"touDivNm=외지인(b); sido=areaCode, sigungu=signguCode",Together_with_my_dog_cityselection/fetch_tourapi.py:258 summarize_month()
26,2026-02,20260228,645610.0,runs/api_candidates_sido_202509_202608/raw/20260201_20260228_p0001.xml,포함: 월별 visitors에 합산,"touDivNm=외지인(b); sido=areaCode, sigungu=signguCode",Together_with_my_dog_cityselection/fetch_tourapi.py:258 summarize_month()
26,2026-03,20260301,591528.0,runs/api_candidates_sido_202509_202608/raw/20260301_20260331_p0001.xml,포함: 월별 visitors에 합산,"touDivNm=외지인(b); sido=areaCode, sigungu=signguCode",Together_with_my_dog_cityselection/fetch_tourapi.py:258 summarize_month()
26,2026-03,20260302,431511.5,runs/api_candidates_sido_202509_202608/raw/20260301_20260331_p0001.xml,포함: 월별 visitors에 합산,"touDivNm=외지인(b); sido=areaCode, sigungu=signguCode",Together_with_my_dog_cityselection/fetch_tourapi.py:258 summarize_month()
26,2026-03,20260303,353818.5,runs/api_candidates_sido_202509_202608/raw/20260301_20260331_p0001.xml,포함: 월별 visitors에 합산,"touDivNm=외지인(b); sido=areaCode, sigungu=signguCode",Together_with_my_dog_cityselection/fetch_tourapi.py:258 summarize_month()
26,2026-03,20260304,361336.5,runs/api_candidates_sido_202509_202608/raw/20260301_20260331_p0001.xml,포함: 월별 visitors에 합산,"touDivNm=외지인(b); sido=areaCode, sigungu=signguCode",Together_with_my_dog_cityselection/fetch_tourapi.py:258 summarize_month()
26,2026-03,20260305,371220.5,runs/api_candidates_sido_202509_202608/raw/20260301_20260331_p0001.xml,포함: 월별 visitors에 합산,"touDivNm=외지인(b); sido=areaCode, sigungu=signguCode",Together_with_my_dog_cityselection/fetch_tourapi.py:258 summarize_month()
26,2026-03,20260306,400498.0,runs/api_candidates_sido_202509_202608/raw/20260301_20260331_p0001.xml,포함: 월별 visitors에 합산,"touDivNm=외지인(b); sido=areaCode, sigungu=signguCode",Together_with_my_dog_cityselection/fetch_tourapi.py:258 summarize_month()
26,2026-03,20260307,518836.5,runs/api_candidates_sido_202509_202608/raw/20260301_20260331_p0001.xml,포함: 월별 visitors에 합산,"touDivNm=외지인(b); sido=areaCode, sigungu=signguCode",Together_with_my_dog_cityselection/fetch_tourapi.py:258 summarize_month()
26,2026-03,20260308,475244.0,runs/api_candidates_sido_202509_202608/raw/20260301_20260331_p0001.xml,포함: 월별 visitors에 합산,"touDivNm=외지인(b); sido=areaCode, sigungu=signguCode",Together_with_my_dog_cityselection/fetch_tourapi.py:258 summarize_month()
26,2026-03,20260309,386736.0,runs/api_candidates_sido_202509_202608/raw/20260301_20260331_p0001.xml,포함: 월별 visitors에 합산,"touDivNm=외지인(b); sido=areaCode, sigungu=signguCode",Together_with_my_dog_cityselection/fetch_tourapi.py:258 summarize_month()
26,2026-03,20260310,396693.5,runs/api_candidates_sido_202509_202608/raw/20260301_20260331_p0001.xml,포함: 월별 visitors에 합산,"touDivNm=외지인(b); sido=areaCode, sigungu=signguCode",Together_with_my_dog_cityselection/fetch_tourapi.py:258 summarize_month()
26,2026-03,20260311,402493.0,runs/api_candidates_sido_202509_202608/raw/20260301_20260331_p0001.xml,포함: 월별 visitors에 합산,"touDivNm=외지인(b); sido=areaCode, sigungu=signguCode",Together_with_my_dog_cityselection/fetch_tourapi.py:258 summarize_month()
26,2026-03,20260312,411883.5,runs/api_candidates_sido_202509_202608/raw/20260301_20260331_p0001.xml,포함: 월별 visitors에 합산,"touDivNm=외지인(b); sido=areaCode, sigungu=signguCode",Together_with_my_dog_cityselection/fetch_tourapi.py:258 summarize_month()
26,2026-03,20260313,446022.5,runs/api_candidates_sido_202509_202608/raw/20260301_20260331_p0001.xml,포함: 월별 visitors에 합산,"touDivNm=외지인(b); sido=areaCode, sigungu=signguCode",Together_with_my_dog_cityselection/fetch_tourapi.py:258 summarize_month()
26,2026-03,20260314,577272.5,runs/api_candidates_sido_202509_202608/raw/20260301_20260331_p0001.xml,포함: 월별 visitors에 합산,"touDivNm=외지인(b); sido=areaCode, sigungu=signguCode",Together_with_my_dog_cityselection/fetch_tourapi.py:258 summarize_month()
26,2026-03,20260315,522602.5,runs/api_candidates_sido_202509_202608/raw/20260301_20260331_p0001.xml,포함: 월별 visitors에 합산,"touDivNm=외지인(b); sido=areaCode, sigungu=signguCode",Together_with_my_dog_cityselection/fetch_tourapi.py:258 summarize_month()
26,2026-03,20260316,416654.0,runs/api_candidates_sido_202509_202608/raw/20260301_20260331_p0001.xml,포함: 월별 visitors에 합산,"touDivNm=외지인(b); sido=areaCode, sigungu=signguCode",Together_with_my_dog_cityselection/fetch_tourapi.py:258 summarize_month()
26,2026-03,20260317,423188.5,runs/api_candidates_sido_202509_202608/raw/20260301_20260331_p0001.xml,포함: 월별 visitors에 합산,"touDivNm=외지인(b); sido=areaCode, sigungu=signguCode",Together_with_my_dog_cityselection/fetch_tourapi.py:258 summarize_month()
26,2026-03,20260318,417634.0,runs/api_candidates_sido_202509_202608/raw/20260301_20260331_p0001.xml,포함: 월별 visitors에 합산,"touDivNm=외지인(b); sido=areaCode, sigungu=signguCode",Together_with_my_dog_cityselection/fetch_tourapi.py:258 summarize_month()
26,2026-03,20260319,441007.0,runs/api_candidates_sido_202509_202608/raw/20260301_20260331_p0001.xml,포함: 월별 visitors에 합산,"touDivNm=외지인(b); sido=areaCode, sigungu=signguCode",Together_with_my_dog_cityselection/fetch_tourapi.py:258 summarize_month()
26,2026-03,20260320,481040.0,runs/api_candidates_sido_202509_202608/raw/20260301_20260331_p0001.xml,포함: 월별 visitors에 합산,"touDivNm=외지인(b); sido=areaCode, sigungu=signguCode",Together_with_my_dog_cityselection/fetch_tourapi.py:258 summarize_month()
26,2026-03,20260321,605612.0,runs/api_candidates_sido_202509_202608/raw/20260301_20260331_p0001.xml,포함: 월별 visitors에 합산,"touDivNm=외지인(b); sido=areaCode, sigungu=signguCode",Together_with_my_dog_cityselection/fetch_tourapi.py:258 summarize_month()
26,2026-03,20260322,554057.0,runs/api_candidates_sido_202509_202608/raw/20260301_20260331_p0001.xml,포함: 월별 visitors에 합산,"touDivNm=외지인(b); sido=areaCode, sigungu=signguCode",Together_with_my_dog_cityselection/fetch_tourapi.py:258 summarize_month()
26,2026-03,20260323,437528.0,runs/api_candidates_sido_202509_202608/raw/20260301_20260331_p0001.xml,포함: 월별 visitors에 합산,"touDivNm=외지인(b); sido=areaCode, sigungu=signguCode",Together_with_my_dog_cityselection/fetch_tourapi.py:258 summarize_month()
26,2026-03,20260324,439425.0,runs/api_candidates_sido_202509_202608/raw/20260301_20260331_p0001.xml,포함: 월별 visitors에 합산,"touDivNm=외지인(b); sido=areaCode, sigungu=signguCode",Together_with_my_dog_cityselection/fetch_tourapi.py:258 summarize_month()
26,2026-03,20260325,443443.0,runs/api_candidates_sido_202509_202608/raw/20260301_20260331_p0001.xml,포함: 월별 visitors에 합산,"touDivNm=외지인(b); sido=areaCode, sigungu=signguCode",Together_with_my_dog_cityselection/fetch_tourapi.py:258 summarize_month()
26,2026-03,20260326,461944.0,runs/api_candidates_sido_202509_202608/raw/20260301_20260331_p0001.xml,포함: 월별 visitors에 합산,"touDivNm=외지인(b); sido=areaCode, sigungu=signguCode",Together_with_my_dog_cityselection/fetch_tourapi.py:258 summarize_month()
26,2026-03,20260327,504952.0,runs/api_candidates_sido_202509_202608/raw/20260301_20260331_p0001.xml,포함: 월별 visitors에 합산,"touDivNm=외지인(b); sido=areaCode, sigungu=signguCode",Together_with_my_dog_cityselection/fetch_tourapi.py:258 summarize_month()
26,2026-03,20260328,634347.0,runs/api_candidates_sido_202509_202608/raw/20260301_20260331_p0001.xml,포함: 월별 visitors에 합산,"touDivNm=외지인(b); sido=areaCode, sigungu=signguCode",Together_with_my_dog_cityselection/fetch_tourapi.py:258 summarize_month()
26,2026-03,20260329,572197.5,runs/api_candidates_sido_202509_202608/raw/20260301_20260331_p0001.xml,포함: 월별 visitors에 합산,"touDivNm=외지인(b); sido=areaCode, sigungu=signguCode",Together_with_my_dog_cityselection/fetch_tourapi.py:258 summarize_month()
26,2026-03,20260330,454993.0,runs/api_candidates_sido_202509_202608/raw/20260301_20260331_p0001.xml,포함: 월별 visitors에 합산,"touDivNm=외지인(b); sido=areaCode, sigungu=signguCode",Together_with_my_dog_cityselection/fetch_tourapi.py:258 summarize_month()
26,2026-03,20260331,449767.5,runs/api_candidates_sido_202509_202608/raw/20260301_20260331_p0001.xml,포함: 월별 visitors에 합산,"touDivNm=외지인(b); sido=areaCode, sigungu=signguCode",Together_with_my_dog_cityselection/fetch_tourapi.py:258 summarize_month()
26,2026-04,20260401,270224.5,runs/api_candidates_sido_202509_202608/raw/20260401_20260430_p0001.xml,포함: 월별 visitors에 합산,"touDivNm=외지인(b); sido=areaCode, sigungu=signguCode",Together_with_my_dog_cityselection/fetch_tourapi.py:258 summarize_month()
26,2026-04,20260402,293636.0,runs/api_candidates_sido_202509_202608/raw/20260401_20260430_p0001.xml,포함: 월별 visitors에 합산,"touDivNm=외지인(b); sido=areaCode, sigungu=signguCode",Together_with_my_dog_cityselection/fetch_tourapi.py:258 summarize_month()
26,2026-04,20260403,356783.0,runs/api_candidates_sido_202509_202608/raw/20260401_20260430_p0001.xml,포함: 월별 visitors에 합산,"touDivNm=외지인(b); sido=areaCode, sigungu=signguCode",Together_with_my_dog_cityselection/fetch_tourapi.py:258 summarize_month()
26,2026-04,20260404,470515.5,runs/api_candidates_sido_202509_202608/raw/20260401_20260430_p0001.xml,포함: 월별 visitors에 합산,"touDivNm=외지인(b); sido=areaCode, sigungu=signguCode",Together_with_my_dog_cityselection/fetch_tourapi.py:258 summarize_month()
26,2026-04,20260405,450387.0,runs/api_candidates_sido_202509_202608/raw/20260401_20260430_p0001.xml,포함: 월별 visitors에 합산,"touDivNm=외지인(b); sido=areaCode, sigungu=signguCode",Together_with_my_dog_cityselection/fetch_tourapi.py:258 summarize_month()
26,2026-04,20260406,294269.5,runs/api_candidates_sido_202509_202608/raw/20260401_20260430_p0001.xml,포함: 월별 visitors에 합산,"touDivNm=외지인(b); sido=areaCode, sigungu=signguCode",Together_with_my_dog_cityselection/fetch_tourapi.py:258 summarize_month()
26,2026-04,20260407,299019.0,runs/api_candidates_sido_202509_202608/raw/20260401_20260430_p0001.xml,포함: 월별 visitors에 합산,"touDivNm=외지인(b); sido=areaCode, sigungu=signguCode",Together_with_my_dog_cityselection/fetch_tourapi.py:258 summarize_month()
26,2026-04,20260408,304990.0,runs/api_candidates_sido_202509_202608/raw/20260401_20260430_p0001.xml,포함: 월별 visitors에 합산,"touDivNm=외지인(b); sido=areaCode, sigungu=signguCode",Together_with_my_dog_cityselection/fetch_tourapi.py:258 summarize_month()
26,2026-04,20260409,293506.5,runs/api_candidates_sido_202509_202608/raw/20260401_20260430_p0001.xml,포함: 월별 visitors에 합산,"touDivNm=외지인(b); sido=areaCode, sigungu=signguCode",Together_with_my_dog_cityselection/fetch_tourapi.py:258 summarize_month()
26,2026-04,20260410,374087.0,runs/api_candidates_sido_202509_202608/raw/20260401_20260430_p0001.xml,포함: 월별 visitors에 합산,"touDivNm=외지인(b); sido=areaCode, sigungu=signguCode",Together_with_my_dog_cityselection/fetch_tourapi.py:258 summarize_month()
26,2026-04,20260411,519407.0,runs/api_candidates_sido_202509_202608/raw/20260401_20260430_p0001.xml,포함: 월별 visitors에 합산,"touDivNm=외지인(b); sido=areaCode, sigungu=signguCode",Together_with_my_dog_cityselection/fetch_tourapi.py:258 summarize_month()
26,2026-04,20260412,458734.5,runs/api_candidates_sido_202509_202608/raw/20260401_20260430_p0001.xml,포함: 월별 visitors에 합산,"touDivNm=외지인(b); sido=areaCode, sigungu=signguCode",Together_with_my_dog_cityselection/fetch_tourapi.py:258 summarize_month()
26,2026-04,20260413,319025.0,runs/api_candidates_sido_202509_202608/raw/20260401_20260430_p0001.xml,포함: 월별 visitors에 합산,"touDivNm=외지인(b); sido=areaCode, sigungu=signguCode",Together_with_my_dog_cityselection/fetch_tourapi.py:258 summarize_month()
26,2026-04,20260414,313547.5,runs/api_candidates_sido_202509_202608/raw/20260401_20260430_p0001.xml,포함: 월별 visitors에 합산,"touDivNm=외지인(b); sido=areaCode, sigungu=signguCode",Together_with_my_dog_cityselection/fetch_tourapi.py:258 summarize_month()
26,2026-04,20260415,325447.5,runs/api_candidates_sido_202509_202608/raw/20260401_20260430_p0001.xml,포함: 월별 visitors에 합산,"touDivNm=외지인(b); sido=areaCode, sigungu=signguCode",Together_with_my_dog_cityselection/fetch_tourapi.py:258 summarize_month()
26,2026-04,20260416,341096.0,runs/api_candidates_sido_202509_202608/raw/20260401_20260430_p0001.xml,포함: 월별 visitors에 합산,"touDivNm=외지인(b); sido=areaCode, sigungu=signguCode",Together_with_my_dog_cityselection/fetch_tourapi.py:258 summarize_month()
26,2026-04,20260417,388398.5,runs/api_candidates_sido_202509_202608/raw/20260401_20260430_p0001.xml,포함: 월별 visitors에 합산,"touDivNm=외지인(b); sido=areaCode, sigungu=signguCode",Together_with_my_dog_cityselection/fetch_tourapi.py:258 summarize_month()
26,2026-04,20260418,536224.5,runs/api_candidates_sido_202509_202608/raw/20260401_20260430_p0001.xml,포함: 월별 visitors에 합산,"touDivNm=외지인(b); sido=areaCode, sigungu=signguCode",Together_with_my_dog_cityselection/fetch_tourapi.py:258 summarize_month()
26,2026-04,20260419,487133.5,runs/api_candidates_sido_202509_202608/raw/20260401_20260430_p0001.xml,포함: 월별 visitors에 합산,"touDivNm=외지인(b); sido=areaCode, sigungu=signguCode",Together_with_my_dog_cityselection/fetch_tourapi.py:258 summarize_month()
26,2026-04,20260420,342772.5,runs/api_candidates_sido_202509_202608/raw/20260401_20260430_p0001.xml,포함: 월별 visitors에 합산,"touDivNm=외지인(b); sido=areaCode, sigungu=signguCode",Together_with_my_dog_cityselection/fetch_tourapi.py:258 summarize_month()
26,2026-04,20260421,340907.0,runs/api_candidates_sido_202509_202608/raw/20260401_20260430_p0001.xml,포함: 월별 visitors에 합산,"touDivNm=외지인(b); sido=areaCode, sigungu=signguCode",Together_with_my_dog_cityselection/fetch_tourapi.py:258 summarize_month()
26,2026-04,20260422,342181.0,runs/api_candidates_sido_202509_202608/raw/20260401_20260430_p0001.xml,포함: 월별 visitors에 합산,"touDivNm=외지인(b); sido=areaCode, sigungu=signguCode",Together_with_my_dog_cityselection/fetch_tourapi.py:258 summarize_month()
26,2026-04,20260423,354697.0,runs/api_candidates_sido_202509_202608/raw/20260401_20260430_p0001.xml,포함: 월별 visitors에 합산,"touDivNm=외지인(b); sido=areaCode, sigungu=signguCode",Together_with_my_dog_cityselection/fetch_tourapi.py:258 summarize_month()
26,2026-04,20260424,420819.0,runs/api_candidates_sido_202509_202608/raw/20260401_20260430_p0001.xml,포함: 월별 visitors에 합산,"touDivNm=외지인(b); sido=areaCode, sigungu=signguCode",Together_with_my_dog_cityselection/fetch_tourapi.py:258 summarize_month()
26,2026-04,20260425,563864.0,runs/api_candidates_sido_202509_202608/raw/20260401_20260430_p0001.xml,포함: 월별 visitors에 합산,"touDivNm=외지인(b); sido=areaCode, sigungu=signguCode",Together_with_my_dog_cityselection/fetch_tourapi.py:258 summarize_month()
26,2026-04,20260426,509439.0,runs/api_candidates_sido_202509_202608/raw/20260401_20260430_p0001.xml,포함: 월별 visitors에 합산,"touDivNm=외지인(b); sido=areaCode, sigungu=signguCode",Together_with_my_dog_cityselection/fetch_tourapi.py:258 summarize_month()
26,2026-04,20260427,365431.5,runs/api_candidates_sido_202509_202608/raw/20260401_20260430_p0001.xml,포함: 월별 visitors에 합산,"touDivNm=외지인(b); sido=areaCode, sigungu=signguCode",Together_with_my_dog_cityselection/fetch_tourapi.py:258 summarize_month()
26,2026-04,20260428,364560.0,runs/api_candidates_sido_202509_202608/raw/20260401_20260430_p0001.xml,포함: 월별 visitors에 합산,"touDivNm=외지인(b); sido=areaCode, sigungu=signguCode",Together_with_my_dog_cityselection/fetch_tourapi.py:258 summarize_month()
26,2026-04,20260429,376649.0,runs/api_candidates_sido_202509_202608/raw/20260401_20260430_p0001.xml,포함: 월별 visitors에 합산,"touDivNm=외지인(b); sido=areaCode, sigungu=signguCode",Together_with_my_dog_cityselection/fetch_tourapi.py:258 summarize_month()
26,2026-04,20260430,437202.5,runs/api_candidates_sido_202509_202608/raw/20260401_20260430_p0001.xml,포함: 월별 visitors에 합산,"touDivNm=외지인(b); sido=areaCode, sigungu=signguCode",Together_with_my_dog_cityselection/fetch_tourapi.py:258 summarize_month()
26,2026-05,20260501,571490.5,runs/api_candidates_sido_202509_202608/raw/20260501_20260531_p0001.xml,포함: 월별 visitors에 합산,"touDivNm=외지인(b); sido=areaCode, sigungu=signguCode",Together_with_my_dog_cityselection/fetch_tourapi.py:258 summarize_month()
26,2026-05,20260502,674173.5,runs/api_candidates_sido_202509_202608/raw/20260501_20260531_p0001.xml,포함: 월별 visitors에 합산,"touDivNm=외지인(b); sido=areaCode, sigungu=signguCode",Together_with_my_dog_cityselection/fetch_tourapi.py:258 summarize_month()
26,2026-05,20260503,582746.5,runs/api_candidates_sido_202509_202608/raw/20260501_20260531_p0001.xml,포함: 월별 visitors에 합산,"touDivNm=외지인(b); sido=areaCode, sigungu=signguCode",Together_with_my_dog_cityselection/fetch_tourapi.py:258 summarize_month()
26,2026-05,20260504,470883.0,runs/api_candidates_sido_202509_202608/raw/20260501_20260531_p0001.xml,포함: 월별 visitors에 합산,"touDivNm=외지인(b); sido=areaCode, sigungu=signguCode",Together_with_my_dog_cityselection/fetch_tourapi.py:258 summarize_month()
26,2026-05,20260505,441588.0,runs/api_candidates_sido_202509_202608/raw/20260501_20260531_p0001.xml,포함: 월별 visitors에 합산,"touDivNm=외지인(b); sido=areaCode, sigungu=signguCode",Together_with_my_dog_cityselection/fetch_tourapi.py:258 summarize_month()
26,2026-05,20260506,302620.5,runs/api_candidates_sido_202509_202608/raw/20260501_20260531_p0001.xml,포함: 월별 visitors에 합산,"touDivNm=외지인(b); sido=areaCode, sigungu=signguCode",Together_with_my_dog_cityselection/fetch_tourapi.py:258 summarize_month()
26,2026-05,20260507,323221.5,runs/api_candidates_sido_202509_202608/raw/20260501_20260531_p0001.xml,포함: 월별 visitors에 합산,"touDivNm=외지인(b); sido=areaCode, sigungu=signguCode",Together_with_my_dog_cityselection/fetch_tourapi.py:258 summarize_month()
26,2026-05,20260508,388006.5,runs/api_candidates_sido_202509_202608/raw/20260501_20260531_p0001.xml,포함: 월별 visitors에 합산,"touDivNm=외지인(b); sido=areaCode, sigungu=signguCode",Together_with_my_dog_cityselection/fetch_tourapi.py:258 summarize_month()
26,2026-05,20260509,546738.5,runs/api_candidates_sido_202509_202608/raw/20260501_20260531_p0001.xml,포함: 월별 visitors에 합산,"touDivNm=외지인(b); sido=areaCode, sigungu=signguCode",Together_with_my_dog_cityselection/fetch_tourapi.py:258 summarize_month()
26,2026-05,20260510,496576.5,runs/api_candidates_sido_202509_202608/raw/20260501_20260531_p0001.xml,포함: 월별 visitors에 합산,"touDivNm=외지인(b); sido=areaCode, sigungu=signguCode",Together_with_my_dog_cityselection/fetch_tourapi.py:258 summarize_month()
26,2026-05,20260511,335685.0,runs/api_candidates_sido_202509_202608/raw/20260501_20260531_p0001.xml,포함: 월별 visitors에 합산,"touDivNm=외지인(b); sido=areaCode, sigungu=signguCode",Together_with_my_dog_cityselection/fetch_tourapi.py:258 summarize_month()
26,2026-05,20260512,332734.5,runs/api_candidates_sido_202509_202608/raw/20260501_20260531_p0001.xml,포함: 월별 visitors에 합산,"touDivNm=외지인(b); sido=areaCode, sigungu=signguCode",Together_with_my_dog_cityselection/fetch_tourapi.py:258 summarize_month()
26,2026-05,20260513,348796.0,runs/api_candidates_sido_202509_202608/raw/20260501_20260531_p0001.xml,포함: 월별 visitors에 합산,"touDivNm=외지인(b); sido=areaCode, sigungu=signguCode",Together_with_my_dog_cityselection/fetch_tourapi.py:258 summarize_month()
26,2026-05,20260514,358501.5,runs/api_candidates_sido_202509_202608/raw/20260501_20260531_p0001.xml,포함: 월별 visitors에 합산,"touDivNm=외지인(b); sido=areaCode, sigungu=signguCode",Together_with_my_dog_cityselection/fetch_tourapi.py:258 summarize_month()
26,2026-05,20260515,412223.0,runs/api_candidates_sido_202509_202608/raw/20260501_20260531_p0001.xml,포함: 월별 visitors에 합산,"touDivNm=외지인(b); sido=areaCode, sigungu=signguCode",Together_with_my_dog_cityselection/fetch_tourapi.py:258 summarize_month()
26,2026-05,20260516,565348.0,runs/api_candidates_sido_202509_202608/raw/20260501_20260531_p0001.xml,포함: 월별 visitors에 합산,"touDivNm=외지인(b); sido=areaCode, sigungu=signguCode",Together_with_my_dog_cityselection/fetch_tourapi.py:258 summarize_month()
26,2026-05,20260517,519921.5,runs/api_candidates_sido_202509_202608/raw/20260501_20260531_p0001.xml,포함: 월별 visitors에 합산,"touDivNm=외지인(b); sido=areaCode, sigungu=signguCode",Together_with_my_dog_cityselection/fetch_tourapi.py:258 summarize_month()
26,2026-05,20260518,355344.5,runs/api_candidates_sido_202509_202608/raw/20260501_20260531_p0001.xml,포함: 월별 visitors에 합산,"touDivNm=외지인(b); sido=areaCode, sigungu=signguCode",Together_with_my_dog_cityselection/fetch_tourapi.py:258 summarize_month()
26,2026-05,20260519,349695.5,runs/api_candidates_sido_202509_202608/raw/20260501_20260531_p0001.xml,포함: 월별 visitors에 합산,"touDivNm=외지인(b); sido=areaCode, sigungu=signguCode",Together_with_my_dog_cityselection/fetch_tourapi.py:258 summarize_month()
26,2026-05,20260520,346262.0,runs/api_candidates_sido_202509_202608/raw/20260501_20260531_p0001.xml,포함: 월별 visitors에 합산,"touDivNm=외지인(b); sido=areaCode, sigungu=signguCode",Together_with_my_dog_cityselection/fetch_tourapi.py:258 summarize_month()
26,2026-05,20260521,371948.5,runs/api_candidates_sido_202509_202608/raw/20260501_20260531_p0001.xml,포함: 월별 visitors에 합산,"touDivNm=외지인(b); sido=areaCode, sigungu=signguCode",Together_with_my_dog_cityselection/fetch_tourapi.py:258 summarize_month()
26,2026-05,20260522,464824.5,runs/api_candidates_sido_202509_202608/raw/20260501_20260531_p0001.xml,포함: 월별 visitors에 합산,"touDivNm=외지인(b); sido=areaCode, sigungu=signguCode",Together_with_my_dog_cityselection/fetch_tourapi.py:258 summarize_month()
26,2026-05,20260523,645883.0,runs/api_candidates_sido_202509_202608/raw/20260501_20260531_p0001.xml,포함: 월별 visitors에 합산,"touDivNm=외지인(b); sido=areaCode, sigungu=signguCode",Together_with_my_dog_cityselection/fetch_tourapi.py:258 summarize_month()
26,2026-05,20260524,671793.5,runs/api_candidates_sido_202509_202608/raw/20260501_20260531_p0001.xml,포함: 월별 visitors에 합산,"touDivNm=외지인(b); sido=areaCode, sigungu=signguCode",Together_with_my_dog_cityselection/fetch_tourapi.py:258 summarize_month()
26,2026-05,20260525,528279.5,runs/api_candidates_sido_202509_202608/raw/20260501_20260531_p0001.xml,포함: 월별 visitors에 합산,"touDivNm=외지인(b); sido=areaCode, sigungu=signguCode",Together_with_my_dog_cityselection/fetch_tourapi.py:258 summarize_month()
26,2026-05,20260526,377804.0,runs/api_candidates_sido_202509_202608/raw/20260501_20260531_p0001.xml,포함: 월별 visitors에 합산,"touDivNm=외지인(b); sido=areaCode, sigungu=signguCode",Together_with_my_dog_cityselection/fetch_tourapi.py:258 summarize_month()
26,2026-05,20260527,366985.5,runs/api_candidates_sido_202509_202608/raw/20260501_20260531_p0001.xml,포함: 월별 visitors에 합산,"touDivNm=외지인(b); sido=areaCode, sigungu=signguCode",Together_with_my_dog_cityselection/fetch_tourapi.py:258 summarize_month()
26,2026-05,20260528,392479.5,runs/api_candidates_sido_202509_202608/raw/20260501_20260531_p0001.xml,포함: 월별 visitors에 합산,"touDivNm=외지인(b); sido=areaCode, sigungu=signguCode",Together_with_my_dog_cityselection/fetch_tourapi.py:258 summarize_month()
26,2026-05,20260529,435330.0,runs/api_candidates_sido_202509_202608/raw/20260501_20260531_p0001.xml,포함: 월별 visitors에 합산,"touDivNm=외지인(b); sido=areaCode, sigungu=signguCode",Together_with_my_dog_cityselection/fetch_tourapi.py:258 summarize_month()
26,2026-05,20260530,560679.0,runs/api_candidates_sido_202509_202608/raw/20260501_20260531_p0001.xml,포함: 월별 visitors에 합산,"touDivNm=외지인(b); sido=areaCode, sigungu=signguCode",Together_with_my_dog_cityselection/fetch_tourapi.py:258 summarize_month()
26,2026-05,20260531,509054.0,runs/api_candidates_sido_202509_202608/raw/20260501_20260531_p0001.xml,포함: 월별 visitors에 합산,"touDivNm=외지인(b); sido=areaCode, sigungu=signguCode",Together_with_my_dog_cityselection/fetch_tourapi.py:258 summarize_month()
26,2026-06,20260601,282331.0,runs/api_candidates_sido_202509_202608/raw/20260601_20260630_p0001.xml,포함: 월별 visitors에 합산,"touDivNm=외지인(b); sido=areaCode, sigungu=signguCode",Together_with_my_dog_cityselection/fetch_tourapi.py:258 summarize_month()
26,2026-06,20260602,289674.0,runs/api_candidates_sido_202509_202608/raw/20260601_20260630_p0001.xml,포함: 월별 visitors에 합산,"touDivNm=외지인(b); sido=areaCode, sigungu=signguCode",Together_with_my_dog_cityselection/fetch_tourapi.py:258 summarize_month()
26,2026-06,20260603,347826.5,runs/api_candidates_sido_202509_202608/raw/20260601_20260630_p0001.xml,포함: 월별 visitors에 합산,"touDivNm=외지인(b); sido=areaCode, sigungu=signguCode",Together_with_my_dog_cityselection/fetch_tourapi.py:258 summarize_month()
26,2026-06,20260604,310919.0,runs/api_candidates_sido_202509_202608/raw/20260601_20260630_p0001.xml,포함: 월별 visitors에 합산,"touDivNm=외지인(b); sido=areaCode, sigungu=signguCode",Together_with_my_dog_cityselection/fetch_tourapi.py:258 summarize_month()
26,2026-06,20260605,370356.0,runs/api_candidates_sido_202509_202608/raw/20260601_20260630_p0001.xml,포함: 월별 visitors에 합산,"touDivNm=외지인(b); sido=areaCode, sigungu=signguCode",Together_with_my_dog_cityselection/fetch_tourapi.py:258 summarize_month()
26,2026-06,20260606,510524.0,runs/api_candidates_sido_202509_202608/raw/20260601_20260630_p0001.xml,포함: 월별 visitors에 합산,"touDivNm=외지인(b); sido=areaCode, sigungu=signguCode",Together_with_my_dog_cityselection/fetch_tourapi.py:258 summarize_month()
26,2026-06,20260607,438634.0,runs/api_candidates_sido_202509_202608/raw/20260601_20260630_p0001.xml,포함: 월별 visitors에 합산,"touDivNm=외지인(b); sido=areaCode, sigungu=signguCode",Together_with_my_dog_cityselection/fetch_tourapi.py:258 summarize_month()
26,2026-06,20260608,315266.0,runs/api_candidates_sido_202509_202608/raw/20260601_20260630_p0001.xml,포함: 월별 visitors에 합산,"touDivNm=외지인(b); sido=areaCode, sigungu=signguCode",Together_with_my_dog_cityselection/fetch_tourapi.py:258 summarize_month()
26,2026-06,20260609,326592.0,runs/api_candidates_sido_202509_202608/raw/20260601_20260630_p0001.xml,포함: 월별 visitors에 합산,"touDivNm=외지인(b); sido=areaCode, sigungu=signguCode",Together_with_my_dog_cityselection/fetch_tourapi.py:258 summarize_month()
26,2026-06,20260610,334222.0,runs/api_candidates_sido_202509_202608/raw/20260601_20260630_p0001.xml,포함: 월별 visitors에 합산,"touDivNm=외지인(b); sido=areaCode, sigungu=signguCode",Together_with_my_dog_cityselection/fetch_tourapi.py:258 summarize_month()
26,2026-06,20260611,339195.5,runs/api_candidates_sido_202509_202608/raw/20260601_20260630_p0001.xml,포함: 월별 visitors에 합산,"touDivNm=외지인(b); sido=areaCode, sigungu=signguCode",Together_with_my_dog_cityselection/fetch_tourapi.py:258 summarize_month()
26,2026-06,20260612,373285.5,runs/api_candidates_sido_202509_202608/raw/20260601_20260630_p0001.xml,포함: 월별 visitors에 합산,"touDivNm=외지인(b); sido=areaCode, sigungu=signguCode",Together_with_my_dog_cityselection/fetch_tourapi.py:258 summarize_month()
26,2026-06,20260613,498879.5,runs/api_candidates_sido_202509_202608/raw/20260601_20260630_p0001.xml,포함: 월별 visitors에 합산,"touDivNm=외지인(b); sido=areaCode, sigungu=signguCode",Together_with_my_dog_cityselection/fetch_tourapi.py:258 summarize_month()
26,2026-06,20260614,439106.5,runs/api_candidates_sido_202509_202608/raw/20260601_20260630_p0001.xml,포함: 월별 visitors에 합산,"touDivNm=외지인(b); sido=areaCode, sigungu=signguCode",Together_with_my_dog_cityselection/fetch_tourapi.py:258 summarize_month()
26,2026-06,20260615,343129.5,runs/api_candidates_sido_202509_202608/raw/20260601_20260630_p0001.xml,포함: 월별 visitors에 합산,"touDivNm=외지인(b); sido=areaCode, sigungu=signguCode",Together_with_my_dog_cityselection/fetch_tourapi.py:258 summarize_month()
26,2026-06,20260616,347599.0,runs/api_candidates_sido_202509_202608/raw/20260601_20260630_p0001.xml,포함: 월별 visitors에 합산,"touDivNm=외지인(b); sido=areaCode, sigungu=signguCode",Together_with_my_dog_cityselection/fetch_tourapi.py:258 summarize_month()
26,2026-06,20260617,354938.5,runs/api_candidates_sido_202509_202608/raw/20260601_20260630_p0001.xml,포함: 월별 visitors에 합산,"touDivNm=외지인(b); sido=areaCode, sigungu=signguCode",Together_with_my_dog_cityselection/fetch_tourapi.py:258 summarize_month()
26,2026-06,20260618,370741.0,runs/api_candidates_sido_202509_202608/raw/20260601_20260630_p0001.xml,포함: 월별 visitors에 합산,"touDivNm=외지인(b); sido=areaCode, sigungu=signguCode",Together_with_my_dog_cityselection/fetch_tourapi.py:258 summarize_month()
26,2026-06,20260619,414739.5,runs/api_candidates_sido_202509_202608/raw/20260601_20260630_p0001.xml,포함: 월별 visitors에 합산,"touDivNm=외지인(b); sido=areaCode, sigungu=signguCode",Together_with_my_dog_cityselection/fetch_tourapi.py:258 summarize_month()
26,2026-06,20260620,529959.5,runs/api_candidates_sido_202509_202608/raw/20260601_20260630_p0001.xml,포함: 월별 visitors에 합산,"touDivNm=외지인(b); sido=areaCode, sigungu=signguCode",Together_with_my_dog_cityselection/fetch_tourapi.py:258 summarize_month()
26,2026-06,20260621,492009.0,runs/api_candidates_sido_202509_202608/raw/20260601_20260630_p0001.xml,포함: 월별 visitors에 합산,"touDivNm=외지인(b); sido=areaCode, sigungu=signguCode",Together_with_my_dog_cityselection/fetch_tourapi.py:258 summarize_month()
26,2026-06,20260622,379211.0,runs/api_candidates_sido_202509_202608/raw/20260601_20260630_p0001.xml,포함: 월별 visitors에 합산,"touDivNm=외지인(b); sido=areaCode, sigungu=signguCode",Together_with_my_dog_cityselection/fetch_tourapi.py:258 summarize_month()
26,2026-06,20260623,385882.0,runs/api_candidates_sido_202509_202608/raw/20260601_20260630_p0001.xml,포함: 월별 visitors에 합산,"touDivNm=외지인(b); sido=areaCode, sigungu=signguCode",Together_with_my_dog_cityselection/fetch_tourapi.py:258 summarize_month()
26,2026-06,20260624,392602.0,runs/api_candidates_sido_202509_202608/raw/20260601_20260630_p0001.xml,포함: 월별 visitors에 합산,"touDivNm=외지인(b); sido=areaCode, sigungu=signguCode",Together_with_my_dog_cityselection/fetch_tourapi.py:258 summarize_month()
26,2026-06,20260625,407519.0,runs/api_candidates_sido_202509_202608/raw/20260601_20260630_p0001.xml,포함: 월별 visitors에 합산,"touDivNm=외지인(b); sido=areaCode, sigungu=signguCode",Together_with_my_dog_cityselection/fetch_tourapi.py:258 summarize_month()
26,2026-06,20260626,465101.0,runs/api_candidates_sido_202509_202608/raw/20260601_20260630_p0001.xml,포함: 월별 visitors에 합산,"touDivNm=외지인(b); sido=areaCode, sigungu=signguCode",Together_with_my_dog_cityselection/fetch_tourapi.py:258 summarize_month()
26,2026-06,20260627,595518.0,runs/api_candidates_sido_202509_202608/raw/20260601_20260630_p0001.xml,포함: 월별 visitors에 합산,"touDivNm=외지인(b); sido=areaCode, sigungu=signguCode",Together_with_my_dog_cityselection/fetch_tourapi.py:258 summarize_month()
26,2026-06,20260628,547802.5,runs/api_candidates_sido_202509_202608/raw/20260601_20260630_p0001.xml,포함: 월별 visitors에 합산,"touDivNm=외지인(b); sido=areaCode, sigungu=signguCode",Together_with_my_dog_cityselection/fetch_tourapi.py:258 summarize_month()
26,2026-06,20260629,411691.0,runs/api_candidates_sido_202509_202608/raw/20260601_20260630_p0001.xml,포함: 월별 visitors에 합산,"touDivNm=외지인(b); sido=areaCode, sigungu=signguCode",Together_with_my_dog_cityselection/fetch_tourapi.py:258 summarize_month()
26,2026-06,20260630,400120.0,runs/api_candidates_sido_202509_202608/raw/20260601_20260630_p0001.xml,포함: 월별 visitors에 합산,"touDivNm=외지인(b); sido=areaCode, sigungu=signguCode",Together_with_my_dog_cityselection/fetch_tourapi.py:258 summarize_month()
26,2026-07,20260701,290199.0,runs/api_candidates_sido_202509_202608/raw/20260701_20260731_p0001.xml,포함: 월별 visitors에 합산,"touDivNm=외지인(b); sido=areaCode, sigungu=signguCode",Together_with_my_dog_cityselection/fetch_tourapi.py:258 summarize_month()
26,2026-07,20260702,319854.5,runs/api_candidates_sido_202509_202608/raw/20260701_20260731_p0001.xml,포함: 월별 visitors에 합산,"touDivNm=외지인(b); sido=areaCode, sigungu=signguCode",Together_with_my_dog_cityselection/fetch_tourapi.py:258 summarize_month()
26,2026-07,20260703,379172.5,runs/api_candidates_sido_202509_202608/raw/20260701_20260731_p0001.xml,포함: 월별 visitors에 합산,"touDivNm=외지인(b); sido=areaCode, sigungu=signguCode",Together_with_my_dog_cityselection/fetch_tourapi.py:258 summarize_month()
26,2026-07,20260704,525630.0,runs/api_candidates_sido_202509_202608/raw/20260701_20260731_p0001.xml,포함: 월별 visitors에 합산,"touDivNm=외지인(b); sido=areaCode, sigungu=signguCode",Together_with_my_dog_cityselection/fetch_tourapi.py:258 summarize_month()
26,2026-07,20260705,465633.0,runs/api_candidates_sido_202509_202608/raw/20260701_20260731_p0001.xml,포함: 월별 visitors에 합산,"touDivNm=외지인(b); sido=areaCode, sigungu=signguCode",Together_with_my_dog_cityselection/fetch_tourapi.py:258 summarize_month()
26,2026-07,20260706,333648.0,runs/api_candidates_sido_202509_202608/raw/20260701_20260731_p0001.xml,포함: 월별 visitors에 합산,"touDivNm=외지인(b); sido=areaCode, sigungu=signguCode",Together_with_my_dog_cityselection/fetch_tourapi.py:258 summarize_month()
26,2026-07,20260707,334761.0,runs/api_candidates_sido_202509_202608/raw/20260701_20260731_p0001.xml,포함: 월별 visitors에 합산,"touDivNm=외지인(b); sido=areaCode, sigungu=signguCode",Together_with_my_dog_cityselection/fetch_tourapi.py:258 summarize_month()
26,2026-07,20260708,342097.0,runs/api_candidates_sido_202509_202608/raw/20260701_20260731_p0001.xml,포함: 월별 visitors에 합산,"touDivNm=외지인(b); sido=areaCode, sigungu=signguCode",Together_with_my_dog_cityselection/fetch_tourapi.py:258 summarize_month()
26,2026-07,20260709,354060.0,runs/api_candidates_sido_202509_202608/raw/20260701_20260731_p0001.xml,포함: 월별 visitors에 합산,"touDivNm=외지인(b); sido=areaCode, sigungu=signguCode",Together_with_my_dog_cityselection/fetch_tourapi.py:258 summarize_month()
26,2026-07,20260710,400914.5,runs/api_candidates_sido_202509_202608/raw/20260701_20260731_p0001.xml,포함: 월별 visitors에 합산,"touDivNm=외지인(b); sido=areaCode, sigungu=signguCode",Together_with_my_dog_cityselection/fetch_tourapi.py:258 summarize_month()
26,2026-07,20260711,542398.5,runs/api_candidates_sido_202509_202608/raw/20260701_20260731_p0001.xml,포함: 월별 visitors에 합산,"touDivNm=외지인(b); sido=areaCode, sigungu=signguCode",Together_with_my_dog_cityselection/fetch_tourapi.py:258 summarize_month()
26,2026-07,20260712,492940.0,runs/api_candidates_sido_202509_202608/raw/20260701_20260731_p0001.xml,포함: 월별 visitors에 합산,"touDivNm=외지인(b); sido=areaCode, sigungu=signguCode",Together_with_my_dog_cityselection/fetch_tourapi.py:258 summarize_month()
26,2026-07,20260713,359838.5,runs/api_candidates_sido_202509_202608/raw/20260701_20260731_p0001.xml,포함: 월별 visitors에 합산,"touDivNm=외지인(b); sido=areaCode, sigungu=signguCode",Together_with_my_dog_cityselection/fetch_tourapi.py:258 summarize_month()
26,2026-07,20260714,362642.0,runs/api_candidates_sido_202509_202608/raw/20260701_20260731_p0001.xml,포함: 월별 visitors에 합산,"touDivNm=외지인(b); sido=areaCode, sigungu=signguCode",Together_with_my_dog_cityselection/fetch_tourapi.py:258 summarize_month()
26,2026-07,20260715,370286.0,runs/api_candidates_sido_202509_202608/raw/20260701_20260731_p0001.xml,포함: 월별 visitors에 합산,"touDivNm=외지인(b); sido=areaCode, sigungu=signguCode",Together_with_my_dog_cityselection/fetch_tourapi.py:258 summarize_month()
26,2026-07,20260716,420693.0,runs/api_candidates_sido_202509_202608/raw/20260701_20260731_p0001.xml,포함: 월별 visitors에 합산,"touDivNm=외지인(b); sido=areaCode, sigungu=signguCode",Together_with_my_dog_cityselection/fetch_tourapi.py:258 summarize_month()
26,2026-07,20260717,574000.0,runs/api_candidates_sido_202509_202608/raw/20260701_20260731_p0001.xml,포함: 월별 visitors에 합산,"touDivNm=외지인(b); sido=areaCode, sigungu=signguCode",Together_with_my_dog_cityselection/fetch_tourapi.py:258 summarize_month()
26,2026-07,20260718,608268.5,runs/api_candidates_sido_202509_202608/raw/20260701_20260731_p0001.xml,포함: 월별 visitors에 합산,"touDivNm=외지인(b); sido=areaCode, sigungu=signguCode",Together_with_my_dog_cityselection/fetch_tourapi.py:258 summarize_month()
26,2026-07,20260719,525210.0,runs/api_candidates_sido_202509_202608/raw/20260701_20260731_p0001.xml,포함: 월별 visitors에 합산,"touDivNm=외지인(b); sido=areaCode, sigungu=signguCode",Together_with_my_dog_cityselection/fetch_tourapi.py:258 summarize_month()
26,2026-07,20260720,384342.0,runs/api_candidates_sido_202509_202608/raw/20260701_20260731_p0001.xml,포함: 월별 visitors에 합산,"touDivNm=외지인(b); sido=areaCode, sigungu=signguCode",Together_with_my_dog_cityselection/fetch_tourapi.py:258 summarize_month()
26,2026-07,20260721,393977.5,runs/api_candidates_sido_202509_202608/raw/20260701_20260731_p0001.xml,포함: 월별 visitors에 합산,"touDivNm=외지인(b); sido=areaCode, sigungu=signguCode",Together_with_my_dog_cityselection/fetch_tourapi.py:258 summarize_month()
26,2026-07,20260722,401761.5,runs/api_candidates_sido_202509_202608/raw/20260701_20260731_p0001.xml,포함: 월별 visitors에 합산,"touDivNm=외지인(b); sido=areaCode, sigungu=signguCode",Together_with_my_dog_cityselection/fetch_tourapi.py:258 summarize_month()
26,2026-07,20260723,416374.0,runs/api_candidates_sido_202509_202608/raw/20260701_20260731_p0001.xml,포함: 월별 visitors에 합산,"touDivNm=외지인(b); sido=areaCode, sigungu=signguCode",Together_with_my_dog_cityselection/fetch_tourapi.py:258 summarize_month()
26,2026-07,20260724,468296.5,runs/api_candidates_sido_202509_202608/raw/20260701_20260731_p0001.xml,포함: 월별 visitors에 합산,"touDivNm=외지인(b); sido=areaCode, sigungu=signguCode",Together_with_my_dog_cityselection/fetch_tourapi.py:258 summarize_month()
26,2026-07,20260725,614894.0,runs/api_candidates_sido_202509_202608/raw/20260701_20260731_p0001.xml,포함: 월별 visitors에 합산,"touDivNm=외지인(b); sido=areaCode, sigungu=signguCode",Together_with_my_dog_cityselection/fetch_tourapi.py:258 summarize_month()
26,2026-07,20260726,571340.0,runs/api_candidates_sido_202509_202608/raw/20260701_20260731_p0001.xml,포함: 월별 visitors에 합산,"touDivNm=외지인(b); sido=areaCode, sigungu=signguCode",Together_with_my_dog_cityselection/fetch_tourapi.py:258 summarize_month()
26,2026-07,20260727,468300.0,runs/api_candidates_sido_202509_202608/raw/20260701_20260731_p0001.xml,포함: 월별 visitors에 합산,"touDivNm=외지인(b); sido=areaCode, sigungu=signguCode",Together_with_my_dog_cityselection/fetch_tourapi.py:258 summarize_month()
26,2026-07,20260728,469784.0,runs/api_candidates_sido_202509_202608/raw/20260701_20260731_p0001.xml,포함: 월별 visitors에 합산,"touDivNm=외지인(b); sido=areaCode, sigungu=signguCode",Together_with_my_dog_cityselection/fetch_tourapi.py:258 summarize_month()
26,2026-07,20260729,496170.5,runs/api_candidates_sido_202509_202608/raw/20260701_20260731_p0001.xml,포함: 월별 visitors에 합산,"touDivNm=외지인(b); sido=areaCode, sigungu=signguCode",Together_with_my_dog_cityselection/fetch_tourapi.py:258 summarize_month()
26,2026-07,20260730,516624.5,runs/api_candidates_sido_202509_202608/raw/20260701_20260731_p0001.xml,포함: 월별 visitors에 합산,"touDivNm=외지인(b); sido=areaCode, sigungu=signguCode",Together_with_my_dog_cityselection/fetch_tourapi.py:258 summarize_month()
26,2026-07,20260731,579386.5,runs/api_candidates_sido_202509_202608/raw/20260701_20260731_p0001.xml,포함: 월별 visitors에 합산,"touDivNm=외지인(b); sido=areaCode, sigungu=signguCode",Together_with_my_dog_cityselection/fetch_tourapi.py:258 summarize_month()
26,2026-08,20260801,594132.0,runs/api_candidates_sido_202509_202608/raw/20260801_20260831_p0001.xml,제외: 2026-08은 15일만 수집됨,"touDivNm=외지인(b); sido=areaCode, sigungu=signguCode",Together_with_my_dog_cityselection/fetch_tourapi.py:258 summarize_month()
26,2026-08,20260802,559972.0,runs/api_candidates_sido_202509_202608/raw/20260801_20260831_p0001.xml,제외: 2026-08은 15일만 수집됨,"touDivNm=외지인(b); sido=areaCode, sigungu=signguCode",Together_with_my_dog_cityselection/fetch_tourapi.py:258 summarize_month()
26,2026-08,20260803,473238.5,runs/api_candidates_sido_202509_202608/raw/20260801_20260831_p0001.xml,제외: 2026-08은 15일만 수집됨,"touDivNm=외지인(b); sido=areaCode, sigungu=signguCode",Together_with_my_dog_cityselection/fetch_tourapi.py:258 summarize_month()
26,2026-08,20260804,450138.5,runs/api_candidates_sido_202509_202608/raw/20260801_20260831_p0001.xml,제외: 2026-08은 15일만 수집됨,"touDivNm=외지인(b); sido=areaCode, sigungu=signguCode",Together_with_my_dog_cityselection/fetch_tourapi.py:258 summarize_month()
26,2026-08,20260805,426205.5,runs/api_candidates_sido_202509_202608/raw/20260801_20260831_p0001.xml,제외: 2026-08은 15일만 수집됨,"touDivNm=외지인(b); sido=areaCode, sigungu=signguCode",Together_with_my_dog_cityselection/fetch_tourapi.py:258 summarize_month()
26,2026-08,20260806,419590.5,runs/api_candidates_sido_202509_202608/raw/20260801_20260831_p0001.xml,제외: 2026-08은 15일만 수집됨,"touDivNm=외지인(b); sido=areaCode, sigungu=signguCode",Together_with_my_dog_cityselection/fetch_tourapi.py:258 summarize_month()
26,2026-08,20260807,453992.0,runs/api_candidates_sido_202509_202608/raw/20260801_20260831_p0001.xml,제외: 2026-08은 15일만 수집됨,"touDivNm=외지인(b); sido=areaCode, sigungu=signguCode",Together_with_my_dog_cityselection/fetch_tourapi.py:258 summarize_month()
26,2026-08,20260808,546563.5,runs/api_candidates_sido_202509_202608/raw/20260801_20260831_p0001.xml,제외: 2026-08은 15일만 수집됨,"touDivNm=외지인(b); sido=areaCode, sigungu=signguCode",Together_with_my_dog_cityselection/fetch_tourapi.py:258 summarize_month()
26,2026-08,20260809,482877.5,runs/api_candidates_sido_202509_202608/raw/20260801_20260831_p0001.xml,제외: 2026-08은 15일만 수집됨,"touDivNm=외지인(b); sido=areaCode, sigungu=signguCode",Together_with_my_dog_cityselection/fetch_tourapi.py:258 summarize_month()
26,2026-08,20260810,378567.0,runs/api_candidates_sido_202509_202608/raw/20260801_20260831_p0001.xml,제외: 2026-08은 15일만 수집됨,"touDivNm=외지인(b); sido=areaCode, sigungu=signguCode",Together_with_my_dog_cityselection/fetch_tourapi.py:258 summarize_month()
26,2026-08,20260811,380523.5,runs/api_candidates_sido_202509_202608/raw/20260801_20260831_p0001.xml,제외: 2026-08은 15일만 수집됨,"touDivNm=외지인(b); sido=areaCode, sigungu=signguCode",Together_with_my_dog_cityselection/fetch_tourapi.py:258 summarize_month()
26,2026-08,20260812,387817.5,runs/api_candidates_sido_202509_202608/raw/20260801_20260831_p0001.xml,제외: 2026-08은 15일만 수집됨,"touDivNm=외지인(b); sido=areaCode, sigungu=signguCode",Together_with_my_dog_cityselection/fetch_tourapi.py:258 summarize_month()
26,2026-08,20260813,402195.5,runs/api_candidates_sido_202509_202608/raw/20260801_20260831_p0001.xml,제외: 2026-08은 15일만 수집됨,"touDivNm=외지인(b); sido=areaCode, sigungu=signguCode",Together_with_my_dog_cityselection/fetch_tourapi.py:258 summarize_month()
26,2026-08,20260814,477519.0,runs/api_candidates_sido_202509_202608/raw/20260801_20260831_p0001.xml,제외: 2026-08은 15일만 수집됨,"touDivNm=외지인(b); sido=areaCode, sigungu=signguCode",Together_with_my_dog_cityselection/fetch_tourapi.py:258 summarize_month()
26,2026-08,20260815,659578.5,runs/api_candidates_sido_202509_202608/raw/20260801_20260831_p0001.xml,제외: 2026-08은 15일만 수집됨,"touDivNm=외지인(b); sido=areaCode, sigungu=signguCode",Together_with_my_dog_cityselection/fetch_tourapi.py:258 summarize_month()
28,2025-09,20250901,381668.0,runs/api_candidates_sido_202509_202608/raw/20250901_20250930_p0001.xml,포함: 월별 visitors에 합산,"touDivNm=외지인(b); sido=areaCode, sigungu=signguCode",Together_with_my_dog_cityselection/fetch_tourapi.py:258 summarize_month()
28,2025-09,20250902,384744.5,runs/api_candidates_sido_202509_202608/raw/20250901_20250930_p0001.xml,포함: 월별 visitors에 합산,"touDivNm=외지인(b); sido=areaCode, sigungu=signguCode",Together_with_my_dog_cityselection/fetch_tourapi.py:258 summarize_month()
28,2025-09,20250903,389770.5,runs/api_candidates_sido_202509_202608/raw/20250901_20250930_p0001.xml,포함: 월별 visitors에 합산,"touDivNm=외지인(b); sido=areaCode, sigungu=signguCode",Together_with_my_dog_cityselection/fetch_tourapi.py:258 summarize_month()
28,2025-09,20250904,409321.5,runs/api_candidates_sido_202509_202608/raw/20250901_20250930_p0001.xml,포함: 월별 visitors에 합산,"touDivNm=외지인(b); sido=areaCode, sigungu=signguCode",Together_with_my_dog_cityselection/fetch_tourapi.py:258 summarize_month()
28,2025-09,20250905,470501.5,runs/api_candidates_sido_202509_202608/raw/20250901_20250930_p0001.xml,포함: 월별 visitors에 합산,"touDivNm=외지인(b); sido=areaCode, sigungu=signguCode",Together_with_my_dog_cityselection/fetch_tourapi.py:258 summarize_month()
28,2025-09,20250906,599046.0,runs/api_candidates_sido_202509_202608/raw/20250901_20250930_p0001.xml,포함: 월별 visitors에 합산,"touDivNm=외지인(b); sido=areaCode, sigungu=signguCode",Together_with_my_dog_cityselection/fetch_tourapi.py:258 summarize_month()
28,2025-09,20250907,549342.5,runs/api_candidates_sido_202509_202608/raw/20250901_20250930_p0001.xml,포함: 월별 visitors에 합산,"touDivNm=외지인(b); sido=areaCode, sigungu=signguCode",Together_with_my_dog_cityselection/fetch_tourapi.py:258 summarize_month()
28,2025-09,20250908,425187.0,runs/api_candidates_sido_202509_202608/raw/20250901_20250930_p0001.xml,포함: 월별 visitors에 합산,"touDivNm=외지인(b); sido=areaCode, sigungu=signguCode",Together_with_my_dog_cityselection/fetch_tourapi.py:258 summarize_month()
28,2025-09,20250909,427917.0,runs/api_candidates_sido_202509_202608/raw/20250901_20250930_p0001.xml,포함: 월별 visitors에 합산,"touDivNm=외지인(b); sido=areaCode, sigungu=signguCode",Together_with_my_dog_cityselection/fetch_tourapi.py:258 summarize_month()
28,2025-09,20250910,446411.0,runs/api_candidates_sido_202509_202608/raw/20250901_20250930_p0001.xml,포함: 월별 visitors에 합산,"touDivNm=외지인(b); sido=areaCode, sigungu=signguCode",Together_with_my_dog_cityselection/fetch_tourapi.py:258 summarize_month()
28,2025-09,20250911,466494.0,runs/api_candidates_sido_202509_202608/raw/20250901_20250930_p0001.xml,포함: 월별 visitors에 합산,"touDivNm=외지인(b); sido=areaCode, sigungu=signguCode",Together_with_my_dog_cityselection/fetch_tourapi.py:258 summarize_month()
28,2025-09,20250912,496450.5,runs/api_candidates_sido_202509_202608/raw/20250901_20250930_p0001.xml,포함: 월별 visitors에 합산,"touDivNm=외지인(b); sido=areaCode, sigungu=signguCode",Together_with_my_dog_cityselection/fetch_tourapi.py:258 summarize_month()
28,2025-09,20250913,659869.0,runs/api_candidates_sido_202509_202608/raw/20250901_20250930_p0001.xml,포함: 월별 visitors에 합산,"touDivNm=외지인(b); sido=areaCode, sigungu=signguCode",Together_with_my_dog_cityselection/fetch_tourapi.py:258 summarize_month()
28,2025-09,20250914,618926.0,runs/api_candidates_sido_202509_202608/raw/20250901_20250930_p0001.xml,포함: 월별 visitors에 합산,"touDivNm=외지인(b); sido=areaCode, sigungu=signguCode",Together_with_my_dog_cityselection/fetch_tourapi.py:258 summarize_month()
28,2025-09,20250915,464156.0,runs/api_candidates_sido_202509_202608/raw/20250901_20250930_p0001.xml,포함: 월별 visitors에 합산,"touDivNm=외지인(b); sido=areaCode, sigungu=signguCode",Together_with_my_dog_cityselection/fetch_tourapi.py:258 summarize_month()
28,2025-09,20250916,452844.0,runs/api_candidates_sido_202509_202608/raw/20250901_20250930_p0001.xml,포함: 월별 visitors에 합산,"touDivNm=외지인(b); sido=areaCode, sigungu=signguCode",Together_with_my_dog_cityselection/fetch_tourapi.py:258 summarize_month()
28,2025-09,20250917,447310.5,runs/api_candidates_sido_202509_202608/raw/20250901_20250930_p0001.xml,포함: 월별 visitors에 합산,"touDivNm=외지인(b); sido=areaCode, sigungu=signguCode",Together_with_my_dog_cityselection/fetch_tourapi.py:258 summarize_month()
28,2025-09,20250918,482716.5,runs/api_candidates_sido_202509_202608/raw/20250901_20250930_p0001.xml,포함: 월별 visitors에 합산,"touDivNm=외지인(b); sido=areaCode, sigungu=signguCode",Together_with_my_dog_cityselection/fetch_tourapi.py:258 summarize_month()
28,2025-09,20250919,512169.0,runs/api_candidates_sido_202509_202608/raw/20250901_20250930_p0001.xml,포함: 월별 visitors에 합산,"touDivNm=외지인(b); sido=areaCode, sigungu=signguCode",Together_with_my_dog_cityselection/fetch_tourapi.py:258 summarize_month()
28,2025-09,20250920,680309.0,runs/api_candidates_sido_202509_202608/raw/20250901_20250930_p0001.xml,포함: 월별 visitors에 합산,"touDivNm=외지인(b); sido=areaCode, sigungu=signguCode",Together_with_my_dog_cityselection/fetch_tourapi.py:258 summarize_month()
28,2025-09,20250921,629205.5,runs/api_candidates_sido_202509_202608/raw/20250901_20250930_p0001.xml,포함: 월별 visitors에 합산,"touDivNm=외지인(b); sido=areaCode, sigungu=signguCode",Together_with_my_dog_cityselection/fetch_tourapi.py:258 summarize_month()
28,2025-09,20250922,492362.5,runs/api_candidates_sido_202509_202608/raw/20250901_20250930_p0001.xml,포함: 월별 visitors에 합산,"touDivNm=외지인(b); sido=areaCode, sigungu=signguCode",Together_with_my_dog_cityselection/fetch_tourapi.py:258 summarize_month()
28,2025-09,20250923,497847.0,runs/api_candidates_sido_202509_202608/raw/20250901_20250930_p0001.xml,포함: 월별 visitors에 합산,"touDivNm=외지인(b); sido=areaCode, sigungu=signguCode",Together_with_my_dog_cityselection/fetch_tourapi.py:258 summarize_month()
28,2025-09,20250924,475737.5,runs/api_candidates_sido_202509_202608/raw/20250901_20250930_p0001.xml,포함: 월별 visitors에 합산,"touDivNm=외지인(b); sido=areaCode, sigungu=signguCode",Together_with_my_dog_cityselection/fetch_tourapi.py:258 summarize_month()
28,2025-09,20250925,524944.0,runs/api_candidates_sido_202509_202608/raw/20250901_20250930_p0001.xml,포함: 월별 visitors에 합산,"touDivNm=외지인(b); sido=areaCode, sigungu=signguCode",Together_with_my_dog_cityselection/fetch_tourapi.py:258 summarize_month()
28,2025-09,20250926,575984.5,runs/api_candidates_sido_202509_202608/raw/20250901_20250930_p0001.xml,포함: 월별 visitors에 합산,"touDivNm=외지인(b); sido=areaCode, sigungu=signguCode",Together_with_my_dog_cityselection/fetch_tourapi.py:258 summarize_month()
28,2025-09,20250927,756577.5,runs/api_candidates_sido_202509_202608/raw/20250901_20250930_p0001.xml,포함: 월별 visitors에 합산,"touDivNm=외지인(b); sido=areaCode, sigungu=signguCode",Together_with_my_dog_cityselection/fetch_tourapi.py:258 summarize_month()
28,2025-09,20250928,609791.0,runs/api_candidates_sido_202509_202608/raw/20250901_20250930_p0001.xml,포함: 월별 visitors에 합산,"touDivNm=외지인(b); sido=areaCode, sigungu=signguCode",Together_with_my_dog_cityselection/fetch_tourapi.py:258 summarize_month()
28,2025-09,20250929,530610.5,runs/api_candidates_sido_202509_202608/raw/20250901_20250930_p0001.xml,포함: 월별 visitors에 합산,"touDivNm=외지인(b); sido=areaCode, sigungu=signguCode",Together_with_my_dog_cityselection/fetch_tourapi.py:258 summarize_month()
28,2025-09,20250930,535412.5,runs/api_candidates_sido_202509_202608/raw/20250901_20250930_p0001.xml,포함: 월별 visitors에 합산,"touDivNm=외지인(b); sido=areaCode, sigungu=signguCode",Together_with_my_dog_cityselection/fetch_tourapi.py:258 summarize_month()
28,2025-10,20251001,413896.0,runs/api_candidates_sido_202509_202608/raw/20251001_20251031_p0001.xml,포함: 월별 visitors에 합산,"touDivNm=외지인(b); sido=areaCode, sigungu=signguCode",Together_with_my_dog_cityselection/fetch_tourapi.py:258 summarize_month()
28,2025-10,20251002,476465.5,runs/api_candidates_sido_202509_202608/raw/20251001_20251031_p0001.xml,포함: 월별 visitors에 합산,"touDivNm=외지인(b); sido=areaCode, sigungu=signguCode",Together_with_my_dog_cityselection/fetch_tourapi.py:258 summarize_month()
28,2025-10,20251003,679549.5,runs/api_candidates_sido_202509_202608/raw/20251001_20251031_p0001.xml,포함: 월별 visitors에 합산,"touDivNm=외지인(b); sido=areaCode, sigungu=signguCode",Together_with_my_dog_cityselection/fetch_tourapi.py:258 summarize_month()
28,2025-10,20251004,754439.0,runs/api_candidates_sido_202509_202608/raw/20251001_20251031_p0001.xml,포함: 월별 visitors에 합산,"touDivNm=외지인(b); sido=areaCode, sigungu=signguCode",Together_with_my_dog_cityselection/fetch_tourapi.py:258 summarize_month()
28,2025-10,20251005,825083.0,runs/api_candidates_sido_202509_202608/raw/20251001_20251031_p0001.xml,포함: 월별 visitors에 합산,"touDivNm=외지인(b); sido=areaCode, sigungu=signguCode",Together_with_my_dog_cityselection/fetch_tourapi.py:258 summarize_month()
28,2025-10,20251006,963525.5,runs/api_candidates_sido_202509_202608/raw/20251001_20251031_p0001.xml,포함: 월별 visitors에 합산,"touDivNm=외지인(b); sido=areaCode, sigungu=signguCode",Together_with_my_dog_cityselection/fetch_tourapi.py:258 summarize_month()
28,2025-10,20251007,827022.0,runs/api_candidates_sido_202509_202608/raw/20251001_20251031_p0001.xml,포함: 월별 visitors에 합산,"touDivNm=외지인(b); sido=areaCode, sigungu=signguCode",Together_with_my_dog_cityselection/fetch_tourapi.py:258 summarize_month()
28,2025-10,20251008,797282.5,runs/api_candidates_sido_202509_202608/raw/20251001_20251031_p0001.xml,포함: 월별 visitors에 합산,"touDivNm=외지인(b); sido=areaCode, sigungu=signguCode",Together_with_my_dog_cityselection/fetch_tourapi.py:258 summarize_month()
28,2025-10,20251009,649824.0,runs/api_candidates_sido_202509_202608/raw/20251001_20251031_p0001.xml,포함: 월별 visitors에 합산,"touDivNm=외지인(b); sido=areaCode, sigungu=signguCode",Together_with_my_dog_cityselection/fetch_tourapi.py:258 summarize_month()
28,2025-10,20251010,485299.5,runs/api_candidates_sido_202509_202608/raw/20251001_20251031_p0001.xml,포함: 월별 visitors에 합산,"touDivNm=외지인(b); sido=areaCode, sigungu=signguCode",Together_with_my_dog_cityselection/fetch_tourapi.py:258 summarize_month()
28,2025-10,20251011,579033.0,runs/api_candidates_sido_202509_202608/raw/20251001_20251031_p0001.xml,포함: 월별 visitors에 합산,"touDivNm=외지인(b); sido=areaCode, sigungu=signguCode",Together_with_my_dog_cityselection/fetch_tourapi.py:258 summarize_month()
28,2025-10,20251012,518794.5,runs/api_candidates_sido_202509_202608/raw/20251001_20251031_p0001.xml,포함: 월별 visitors에 합산,"touDivNm=외지인(b); sido=areaCode, sigungu=signguCode",Together_with_my_dog_cityselection/fetch_tourapi.py:258 summarize_month()
28,2025-10,20251013,375102.0,runs/api_candidates_sido_202509_202608/raw/20251001_20251031_p0001.xml,포함: 월별 visitors에 합산,"touDivNm=외지인(b); sido=areaCode, sigungu=signguCode",Together_with_my_dog_cityselection/fetch_tourapi.py:258 summarize_month()
28,2025-10,20251014,394495.5,runs/api_candidates_sido_202509_202608/raw/20251001_20251031_p0001.xml,포함: 월별 visitors에 합산,"touDivNm=외지인(b); sido=areaCode, sigungu=signguCode",Together_with_my_dog_cityselection/fetch_tourapi.py:258 summarize_month()
28,2025-10,20251015,413903.0,runs/api_candidates_sido_202509_202608/raw/20251001_20251031_p0001.xml,포함: 월별 visitors에 합산,"touDivNm=외지인(b); sido=areaCode, sigungu=signguCode",Together_with_my_dog_cityselection/fetch_tourapi.py:258 summarize_month()
28,2025-10,20251016,424490.5,runs/api_candidates_sido_202509_202608/raw/20251001_20251031_p0001.xml,포함: 월별 visitors에 합산,"touDivNm=외지인(b); sido=areaCode, sigungu=signguCode",Together_with_my_dog_cityselection/fetch_tourapi.py:258 summarize_month()
28,2025-10,20251017,481152.0,runs/api_candidates_sido_202509_202608/raw/20251001_20251031_p0001.xml,포함: 월별 visitors에 합산,"touDivNm=외지인(b); sido=areaCode, sigungu=signguCode",Together_with_my_dog_cityselection/fetch_tourapi.py:258 summarize_month()
28,2025-10,20251018,682804.5,runs/api_candidates_sido_202509_202608/raw/20251001_20251031_p0001.xml,포함: 월별 visitors에 합산,"touDivNm=외지인(b); sido=areaCode, sigungu=signguCode",Together_with_my_dog_cityselection/fetch_tourapi.py:258 summarize_month()
28,2025-10,20251019,621845.0,runs/api_candidates_sido_202509_202608/raw/20251001_20251031_p0001.xml,포함: 월별 visitors에 합산,"touDivNm=외지인(b); sido=areaCode, sigungu=signguCode",Together_with_my_dog_cityselection/fetch_tourapi.py:258 summarize_month()
28,2025-10,20251020,433979.0,runs/api_candidates_sido_202509_202608/raw/20251001_20251031_p0001.xml,포함: 월별 visitors에 합산,"touDivNm=외지인(b); sido=areaCode, sigungu=signguCode",Together_with_my_dog_cityselection/fetch_tourapi.py:258 summarize_month()
28,2025-10,20251021,437717.0,runs/api_candidates_sido_202509_202608/raw/20251001_20251031_p0001.xml,포함: 월별 visitors에 합산,"touDivNm=외지인(b); sido=areaCode, sigungu=signguCode",Together_with_my_dog_cityselection/fetch_tourapi.py:258 summarize_month()
28,2025-10,20251022,463764.0,runs/api_candidates_sido_202509_202608/raw/20251001_20251031_p0001.xml,포함: 월별 visitors에 합산,"touDivNm=외지인(b); sido=areaCode, sigungu=signguCode",Together_with_my_dog_cityselection/fetch_tourapi.py:258 summarize_month()
28,2025-10,20251023,472426.5,runs/api_candidates_sido_202509_202608/raw/20251001_20251031_p0001.xml,포함: 월별 visitors에 합산,"touDivNm=외지인(b); sido=areaCode, sigungu=signguCode",Together_with_my_dog_cityselection/fetch_tourapi.py:258 summarize_month()
28,2025-10,20251024,530250.0,runs/api_candidates_sido_202509_202608/raw/20251001_20251031_p0001.xml,포함: 월별 visitors에 합산,"touDivNm=외지인(b); sido=areaCode, sigungu=signguCode",Together_with_my_dog_cityselection/fetch_tourapi.py:258 summarize_month()
28,2025-10,20251025,719904.5,runs/api_candidates_sido_202509_202608/raw/20251001_20251031_p0001.xml,포함: 월별 visitors에 합산,"touDivNm=외지인(b); sido=areaCode, sigungu=signguCode",Together_with_my_dog_cityselection/fetch_tourapi.py:258 summarize_month()
28,2025-10,20251026,620609.5,runs/api_candidates_sido_202509_202608/raw/20251001_20251031_p0001.xml,포함: 월별 visitors에 합산,"touDivNm=외지인(b); sido=areaCode, sigungu=signguCode",Together_with_my_dog_cityselection/fetch_tourapi.py:258 summarize_month()
28,2025-10,20251027,456704.5,runs/api_candidates_sido_202509_202608/raw/20251001_20251031_p0001.xml,포함: 월별 visitors에 합산,"touDivNm=외지인(b); sido=areaCode, sigungu=signguCode",Together_with_my_dog_cityselection/fetch_tourapi.py:258 summarize_month()
28,2025-10,20251028,460229.0,runs/api_candidates_sido_202509_202608/raw/20251001_20251031_p0001.xml,포함: 월별 visitors에 합산,"touDivNm=외지인(b); sido=areaCode, sigungu=signguCode",Together_with_my_dog_cityselection/fetch_tourapi.py:258 summarize_month()
28,2025-10,20251029,469553.0,runs/api_candidates_sido_202509_202608/raw/20251001_20251031_p0001.xml,포함: 월별 visitors에 합산,"touDivNm=외지인(b); sido=areaCode, sigungu=signguCode",Together_with_my_dog_cityselection/fetch_tourapi.py:258 summarize_month()
28,2025-10,20251030,490210.0,runs/api_candidates_sido_202509_202608/raw/20251001_20251031_p0001.xml,포함: 월별 visitors에 합산,"touDivNm=외지인(b); sido=areaCode, sigungu=signguCode",Together_with_my_dog_cityselection/fetch_tourapi.py:258 summarize_month()
28,2025-10,20251031,551719.0,runs/api_candidates_sido_202509_202608/raw/20251001_20251031_p0001.xml,포함: 월별 visitors에 합산,"touDivNm=외지인(b); sido=areaCode, sigungu=signguCode",Together_with_my_dog_cityselection/fetch_tourapi.py:258 summarize_month()
28,2025-11,20251101,616028.0,runs/api_candidates_sido_202509_202608/raw/20251101_20251130_p0001.xml,포함: 월별 visitors에 합산,"touDivNm=외지인(b); sido=areaCode, sigungu=signguCode",Together_with_my_dog_cityselection/fetch_tourapi.py:258 summarize_month()
28,2025-11,20251102,532472.5,runs/api_candidates_sido_202509_202608/raw/20251101_20251130_p0001.xml,포함: 월별 visitors에 합산,"touDivNm=외지인(b); sido=areaCode, sigungu=signguCode",Together_with_my_dog_cityselection/fetch_tourapi.py:258 summarize_month()
28,2025-11,20251103,384317.5,runs/api_candidates_sido_202509_202608/raw/20251101_20251130_p0001.xml,포함: 월별 visitors에 합산,"touDivNm=외지인(b); sido=areaCode, sigungu=signguCode",Together_with_my_dog_cityselection/fetch_tourapi.py:258 summarize_month()
28,2025-11,20251104,392889.0,runs/api_candidates_sido_202509_202608/raw/20251101_20251130_p0001.xml,포함: 월별 visitors에 합산,"touDivNm=외지인(b); sido=areaCode, sigungu=signguCode",Together_with_my_dog_cityselection/fetch_tourapi.py:258 summarize_month()
28,2025-11,20251105,403039.0,runs/api_candidates_sido_202509_202608/raw/20251101_20251130_p0001.xml,포함: 월별 visitors에 합산,"touDivNm=외지인(b); sido=areaCode, sigungu=signguCode",Together_with_my_dog_cityselection/fetch_tourapi.py:258 summarize_month()
28,2025-11,20251106,417438.0,runs/api_candidates_sido_202509_202608/raw/20251101_20251130_p0001.xml,포함: 월별 visitors에 합산,"touDivNm=외지인(b); sido=areaCode, sigungu=signguCode",Together_with_my_dog_cityselection/fetch_tourapi.py:258 summarize_month()
28,2025-11,20251107,474743.5,runs/api_candidates_sido_202509_202608/raw/20251101_20251130_p0001.xml,포함: 월별 visitors에 합산,"touDivNm=외지인(b); sido=areaCode, sigungu=signguCode",Together_with_my_dog_cityselection/fetch_tourapi.py:258 summarize_month()
28,2025-11,20251108,624225.0,runs/api_candidates_sido_202509_202608/raw/20251101_20251130_p0001.xml,포함: 월별 visitors에 합산,"touDivNm=외지인(b); sido=areaCode, sigungu=signguCode",Together_with_my_dog_cityselection/fetch_tourapi.py:258 summarize_month()
28,2025-11,20251109,557840.5,runs/api_candidates_sido_202509_202608/raw/20251101_20251130_p0001.xml,포함: 월별 visitors에 합산,"touDivNm=외지인(b); sido=areaCode, sigungu=signguCode",Together_with_my_dog_cityselection/fetch_tourapi.py:258 summarize_month()
28,2025-11,20251110,419363.0,runs/api_candidates_sido_202509_202608/raw/20251101_20251130_p0001.xml,포함: 월별 visitors에 합산,"touDivNm=외지인(b); sido=areaCode, sigungu=signguCode",Together_with_my_dog_cityselection/fetch_tourapi.py:258 summarize_month()
28,2025-11,20251111,425869.5,runs/api_candidates_sido_202509_202608/raw/20251101_20251130_p0001.xml,포함: 월별 visitors에 합산,"touDivNm=외지인(b); sido=areaCode, sigungu=signguCode",Together_with_my_dog_cityselection/fetch_tourapi.py:258 summarize_month()
28,2025-11,20251112,441224.0,runs/api_candidates_sido_202509_202608/raw/20251101_20251130_p0001.xml,포함: 월별 visitors에 합산,"touDivNm=외지인(b); sido=areaCode, sigungu=signguCode",Together_with_my_dog_cityselection/fetch_tourapi.py:258 summarize_month()
28,2025-11,20251113,450982.0,runs/api_candidates_sido_202509_202608/raw/20251101_20251130_p0001.xml,포함: 월별 visitors에 합산,"touDivNm=외지인(b); sido=areaCode, sigungu=signguCode",Together_with_my_dog_cityselection/fetch_tourapi.py:258 summarize_month()
28,2025-11,20251114,503636.0,runs/api_candidates_sido_202509_202608/raw/20251101_20251130_p0001.xml,포함: 월별 visitors에 합산,"touDivNm=외지인(b); sido=areaCode, sigungu=signguCode",Together_with_my_dog_cityselection/fetch_tourapi.py:258 summarize_month()
28,2025-11,20251115,661871.0,runs/api_candidates_sido_202509_202608/raw/20251101_20251130_p0001.xml,포함: 월별 visitors에 합산,"touDivNm=외지인(b); sido=areaCode, sigungu=signguCode",Together_with_my_dog_cityselection/fetch_tourapi.py:258 summarize_month()
28,2025-11,20251116,573510.0,runs/api_candidates_sido_202509_202608/raw/20251101_20251130_p0001.xml,포함: 월별 visitors에 합산,"touDivNm=외지인(b); sido=areaCode, sigungu=signguCode",Together_with_my_dog_cityselection/fetch_tourapi.py:258 summarize_month()
28,2025-11,20251117,437717.0,runs/api_candidates_sido_202509_202608/raw/20251101_20251130_p0001.xml,포함: 월별 visitors에 합산,"touDivNm=외지인(b); sido=areaCode, sigungu=signguCode",Together_with_my_dog_cityselection/fetch_tourapi.py:258 summarize_month()
28,2025-11,20251118,436614.5,runs/api_candidates_sido_202509_202608/raw/20251101_20251130_p0001.xml,포함: 월별 visitors에 합산,"touDivNm=외지인(b); sido=areaCode, sigungu=signguCode",Together_with_my_dog_cityselection/fetch_tourapi.py:258 summarize_month()
28,2025-11,20251119,450418.5,runs/api_candidates_sido_202509_202608/raw/20251101_20251130_p0001.xml,포함: 월별 visitors에 합산,"touDivNm=외지인(b); sido=areaCode, sigungu=signguCode",Together_with_my_dog_cityselection/fetch_tourapi.py:258 summarize_month()
28,2025-11,20251120,466749.5,runs/api_candidates_sido_202509_202608/raw/20251101_20251130_p0001.xml,포함: 월별 visitors에 합산,"touDivNm=외지인(b); sido=areaCode, sigungu=signguCode",Together_with_my_dog_cityselection/fetch_tourapi.py:258 summarize_month()
28,2025-11,20251121,512386.0,runs/api_candidates_sido_202509_202608/raw/20251101_20251130_p0001.xml,포함: 월별 visitors에 합산,"touDivNm=외지인(b); sido=areaCode, sigungu=signguCode",Together_with_my_dog_cityselection/fetch_tourapi.py:258 summarize_month()
28,2025-11,20251122,667331.0,runs/api_candidates_sido_202509_202608/raw/20251101_20251130_p0001.xml,포함: 월별 visitors에 합산,"touDivNm=외지인(b); sido=areaCode, sigungu=signguCode",Together_with_my_dog_cityselection/fetch_tourapi.py:258 summarize_month()
28,2025-11,20251123,590359.0,runs/api_candidates_sido_202509_202608/raw/20251101_20251130_p0001.xml,포함: 월별 visitors에 합산,"touDivNm=외지인(b); sido=areaCode, sigungu=signguCode",Together_with_my_dog_cityselection/fetch_tourapi.py:258 summarize_month()
28,2025-11,20251124,462861.0,runs/api_candidates_sido_202509_202608/raw/20251101_20251130_p0001.xml,포함: 월별 visitors에 합산,"touDivNm=외지인(b); sido=areaCode, sigungu=signguCode",Together_with_my_dog_cityselection/fetch_tourapi.py:258 summarize_month()
28,2025-11,20251125,456904.0,runs/api_candidates_sido_202509_202608/raw/20251101_20251130_p0001.xml,포함: 월별 visitors에 합산,"touDivNm=외지인(b); sido=areaCode, sigungu=signguCode",Together_with_my_dog_cityselection/fetch_tourapi.py:258 summarize_month()
28,2025-11,20251126,480644.5,runs/api_candidates_sido_202509_202608/raw/20251101_20251130_p0001.xml,포함: 월별 visitors에 합산,"touDivNm=외지인(b); sido=areaCode, sigungu=signguCode",Together_with_my_dog_cityselection/fetch_tourapi.py:258 summarize_month()
28,2025-11,20251127,467414.5,runs/api_candidates_sido_202509_202608/raw/20251101_20251130_p0001.xml,포함: 월별 visitors에 합산,"touDivNm=외지인(b); sido=areaCode, sigungu=signguCode",Together_with_my_dog_cityselection/fetch_tourapi.py:258 summarize_month()
28,2025-11,20251128,525721.0,runs/api_candidates_sido_202509_202608/raw/20251101_20251130_p0001.xml,포함: 월별 visitors에 합산,"touDivNm=외지인(b); sido=areaCode, sigungu=signguCode",Together_with_my_dog_cityselection/fetch_tourapi.py:258 summarize_month()
28,2025-11,20251129,687235.5,runs/api_candidates_sido_202509_202608/raw/20251101_20251130_p0001.xml,포함: 월별 visitors에 합산,"touDivNm=외지인(b); sido=areaCode, sigungu=signguCode",Together_with_my_dog_cityselection/fetch_tourapi.py:258 summarize_month()
28,2025-11,20251130,613305.0,runs/api_candidates_sido_202509_202608/raw/20251101_20251130_p0001.xml,포함: 월별 visitors에 합산,"touDivNm=외지인(b); sido=areaCode, sigungu=signguCode",Together_with_my_dog_cityselection/fetch_tourapi.py:258 summarize_month()
28,2025-12,20251201,356331.5,runs/api_candidates_sido_202509_202608/raw/20251201_20251231_p0001.xml,포함: 월별 visitors에 합산,"touDivNm=외지인(b); sido=areaCode, sigungu=signguCode",Together_with_my_dog_cityselection/fetch_tourapi.py:258 summarize_month()
28,2025-12,20251202,356881.0,runs/api_candidates_sido_202509_202608/raw/20251201_20251231_p0001.xml,포함: 월별 visitors에 합산,"touDivNm=외지인(b); sido=areaCode, sigungu=signguCode",Together_with_my_dog_cityselection/fetch_tourapi.py:258 summarize_month()
28,2025-12,20251203,363734.0,runs/api_candidates_sido_202509_202608/raw/20251201_20251231_p0001.xml,포함: 월별 visitors에 합산,"touDivNm=외지인(b); sido=areaCode, sigungu=signguCode",Together_with_my_dog_cityselection/fetch_tourapi.py:258 summarize_month()
28,2025-12,20251204,372463.0,runs/api_candidates_sido_202509_202608/raw/20251201_20251231_p0001.xml,포함: 월별 visitors에 합산,"touDivNm=외지인(b); sido=areaCode, sigungu=signguCode",Together_with_my_dog_cityselection/fetch_tourapi.py:258 summarize_month()
28,2025-12,20251205,418015.5,runs/api_candidates_sido_202509_202608/raw/20251201_20251231_p0001.xml,포함: 월별 visitors에 합산,"touDivNm=외지인(b); sido=areaCode, sigungu=signguCode",Together_with_my_dog_cityselection/fetch_tourapi.py:258 summarize_month()
28,2025-12,20251206,584048.5,runs/api_candidates_sido_202509_202608/raw/20251201_20251231_p0001.xml,포함: 월별 visitors에 합산,"touDivNm=외지인(b); sido=areaCode, sigungu=signguCode",Together_with_my_dog_cityselection/fetch_tourapi.py:258 summarize_month()
28,2025-12,20251207,528636.5,runs/api_candidates_sido_202509_202608/raw/20251201_20251231_p0001.xml,포함: 월별 visitors에 합산,"touDivNm=외지인(b); sido=areaCode, sigungu=signguCode",Together_with_my_dog_cityselection/fetch_tourapi.py:258 summarize_month()
28,2025-12,20251208,389879.0,runs/api_candidates_sido_202509_202608/raw/20251201_20251231_p0001.xml,포함: 월별 visitors에 합산,"touDivNm=외지인(b); sido=areaCode, sigungu=signguCode",Together_with_my_dog_cityselection/fetch_tourapi.py:258 summarize_month()
28,2025-12,20251209,390589.5,runs/api_candidates_sido_202509_202608/raw/20251201_20251231_p0001.xml,포함: 월별 visitors에 합산,"touDivNm=외지인(b); sido=areaCode, sigungu=signguCode",Together_with_my_dog_cityselection/fetch_tourapi.py:258 summarize_month()
28,2025-12,20251210,403494.0,runs/api_candidates_sido_202509_202608/raw/20251201_20251231_p0001.xml,포함: 월별 visitors에 합산,"touDivNm=외지인(b); sido=areaCode, sigungu=signguCode",Together_with_my_dog_cityselection/fetch_tourapi.py:258 summarize_month()
28,2025-12,20251211,414001.0,runs/api_candidates_sido_202509_202608/raw/20251201_20251231_p0001.xml,포함: 월별 visitors에 합산,"touDivNm=외지인(b); sido=areaCode, sigungu=signguCode",Together_with_my_dog_cityselection/fetch_tourapi.py:258 summarize_month()
28,2025-12,20251212,471824.5,runs/api_candidates_sido_202509_202608/raw/20251201_20251231_p0001.xml,포함: 월별 visitors에 합산,"touDivNm=외지인(b); sido=areaCode, sigungu=signguCode",Together_with_my_dog_cityselection/fetch_tourapi.py:258 summarize_month()
28,2025-12,20251213,594321.0,runs/api_candidates_sido_202509_202608/raw/20251201_20251231_p0001.xml,포함: 월별 visitors에 합산,"touDivNm=외지인(b); sido=areaCode, sigungu=signguCode",Together_with_my_dog_cityselection/fetch_tourapi.py:258 summarize_month()
28,2025-12,20251214,546738.5,runs/api_candidates_sido_202509_202608/raw/20251201_20251231_p0001.xml,포함: 월별 visitors에 합산,"touDivNm=외지인(b); sido=areaCode, sigungu=signguCode",Together_with_my_dog_cityselection/fetch_tourapi.py:258 summarize_month()
28,2025-12,20251215,423139.5,runs/api_candidates_sido_202509_202608/raw/20251201_20251231_p0001.xml,포함: 월별 visitors에 합산,"touDivNm=외지인(b); sido=areaCode, sigungu=signguCode",Together_with_my_dog_cityselection/fetch_tourapi.py:258 summarize_month()
28,2025-12,20251216,421361.5,runs/api_candidates_sido_202509_202608/raw/20251201_20251231_p0001.xml,포함: 월별 visitors에 합산,"touDivNm=외지인(b); sido=areaCode, sigungu=signguCode",Together_with_my_dog_cityselection/fetch_tourapi.py:258 summarize_month()
28,2025-12,20251217,441227.5,runs/api_candidates_sido_202509_202608/raw/20251201_20251231_p0001.xml,포함: 월별 visitors에 합산,"touDivNm=외지인(b); sido=areaCode, sigungu=signguCode",Together_with_my_dog_cityselection/fetch_tourapi.py:258 summarize_month()
28,2025-12,20251218,454881.0,runs/api_candidates_sido_202509_202608/raw/20251201_20251231_p0001.xml,포함: 월별 visitors에 합산,"touDivNm=외지인(b); sido=areaCode, sigungu=signguCode",Together_with_my_dog_cityselection/fetch_tourapi.py:258 summarize_month()
28,2025-12,20251219,515049.5,runs/api_candidates_sido_202509_202608/raw/20251201_20251231_p0001.xml,포함: 월별 visitors에 합산,"touDivNm=외지인(b); sido=areaCode, sigungu=signguCode",Together_with_my_dog_cityselection/fetch_tourapi.py:258 summarize_month()
28,2025-12,20251220,659816.5,runs/api_candidates_sido_202509_202608/raw/20251201_20251231_p0001.xml,포함: 월별 visitors에 합산,"touDivNm=외지인(b); sido=areaCode, sigungu=signguCode",Together_with_my_dog_cityselection/fetch_tourapi.py:258 summarize_month()
28,2025-12,20251221,589547.0,runs/api_candidates_sido_202509_202608/raw/20251201_20251231_p0001.xml,포함: 월별 visitors에 합산,"touDivNm=외지인(b); sido=areaCode, sigungu=signguCode",Together_with_my_dog_cityselection/fetch_tourapi.py:258 summarize_month()
28,2025-12,20251222,465997.0,runs/api_candidates_sido_202509_202608/raw/20251201_20251231_p0001.xml,포함: 월별 visitors에 합산,"touDivNm=외지인(b); sido=areaCode, sigungu=signguCode",Together_with_my_dog_cityselection/fetch_tourapi.py:258 summarize_month()
28,2025-12,20251223,463477.0,runs/api_candidates_sido_202509_202608/raw/20251201_20251231_p0001.xml,포함: 월별 visitors에 합산,"touDivNm=외지인(b); sido=areaCode, sigungu=signguCode",Together_with_my_dog_cityselection/fetch_tourapi.py:258 summarize_month()
28,2025-12,20251224,529560.5,runs/api_candidates_sido_202509_202608/raw/20251201_20251231_p0001.xml,포함: 월별 visitors에 합산,"touDivNm=외지인(b); sido=areaCode, sigungu=signguCode",Together_with_my_dog_cityselection/fetch_tourapi.py:258 summarize_month()
28,2025-12,20251225,619580.5,runs/api_candidates_sido_202509_202608/raw/20251201_20251231_p0001.xml,포함: 월별 visitors에 합산,"touDivNm=외지인(b); sido=areaCode, sigungu=signguCode",Together_with_my_dog_cityselection/fetch_tourapi.py:258 summarize_month()
28,2025-12,20251226,543788.0,runs/api_candidates_sido_202509_202608/raw/20251201_20251231_p0001.xml,포함: 월별 visitors에 합산,"touDivNm=외지인(b); sido=areaCode, sigungu=signguCode",Together_with_my_dog_cityselection/fetch_tourapi.py:258 summarize_month()
28,2025-12,20251227,669200.0,runs/api_candidates_sido_202509_202608/raw/20251201_20251231_p0001.xml,포함: 월별 visitors에 합산,"touDivNm=외지인(b); sido=areaCode, sigungu=signguCode",Together_with_my_dog_cityselection/fetch_tourapi.py:258 summarize_month()
28,2025-12,20251228,596232.0,runs/api_candidates_sido_202509_202608/raw/20251201_20251231_p0001.xml,포함: 월별 visitors에 합산,"touDivNm=외지인(b); sido=areaCode, sigungu=signguCode",Together_with_my_dog_cityselection/fetch_tourapi.py:258 summarize_month()
28,2025-12,20251229,494315.5,runs/api_candidates_sido_202509_202608/raw/20251201_20251231_p0001.xml,포함: 월별 visitors에 합산,"touDivNm=외지인(b); sido=areaCode, sigungu=signguCode",Together_with_my_dog_cityselection/fetch_tourapi.py:258 summarize_month()
28,2025-12,20251230,506562.0,runs/api_candidates_sido_202509_202608/raw/20251201_20251231_p0001.xml,포함: 월별 visitors에 합산,"touDivNm=외지인(b); sido=areaCode, sigungu=signguCode",Together_with_my_dog_cityselection/fetch_tourapi.py:258 summarize_month()
28,2025-12,20251231,591685.5,runs/api_candidates_sido_202509_202608/raw/20251201_20251231_p0001.xml,포함: 월별 visitors에 합산,"touDivNm=외지인(b); sido=areaCode, sigungu=signguCode",Together_with_my_dog_cityselection/fetch_tourapi.py:258 summarize_month()
28,2026-01,20260101,551869.5,runs/api_candidates_sido_202509_202608/raw/20260101_20260131_p0001.xml,포함: 월별 visitors에 합산,"touDivNm=외지인(b); sido=areaCode, sigungu=signguCode",Together_with_my_dog_cityselection/fetch_tourapi.py:258 summarize_month()
28,2026-01,20260102,418610.5,runs/api_candidates_sido_202509_202608/raw/20260101_20260131_p0001.xml,포함: 월별 visitors에 합산,"touDivNm=외지인(b); sido=areaCode, sigungu=signguCode",Together_with_my_dog_cityselection/fetch_tourapi.py:258 summarize_month()
28,2026-01,20260103,529739.0,runs/api_candidates_sido_202509_202608/raw/20260101_20260131_p0001.xml,포함: 월별 visitors에 합산,"touDivNm=외지인(b); sido=areaCode, sigungu=signguCode",Together_with_my_dog_cityselection/fetch_tourapi.py:258 summarize_month()
28,2026-01,20260104,472871.0,runs/api_candidates_sido_202509_202608/raw/20260101_20260131_p0001.xml,포함: 월별 visitors에 합산,"touDivNm=외지인(b); sido=areaCode, sigungu=signguCode",Together_with_my_dog_cityselection/fetch_tourapi.py:258 summarize_month()
28,2026-01,20260105,371546.0,runs/api_candidates_sido_202509_202608/raw/20260101_20260131_p0001.xml,포함: 월별 visitors에 합산,"touDivNm=외지인(b); sido=areaCode, sigungu=signguCode",Together_with_my_dog_cityselection/fetch_tourapi.py:258 summarize_month()
28,2026-01,20260106,379680.0,runs/api_candidates_sido_202509_202608/raw/20260101_20260131_p0001.xml,포함: 월별 visitors에 합산,"touDivNm=외지인(b); sido=areaCode, sigungu=signguCode",Together_with_my_dog_cityselection/fetch_tourapi.py:258 summarize_month()
28,2026-01,20260107,399122.5,runs/api_candidates_sido_202509_202608/raw/20260101_20260131_p0001.xml,포함: 월별 visitors에 합산,"touDivNm=외지인(b); sido=areaCode, sigungu=signguCode",Together_with_my_dog_cityselection/fetch_tourapi.py:258 summarize_month()
28,2026-01,20260108,407662.5,runs/api_candidates_sido_202509_202608/raw/20260101_20260131_p0001.xml,포함: 월별 visitors에 합산,"touDivNm=외지인(b); sido=areaCode, sigungu=signguCode",Together_with_my_dog_cityselection/fetch_tourapi.py:258 summarize_month()
28,2026-01,20260109,453932.5,runs/api_candidates_sido_202509_202608/raw/20260101_20260131_p0001.xml,포함: 월별 visitors에 합산,"touDivNm=외지인(b); sido=areaCode, sigungu=signguCode",Together_with_my_dog_cityselection/fetch_tourapi.py:258 summarize_month()
28,2026-01,20260110,574164.5,runs/api_candidates_sido_202509_202608/raw/20260101_20260131_p0001.xml,포함: 월별 visitors에 합산,"touDivNm=외지인(b); sido=areaCode, sigungu=signguCode",Together_with_my_dog_cityselection/fetch_tourapi.py:258 summarize_month()
28,2026-01,20260111,504563.5,runs/api_candidates_sido_202509_202608/raw/20260101_20260131_p0001.xml,포함: 월별 visitors에 합산,"touDivNm=외지인(b); sido=areaCode, sigungu=signguCode",Together_with_my_dog_cityselection/fetch_tourapi.py:258 summarize_month()
28,2026-01,20260112,416150.0,runs/api_candidates_sido_202509_202608/raw/20260101_20260131_p0001.xml,포함: 월별 visitors에 합산,"touDivNm=외지인(b); sido=areaCode, sigungu=signguCode",Together_with_my_dog_cityselection/fetch_tourapi.py:258 summarize_month()
28,2026-01,20260113,422030.0,runs/api_candidates_sido_202509_202608/raw/20260101_20260131_p0001.xml,포함: 월별 visitors에 합산,"touDivNm=외지인(b); sido=areaCode, sigungu=signguCode",Together_with_my_dog_cityselection/fetch_tourapi.py:258 summarize_month()
28,2026-01,20260114,443604.0,runs/api_candidates_sido_202509_202608/raw/20260101_20260131_p0001.xml,포함: 월별 visitors에 합산,"touDivNm=외지인(b); sido=areaCode, sigungu=signguCode",Together_with_my_dog_cityselection/fetch_tourapi.py:258 summarize_month()
28,2026-01,20260115,449659.0,runs/api_candidates_sido_202509_202608/raw/20260101_20260131_p0001.xml,포함: 월별 visitors에 합산,"touDivNm=외지인(b); sido=areaCode, sigungu=signguCode",Together_with_my_dog_cityselection/fetch_tourapi.py:258 summarize_month()
28,2026-01,20260116,494791.5,runs/api_candidates_sido_202509_202608/raw/20260101_20260131_p0001.xml,포함: 월별 visitors에 합산,"touDivNm=외지인(b); sido=areaCode, sigungu=signguCode",Together_with_my_dog_cityselection/fetch_tourapi.py:258 summarize_month()
28,2026-01,20260117,647783.5,runs/api_candidates_sido_202509_202608/raw/20260101_20260131_p0001.xml,포함: 월별 visitors에 합산,"touDivNm=외지인(b); sido=areaCode, sigungu=signguCode",Together_with_my_dog_cityselection/fetch_tourapi.py:258 summarize_month()
28,2026-01,20260118,564046.0,runs/api_candidates_sido_202509_202608/raw/20260101_20260131_p0001.xml,포함: 월별 visitors에 합산,"touDivNm=외지인(b); sido=areaCode, sigungu=signguCode",Together_with_my_dog_cityselection/fetch_tourapi.py:258 summarize_month()
28,2026-01,20260119,454706.0,runs/api_candidates_sido_202509_202608/raw/20260101_20260131_p0001.xml,포함: 월별 visitors에 합산,"touDivNm=외지인(b); sido=areaCode, sigungu=signguCode",Together_with_my_dog_cityselection/fetch_tourapi.py:258 summarize_month()
28,2026-01,20260120,446323.5,runs/api_candidates_sido_202509_202608/raw/20260101_20260131_p0001.xml,포함: 월별 visitors에 합산,"touDivNm=외지인(b); sido=areaCode, sigungu=signguCode",Together_with_my_dog_cityselection/fetch_tourapi.py:258 summarize_month()
28,2026-01,20260121,453152.0,runs/api_candidates_sido_202509_202608/raw/20260101_20260131_p0001.xml,포함: 월별 visitors에 합산,"touDivNm=외지인(b); sido=areaCode, sigungu=signguCode",Together_with_my_dog_cityselection/fetch_tourapi.py:258 summarize_month()
28,2026-01,20260122,458804.5,runs/api_candidates_sido_202509_202608/raw/20260101_20260131_p0001.xml,포함: 월별 visitors에 합산,"touDivNm=외지인(b); sido=areaCode, sigungu=signguCode",Together_with_my_dog_cityselection/fetch_tourapi.py:258 summarize_month()
28,2026-01,20260123,516029.5,runs/api_candidates_sido_202509_202608/raw/20260101_20260131_p0001.xml,포함: 월별 visitors에 합산,"touDivNm=외지인(b); sido=areaCode, sigungu=signguCode",Together_with_my_dog_cityselection/fetch_tourapi.py:258 summarize_month()
28,2026-01,20260124,639908.5,runs/api_candidates_sido_202509_202608/raw/20260101_20260131_p0001.xml,포함: 월별 visitors에 합산,"touDivNm=외지인(b); sido=areaCode, sigungu=signguCode",Together_with_my_dog_cityselection/fetch_tourapi.py:258 summarize_month()
28,2026-01,20260125,579421.5,runs/api_candidates_sido_202509_202608/raw/20260101_20260131_p0001.xml,포함: 월별 visitors에 합산,"touDivNm=외지인(b); sido=areaCode, sigungu=signguCode",Together_with_my_dog_cityselection/fetch_tourapi.py:258 summarize_month()
28,2026-01,20260126,472153.5,runs/api_candidates_sido_202509_202608/raw/20260101_20260131_p0001.xml,포함: 월별 visitors에 합산,"touDivNm=외지인(b); sido=areaCode, sigungu=signguCode",Together_with_my_dog_cityselection/fetch_tourapi.py:258 summarize_month()
28,2026-01,20260127,474582.5,runs/api_candidates_sido_202509_202608/raw/20260101_20260131_p0001.xml,포함: 월별 visitors에 합산,"touDivNm=외지인(b); sido=areaCode, sigungu=signguCode",Together_with_my_dog_cityselection/fetch_tourapi.py:258 summarize_month()
28,2026-01,20260128,483465.5,runs/api_candidates_sido_202509_202608/raw/20260101_20260131_p0001.xml,포함: 월별 visitors에 합산,"touDivNm=외지인(b); sido=areaCode, sigungu=signguCode",Together_with_my_dog_cityselection/fetch_tourapi.py:258 summarize_month()
28,2026-01,20260129,492376.5,runs/api_candidates_sido_202509_202608/raw/20260101_20260131_p0001.xml,포함: 월별 visitors에 합산,"touDivNm=외지인(b); sido=areaCode, sigungu=signguCode",Together_with_my_dog_cityselection/fetch_tourapi.py:258 summarize_month()
28,2026-01,20260130,531723.5,runs/api_candidates_sido_202509_202608/raw/20260101_20260131_p0001.xml,포함: 월별 visitors에 합산,"touDivNm=외지인(b); sido=areaCode, sigungu=signguCode",Together_with_my_dog_cityselection/fetch_tourapi.py:258 summarize_month()
28,2026-01,20260131,680340.5,runs/api_candidates_sido_202509_202608/raw/20260101_20260131_p0001.xml,포함: 월별 visitors에 합산,"touDivNm=외지인(b); sido=areaCode, sigungu=signguCode",Together_with_my_dog_cityselection/fetch_tourapi.py:258 summarize_month()
28,2026-02,20260201,492236.5,runs/api_candidates_sido_202509_202608/raw/20260201_20260228_p0001.xml,포함: 월별 visitors에 합산,"touDivNm=외지인(b); sido=areaCode, sigungu=signguCode",Together_with_my_dog_cityselection/fetch_tourapi.py:258 summarize_month()
28,2026-02,20260202,361312.0,runs/api_candidates_sido_202509_202608/raw/20260201_20260228_p0001.xml,포함: 월별 visitors에 합산,"touDivNm=외지인(b); sido=areaCode, sigungu=signguCode",Together_with_my_dog_cityselection/fetch_tourapi.py:258 summarize_month()
28,2026-02,20260203,373355.5,runs/api_candidates_sido_202509_202608/raw/20260201_20260228_p0001.xml,포함: 월별 visitors에 합산,"touDivNm=외지인(b); sido=areaCode, sigungu=signguCode",Together_with_my_dog_cityselection/fetch_tourapi.py:258 summarize_month()
28,2026-02,20260204,390992.0,runs/api_candidates_sido_202509_202608/raw/20260201_20260228_p0001.xml,포함: 월별 visitors에 합산,"touDivNm=외지인(b); sido=areaCode, sigungu=signguCode",Together_with_my_dog_cityselection/fetch_tourapi.py:258 summarize_month()
28,2026-02,20260205,403410.0,runs/api_candidates_sido_202509_202608/raw/20260201_20260228_p0001.xml,포함: 월별 visitors에 합산,"touDivNm=외지인(b); sido=areaCode, sigungu=signguCode",Together_with_my_dog_cityselection/fetch_tourapi.py:258 summarize_month()
28,2026-02,20260206,443691.5,runs/api_candidates_sido_202509_202608/raw/20260201_20260228_p0001.xml,포함: 월별 visitors에 합산,"touDivNm=외지인(b); sido=areaCode, sigungu=signguCode",Together_with_my_dog_cityselection/fetch_tourapi.py:258 summarize_month()
28,2026-02,20260207,570426.5,runs/api_candidates_sido_202509_202608/raw/20260201_20260228_p0001.xml,포함: 월별 visitors에 합산,"touDivNm=외지인(b); sido=areaCode, sigungu=signguCode",Together_with_my_dog_cityselection/fetch_tourapi.py:258 summarize_month()
28,2026-02,20260208,498512.0,runs/api_candidates_sido_202509_202608/raw/20260201_20260228_p0001.xml,포함: 월별 visitors에 합산,"touDivNm=외지인(b); sido=areaCode, sigungu=signguCode",Together_with_my_dog_cityselection/fetch_tourapi.py:258 summarize_month()
28,2026-02,20260209,410014.5,runs/api_candidates_sido_202509_202608/raw/20260201_20260228_p0001.xml,포함: 월별 visitors에 합산,"touDivNm=외지인(b); sido=areaCode, sigungu=signguCode",Together_with_my_dog_cityselection/fetch_tourapi.py:258 summarize_month()
28,2026-02,20260210,416276.0,runs/api_candidates_sido_202509_202608/raw/20260201_20260228_p0001.xml,포함: 월별 visitors에 합산,"touDivNm=외지인(b); sido=areaCode, sigungu=signguCode",Together_with_my_dog_cityselection/fetch_tourapi.py:258 summarize_month()
28,2026-02,20260211,435221.5,runs/api_candidates_sido_202509_202608/raw/20260201_20260228_p0001.xml,포함: 월별 visitors에 합산,"touDivNm=외지인(b); sido=areaCode, sigungu=signguCode",Together_with_my_dog_cityselection/fetch_tourapi.py:258 summarize_month()
28,2026-02,20260212,451577.0,runs/api_candidates_sido_202509_202608/raw/20260201_20260228_p0001.xml,포함: 월별 visitors에 합산,"touDivNm=외지인(b); sido=areaCode, sigungu=signguCode",Together_with_my_dog_cityselection/fetch_tourapi.py:258 summarize_month()
28,2026-02,20260213,507181.5,runs/api_candidates_sido_202509_202608/raw/20260201_20260228_p0001.xml,포함: 월별 visitors에 합산,"touDivNm=외지인(b); sido=areaCode, sigungu=signguCode",Together_with_my_dog_cityselection/fetch_tourapi.py:258 summarize_month()
28,2026-02,20260214,674282.0,runs/api_candidates_sido_202509_202608/raw/20260201_20260228_p0001.xml,포함: 월별 visitors에 합산,"touDivNm=외지인(b); sido=areaCode, sigungu=signguCode",Together_with_my_dog_cityselection/fetch_tourapi.py:258 summarize_month()
28,2026-02,20260215,735220.5,runs/api_candidates_sido_202509_202608/raw/20260201_20260228_p0001.xml,포함: 월별 visitors에 합산,"touDivNm=외지인(b); sido=areaCode, sigungu=signguCode",Together_with_my_dog_cityselection/fetch_tourapi.py:258 summarize_month()
28,2026-02,20260216,823273.5,runs/api_candidates_sido_202509_202608/raw/20260201_20260228_p0001.xml,포함: 월별 visitors에 합산,"touDivNm=외지인(b); sido=areaCode, sigungu=signguCode",Together_with_my_dog_cityselection/fetch_tourapi.py:258 summarize_month()
28,2026-02,20260217,945920.5,runs/api_candidates_sido_202509_202608/raw/20260201_20260228_p0001.xml,포함: 월별 visitors에 합산,"touDivNm=외지인(b); sido=areaCode, sigungu=signguCode",Together_with_my_dog_cityselection/fetch_tourapi.py:258 summarize_month()
28,2026-02,20260218,632677.5,runs/api_candidates_sido_202509_202608/raw/20260201_20260228_p0001.xml,포함: 월별 visitors에 합산,"touDivNm=외지인(b); sido=areaCode, sigungu=signguCode",Together_with_my_dog_cityselection/fetch_tourapi.py:258 summarize_month()
28,2026-02,20260219,451405.5,runs/api_candidates_sido_202509_202608/raw/20260201_20260228_p0001.xml,포함: 월별 visitors에 합산,"touDivNm=외지인(b); sido=areaCode, sigungu=signguCode",Together_with_my_dog_cityselection/fetch_tourapi.py:258 summarize_month()
28,2026-02,20260220,493475.5,runs/api_candidates_sido_202509_202608/raw/20260201_20260228_p0001.xml,포함: 월별 visitors에 합산,"touDivNm=외지인(b); sido=areaCode, sigungu=signguCode",Together_with_my_dog_cityselection/fetch_tourapi.py:258 summarize_month()
28,2026-02,20260221,605913.0,runs/api_candidates_sido_202509_202608/raw/20260201_20260228_p0001.xml,포함: 월별 visitors에 합산,"touDivNm=외지인(b); sido=areaCode, sigungu=signguCode",Together_with_my_dog_cityselection/fetch_tourapi.py:258 summarize_month()
28,2026-02,20260222,535559.5,runs/api_candidates_sido_202509_202608/raw/20260201_20260228_p0001.xml,포함: 월별 visitors에 합산,"touDivNm=외지인(b); sido=areaCode, sigungu=signguCode",Together_with_my_dog_cityselection/fetch_tourapi.py:258 summarize_month()
28,2026-02,20260223,458892.0,runs/api_candidates_sido_202509_202608/raw/20260201_20260228_p0001.xml,포함: 월별 visitors에 합산,"touDivNm=외지인(b); sido=areaCode, sigungu=signguCode",Together_with_my_dog_cityselection/fetch_tourapi.py:258 summarize_month()
28,2026-02,20260224,460943.0,runs/api_candidates_sido_202509_202608/raw/20260201_20260228_p0001.xml,포함: 월별 visitors에 합산,"touDivNm=외지인(b); sido=areaCode, sigungu=signguCode",Together_with_my_dog_cityselection/fetch_tourapi.py:258 summarize_month()
28,2026-02,20260225,494546.5,runs/api_candidates_sido_202509_202608/raw/20260201_20260228_p0001.xml,포함: 월별 visitors에 합산,"touDivNm=외지인(b); sido=areaCode, sigungu=signguCode",Together_with_my_dog_cityselection/fetch_tourapi.py:258 summarize_month()
28,2026-02,20260226,510975.5,runs/api_candidates_sido_202509_202608/raw/20260201_20260228_p0001.xml,포함: 월별 visitors에 합산,"touDivNm=외지인(b); sido=areaCode, sigungu=signguCode",Together_with_my_dog_cityselection/fetch_tourapi.py:258 summarize_month()
28,2026-02,20260227,563115.0,runs/api_candidates_sido_202509_202608/raw/20260201_20260228_p0001.xml,포함: 월별 visitors에 합산,"touDivNm=외지인(b); sido=areaCode, sigungu=signguCode",Together_with_my_dog_cityselection/fetch_tourapi.py:258 summarize_month()
28,2026-02,20260228,729032.5,runs/api_candidates_sido_202509_202608/raw/20260201_20260228_p0001.xml,포함: 월별 visitors에 합산,"touDivNm=외지인(b); sido=areaCode, sigungu=signguCode",Together_with_my_dog_cityselection/fetch_tourapi.py:258 summarize_month()
28,2026-03,20260301,640556.0,runs/api_candidates_sido_202509_202608/raw/20260301_20260331_p0001.xml,포함: 월별 visitors에 합산,"touDivNm=외지인(b); sido=areaCode, sigungu=signguCode",Together_with_my_dog_cityselection/fetch_tourapi.py:258 summarize_month()
28,2026-03,20260302,484683.5,runs/api_candidates_sido_202509_202608/raw/20260301_20260331_p0001.xml,포함: 월별 visitors에 합산,"touDivNm=외지인(b); sido=areaCode, sigungu=signguCode",Together_with_my_dog_cityselection/fetch_tourapi.py:258 summarize_month()
28,2026-03,20260303,425624.5,runs/api_candidates_sido_202509_202608/raw/20260301_20260331_p0001.xml,포함: 월별 visitors에 합산,"touDivNm=외지인(b); sido=areaCode, sigungu=signguCode",Together_with_my_dog_cityselection/fetch_tourapi.py:258 summarize_month()
28,2026-03,20260304,436303.0,runs/api_candidates_sido_202509_202608/raw/20260301_20260331_p0001.xml,포함: 월별 visitors에 합산,"touDivNm=외지인(b); sido=areaCode, sigungu=signguCode",Together_with_my_dog_cityselection/fetch_tourapi.py:258 summarize_month()
28,2026-03,20260305,445413.5,runs/api_candidates_sido_202509_202608/raw/20260301_20260331_p0001.xml,포함: 월별 visitors에 합산,"touDivNm=외지인(b); sido=areaCode, sigungu=signguCode",Together_with_my_dog_cityselection/fetch_tourapi.py:258 summarize_month()
28,2026-03,20260306,469990.5,runs/api_candidates_sido_202509_202608/raw/20260301_20260331_p0001.xml,포함: 월별 visitors에 합산,"touDivNm=외지인(b); sido=areaCode, sigungu=signguCode",Together_with_my_dog_cityselection/fetch_tourapi.py:258 summarize_month()
28,2026-03,20260307,604037.0,runs/api_candidates_sido_202509_202608/raw/20260301_20260331_p0001.xml,포함: 월별 visitors에 합산,"touDivNm=외지인(b); sido=areaCode, sigungu=signguCode",Together_with_my_dog_cityselection/fetch_tourapi.py:258 summarize_month()
28,2026-03,20260308,533039.5,runs/api_candidates_sido_202509_202608/raw/20260301_20260331_p0001.xml,포함: 월별 visitors에 합산,"touDivNm=외지인(b); sido=areaCode, sigungu=signguCode",Together_with_my_dog_cityselection/fetch_tourapi.py:258 summarize_month()
28,2026-03,20260309,456970.5,runs/api_candidates_sido_202509_202608/raw/20260301_20260331_p0001.xml,포함: 월별 visitors에 합산,"touDivNm=외지인(b); sido=areaCode, sigungu=signguCode",Together_with_my_dog_cityselection/fetch_tourapi.py:258 summarize_month()
28,2026-03,20260310,468783.0,runs/api_candidates_sido_202509_202608/raw/20260301_20260331_p0001.xml,포함: 월별 visitors에 합산,"touDivNm=외지인(b); sido=areaCode, sigungu=signguCode",Together_with_my_dog_cityselection/fetch_tourapi.py:258 summarize_month()
28,2026-03,20260311,477151.5,runs/api_candidates_sido_202509_202608/raw/20260301_20260331_p0001.xml,포함: 월별 visitors에 합산,"touDivNm=외지인(b); sido=areaCode, sigungu=signguCode",Together_with_my_dog_cityselection/fetch_tourapi.py:258 summarize_month()
28,2026-03,20260312,491732.5,runs/api_candidates_sido_202509_202608/raw/20260301_20260331_p0001.xml,포함: 월별 visitors에 합산,"touDivNm=외지인(b); sido=areaCode, sigungu=signguCode",Together_with_my_dog_cityselection/fetch_tourapi.py:258 summarize_month()
28,2026-03,20260313,526883.0,runs/api_candidates_sido_202509_202608/raw/20260301_20260331_p0001.xml,포함: 월별 visitors에 합산,"touDivNm=외지인(b); sido=areaCode, sigungu=signguCode",Together_with_my_dog_cityselection/fetch_tourapi.py:258 summarize_month()
28,2026-03,20260314,660450.0,runs/api_candidates_sido_202509_202608/raw/20260301_20260331_p0001.xml,포함: 월별 visitors에 합산,"touDivNm=외지인(b); sido=areaCode, sigungu=signguCode",Together_with_my_dog_cityselection/fetch_tourapi.py:258 summarize_month()
28,2026-03,20260315,588836.5,runs/api_candidates_sido_202509_202608/raw/20260301_20260331_p0001.xml,포함: 월별 visitors에 합산,"touDivNm=외지인(b); sido=areaCode, sigungu=signguCode",Together_with_my_dog_cityselection/fetch_tourapi.py:258 summarize_month()
28,2026-03,20260316,492425.5,runs/api_candidates_sido_202509_202608/raw/20260301_20260331_p0001.xml,포함: 월별 visitors에 합산,"touDivNm=외지인(b); sido=areaCode, sigungu=signguCode",Together_with_my_dog_cityselection/fetch_tourapi.py:258 summarize_month()
28,2026-03,20260317,501098.5,runs/api_candidates_sido_202509_202608/raw/20260301_20260331_p0001.xml,포함: 월별 visitors에 합산,"touDivNm=외지인(b); sido=areaCode, sigungu=signguCode",Together_with_my_dog_cityselection/fetch_tourapi.py:258 summarize_month()
28,2026-03,20260318,497269.5,runs/api_candidates_sido_202509_202608/raw/20260301_20260331_p0001.xml,포함: 월별 visitors에 합산,"touDivNm=외지인(b); sido=areaCode, sigungu=signguCode",Together_with_my_dog_cityselection/fetch_tourapi.py:258 summarize_month()
28,2026-03,20260319,521160.5,runs/api_candidates_sido_202509_202608/raw/20260301_20260331_p0001.xml,포함: 월별 visitors에 합산,"touDivNm=외지인(b); sido=areaCode, sigungu=signguCode",Together_with_my_dog_cityselection/fetch_tourapi.py:258 summarize_month()
28,2026-03,20260320,556111.5,runs/api_candidates_sido_202509_202608/raw/20260301_20260331_p0001.xml,포함: 월별 visitors에 합산,"touDivNm=외지인(b); sido=areaCode, sigungu=signguCode",Together_with_my_dog_cityselection/fetch_tourapi.py:258 summarize_month()
28,2026-03,20260321,706349.0,runs/api_candidates_sido_202509_202608/raw/20260301_20260331_p0001.xml,포함: 월별 visitors에 합산,"touDivNm=외지인(b); sido=areaCode, sigungu=signguCode",Together_with_my_dog_cityselection/fetch_tourapi.py:258 summarize_month()
28,2026-03,20260322,641840.5,runs/api_candidates_sido_202509_202608/raw/20260301_20260331_p0001.xml,포함: 월별 visitors에 합산,"touDivNm=외지인(b); sido=areaCode, sigungu=signguCode",Together_with_my_dog_cityselection/fetch_tourapi.py:258 summarize_month()
28,2026-03,20260323,523320.0,runs/api_candidates_sido_202509_202608/raw/20260301_20260331_p0001.xml,포함: 월별 visitors에 합산,"touDivNm=외지인(b); sido=areaCode, sigungu=signguCode",Together_with_my_dog_cityselection/fetch_tourapi.py:258 summarize_month()
28,2026-03,20260324,523736.5,runs/api_candidates_sido_202509_202608/raw/20260301_20260331_p0001.xml,포함: 월별 visitors에 합산,"touDivNm=외지인(b); sido=areaCode, sigungu=signguCode",Together_with_my_dog_cityselection/fetch_tourapi.py:258 summarize_month()
28,2026-03,20260325,541327.5,runs/api_candidates_sido_202509_202608/raw/20260301_20260331_p0001.xml,포함: 월별 visitors에 합산,"touDivNm=외지인(b); sido=areaCode, sigungu=signguCode",Together_with_my_dog_cityselection/fetch_tourapi.py:258 summarize_month()
28,2026-03,20260326,549164.0,runs/api_candidates_sido_202509_202608/raw/20260301_20260331_p0001.xml,포함: 월별 visitors에 합산,"touDivNm=외지인(b); sido=areaCode, sigungu=signguCode",Together_with_my_dog_cityselection/fetch_tourapi.py:258 summarize_month()
28,2026-03,20260327,583810.5,runs/api_candidates_sido_202509_202608/raw/20260301_20260331_p0001.xml,포함: 월별 visitors에 합산,"touDivNm=외지인(b); sido=areaCode, sigungu=signguCode",Together_with_my_dog_cityselection/fetch_tourapi.py:258 summarize_month()
28,2026-03,20260328,725746.0,runs/api_candidates_sido_202509_202608/raw/20260301_20260331_p0001.xml,포함: 월별 visitors에 합산,"touDivNm=외지인(b); sido=areaCode, sigungu=signguCode",Together_with_my_dog_cityselection/fetch_tourapi.py:258 summarize_month()
28,2026-03,20260329,647668.0,runs/api_candidates_sido_202509_202608/raw/20260301_20260331_p0001.xml,포함: 월별 visitors에 합산,"touDivNm=외지인(b); sido=areaCode, sigungu=signguCode",Together_with_my_dog_cityselection/fetch_tourapi.py:258 summarize_month()
28,2026-03,20260330,533760.5,runs/api_candidates_sido_202509_202608/raw/20260301_20260331_p0001.xml,포함: 월별 visitors에 합산,"touDivNm=외지인(b); sido=areaCode, sigungu=signguCode",Together_with_my_dog_cityselection/fetch_tourapi.py:258 summarize_month()
28,2026-03,20260331,536658.5,runs/api_candidates_sido_202509_202608/raw/20260301_20260331_p0001.xml,포함: 월별 visitors에 합산,"touDivNm=외지인(b); sido=areaCode, sigungu=signguCode",Together_with_my_dog_cityselection/fetch_tourapi.py:258 summarize_month()
28,2026-04,20260401,334771.5,runs/api_candidates_sido_202509_202608/raw/20260401_20260430_p0001.xml,포함: 월별 visitors에 합산,"touDivNm=외지인(b); sido=areaCode, sigungu=signguCode",Together_with_my_dog_cityselection/fetch_tourapi.py:258 summarize_month()
28,2026-04,20260402,351750.0,runs/api_candidates_sido_202509_202608/raw/20260401_20260430_p0001.xml,포함: 월별 visitors에 합산,"touDivNm=외지인(b); sido=areaCode, sigungu=signguCode",Together_with_my_dog_cityselection/fetch_tourapi.py:258 summarize_month()
28,2026-04,20260403,404022.5,runs/api_candidates_sido_202509_202608/raw/20260401_20260430_p0001.xml,포함: 월별 visitors에 합산,"touDivNm=외지인(b); sido=areaCode, sigungu=signguCode",Together_with_my_dog_cityselection/fetch_tourapi.py:258 summarize_month()
28,2026-04,20260404,612416.0,runs/api_candidates_sido_202509_202608/raw/20260401_20260430_p0001.xml,포함: 월별 visitors에 합산,"touDivNm=외지인(b); sido=areaCode, sigungu=signguCode",Together_with_my_dog_cityselection/fetch_tourapi.py:258 summarize_month()
28,2026-04,20260405,550907.0,runs/api_candidates_sido_202509_202608/raw/20260401_20260430_p0001.xml,포함: 월별 visitors에 합산,"touDivNm=외지인(b); sido=areaCode, sigungu=signguCode",Together_with_my_dog_cityselection/fetch_tourapi.py:258 summarize_month()
28,2026-04,20260406,349223.0,runs/api_candidates_sido_202509_202608/raw/20260401_20260430_p0001.xml,포함: 월별 visitors에 합산,"touDivNm=외지인(b); sido=areaCode, sigungu=signguCode",Together_with_my_dog_cityselection/fetch_tourapi.py:258 summarize_month()
28,2026-04,20260407,365403.5,runs/api_candidates_sido_202509_202608/raw/20260401_20260430_p0001.xml,포함: 월별 visitors에 합산,"touDivNm=외지인(b); sido=areaCode, sigungu=signguCode",Together_with_my_dog_cityselection/fetch_tourapi.py:258 summarize_month()
28,2026-04,20260408,384625.5,runs/api_candidates_sido_202509_202608/raw/20260401_20260430_p0001.xml,포함: 월별 visitors에 합산,"touDivNm=외지인(b); sido=areaCode, sigungu=signguCode",Together_with_my_dog_cityselection/fetch_tourapi.py:258 summarize_month()
28,2026-04,20260409,364899.5,runs/api_candidates_sido_202509_202608/raw/20260401_20260430_p0001.xml,포함: 월별 visitors에 합산,"touDivNm=외지인(b); sido=areaCode, sigungu=signguCode",Together_with_my_dog_cityselection/fetch_tourapi.py:258 summarize_month()
28,2026-04,20260410,430969.0,runs/api_candidates_sido_202509_202608/raw/20260401_20260430_p0001.xml,포함: 월별 visitors에 합산,"touDivNm=외지인(b); sido=areaCode, sigungu=signguCode",Together_with_my_dog_cityselection/fetch_tourapi.py:258 summarize_month()
28,2026-04,20260411,671440.0,runs/api_candidates_sido_202509_202608/raw/20260401_20260430_p0001.xml,포함: 월별 visitors에 합산,"touDivNm=외지인(b); sido=areaCode, sigungu=signguCode",Together_with_my_dog_cityselection/fetch_tourapi.py:258 summarize_month()
28,2026-04,20260412,573909.0,runs/api_candidates_sido_202509_202608/raw/20260401_20260430_p0001.xml,포함: 월별 visitors에 합산,"touDivNm=외지인(b); sido=areaCode, sigungu=signguCode",Together_with_my_dog_cityselection/fetch_tourapi.py:258 summarize_month()
28,2026-04,20260413,397341.0,runs/api_candidates_sido_202509_202608/raw/20260401_20260430_p0001.xml,포함: 월별 visitors에 합산,"touDivNm=외지인(b); sido=areaCode, sigungu=signguCode",Together_with_my_dog_cityselection/fetch_tourapi.py:258 summarize_month()
28,2026-04,20260414,397547.5,runs/api_candidates_sido_202509_202608/raw/20260401_20260430_p0001.xml,포함: 월별 visitors에 합산,"touDivNm=외지인(b); sido=areaCode, sigungu=signguCode",Together_with_my_dog_cityselection/fetch_tourapi.py:258 summarize_month()
28,2026-04,20260415,413392.0,runs/api_candidates_sido_202509_202608/raw/20260401_20260430_p0001.xml,포함: 월별 visitors에 합산,"touDivNm=외지인(b); sido=areaCode, sigungu=signguCode",Together_with_my_dog_cityselection/fetch_tourapi.py:258 summarize_month()
28,2026-04,20260416,428816.5,runs/api_candidates_sido_202509_202608/raw/20260401_20260430_p0001.xml,포함: 월별 visitors에 합산,"touDivNm=외지인(b); sido=areaCode, sigungu=signguCode",Together_with_my_dog_cityselection/fetch_tourapi.py:258 summarize_month()
28,2026-04,20260417,476098.0,runs/api_candidates_sido_202509_202608/raw/20260401_20260430_p0001.xml,포함: 월별 visitors에 합산,"touDivNm=외지인(b); sido=areaCode, sigungu=signguCode",Together_with_my_dog_cityselection/fetch_tourapi.py:258 summarize_month()
28,2026-04,20260418,660296.0,runs/api_candidates_sido_202509_202608/raw/20260401_20260430_p0001.xml,포함: 월별 visitors에 합산,"touDivNm=외지인(b); sido=areaCode, sigungu=signguCode",Together_with_my_dog_cityselection/fetch_tourapi.py:258 summarize_month()
28,2026-04,20260419,578977.0,runs/api_candidates_sido_202509_202608/raw/20260401_20260430_p0001.xml,포함: 월별 visitors에 합산,"touDivNm=외지인(b); sido=areaCode, sigungu=signguCode",Together_with_my_dog_cityselection/fetch_tourapi.py:258 summarize_month()
28,2026-04,20260420,407732.5,runs/api_candidates_sido_202509_202608/raw/20260401_20260430_p0001.xml,포함: 월별 visitors에 합산,"touDivNm=외지인(b); sido=areaCode, sigungu=signguCode",Together_with_my_dog_cityselection/fetch_tourapi.py:258 summarize_month()
28,2026-04,20260421,410228.0,runs/api_candidates_sido_202509_202608/raw/20260401_20260430_p0001.xml,포함: 월별 visitors에 합산,"touDivNm=외지인(b); sido=areaCode, sigungu=signguCode",Together_with_my_dog_cityselection/fetch_tourapi.py:258 summarize_month()
28,2026-04,20260422,423703.0,runs/api_candidates_sido_202509_202608/raw/20260401_20260430_p0001.xml,포함: 월별 visitors에 합산,"touDivNm=외지인(b); sido=areaCode, sigungu=signguCode",Together_with_my_dog_cityselection/fetch_tourapi.py:258 summarize_month()
28,2026-04,20260423,442697.5,runs/api_candidates_sido_202509_202608/raw/20260401_20260430_p0001.xml,포함: 월별 visitors에 합산,"touDivNm=외지인(b); sido=areaCode, sigungu=signguCode",Together_with_my_dog_cityselection/fetch_tourapi.py:258 summarize_month()
28,2026-04,20260424,504469.0,runs/api_candidates_sido_202509_202608/raw/20260401_20260430_p0001.xml,포함: 월별 visitors에 합산,"touDivNm=외지인(b); sido=areaCode, sigungu=signguCode",Together_with_my_dog_cityselection/fetch_tourapi.py:258 summarize_month()
28,2026-04,20260425,683595.5,runs/api_candidates_sido_202509_202608/raw/20260401_20260430_p0001.xml,포함: 월별 visitors에 합산,"touDivNm=외지인(b); sido=areaCode, sigungu=signguCode",Together_with_my_dog_cityselection/fetch_tourapi.py:258 summarize_month()
28,2026-04,20260426,605153.5,runs/api_candidates_sido_202509_202608/raw/20260401_20260430_p0001.xml,포함: 월별 visitors에 합산,"touDivNm=외지인(b); sido=areaCode, sigungu=signguCode",Together_with_my_dog_cityselection/fetch_tourapi.py:258 summarize_month()
28,2026-04,20260427,435477.0,runs/api_candidates_sido_202509_202608/raw/20260401_20260430_p0001.xml,포함: 월별 visitors에 합산,"touDivNm=외지인(b); sido=areaCode, sigungu=signguCode",Together_with_my_dog_cityselection/fetch_tourapi.py:258 summarize_month()
28,2026-04,20260428,429373.0,runs/api_candidates_sido_202509_202608/raw/20260401_20260430_p0001.xml,포함: 월별 visitors에 합산,"touDivNm=외지인(b); sido=areaCode, sigungu=signguCode",Together_with_my_dog_cityselection/fetch_tourapi.py:258 summarize_month()
28,2026-04,20260429,454653.5,runs/api_candidates_sido_202509_202608/raw/20260401_20260430_p0001.xml,포함: 월별 visitors에 합산,"touDivNm=외지인(b); sido=areaCode, sigungu=signguCode",Together_with_my_dog_cityselection/fetch_tourapi.py:258 summarize_month()
28,2026-04,20260430,522025.0,runs/api_candidates_sido_202509_202608/raw/20260401_20260430_p0001.xml,포함: 월별 visitors에 합산,"touDivNm=외지인(b); sido=areaCode, sigungu=signguCode",Together_with_my_dog_cityselection/fetch_tourapi.py:258 summarize_month()
28,2026-05,20260501,677278.0,runs/api_candidates_sido_202509_202608/raw/20260501_20260531_p0001.xml,포함: 월별 visitors에 합산,"touDivNm=외지인(b); sido=areaCode, sigungu=signguCode",Together_with_my_dog_cityselection/fetch_tourapi.py:258 summarize_month()
28,2026-05,20260502,708484.0,runs/api_candidates_sido_202509_202608/raw/20260501_20260531_p0001.xml,포함: 월별 visitors에 합산,"touDivNm=외지인(b); sido=areaCode, sigungu=signguCode",Together_with_my_dog_cityselection/fetch_tourapi.py:258 summarize_month()
28,2026-05,20260503,581028.0,runs/api_candidates_sido_202509_202608/raw/20260501_20260531_p0001.xml,포함: 월별 visitors에 합산,"touDivNm=외지인(b); sido=areaCode, sigungu=signguCode",Together_with_my_dog_cityselection/fetch_tourapi.py:258 summarize_month()
28,2026-05,20260504,484141.0,runs/api_candidates_sido_202509_202608/raw/20260501_20260531_p0001.xml,포함: 월별 visitors에 합산,"touDivNm=외지인(b); sido=areaCode, sigungu=signguCode",Together_with_my_dog_cityselection/fetch_tourapi.py:258 summarize_month()
28,2026-05,20260505,534866.5,runs/api_candidates_sido_202509_202608/raw/20260501_20260531_p0001.xml,포함: 월별 visitors에 합산,"touDivNm=외지인(b); sido=areaCode, sigungu=signguCode",Together_with_my_dog_cityselection/fetch_tourapi.py:258 summarize_month()
28,2026-05,20260506,364087.5,runs/api_candidates_sido_202509_202608/raw/20260501_20260531_p0001.xml,포함: 월별 visitors에 합산,"touDivNm=외지인(b); sido=areaCode, sigungu=signguCode",Together_with_my_dog_cityselection/fetch_tourapi.py:258 summarize_month()
28,2026-05,20260507,380765.0,runs/api_candidates_sido_202509_202608/raw/20260501_20260531_p0001.xml,포함: 월별 visitors에 합산,"touDivNm=외지인(b); sido=areaCode, sigungu=signguCode",Together_with_my_dog_cityselection/fetch_tourapi.py:258 summarize_month()
28,2026-05,20260508,451199.0,runs/api_candidates_sido_202509_202608/raw/20260501_20260531_p0001.xml,포함: 월별 visitors에 합산,"touDivNm=외지인(b); sido=areaCode, sigungu=signguCode",Together_with_my_dog_cityselection/fetch_tourapi.py:258 summarize_month()
28,2026-05,20260509,651721.0,runs/api_candidates_sido_202509_202608/raw/20260501_20260531_p0001.xml,포함: 월별 visitors에 합산,"touDivNm=외지인(b); sido=areaCode, sigungu=signguCode",Together_with_my_dog_cityselection/fetch_tourapi.py:258 summarize_month()
28,2026-05,20260510,579169.5,runs/api_candidates_sido_202509_202608/raw/20260501_20260531_p0001.xml,포함: 월별 visitors에 합산,"touDivNm=외지인(b); sido=areaCode, sigungu=signguCode",Together_with_my_dog_cityselection/fetch_tourapi.py:258 summarize_month()
28,2026-05,20260511,394555.0,runs/api_candidates_sido_202509_202608/raw/20260501_20260531_p0001.xml,포함: 월별 visitors에 합산,"touDivNm=외지인(b); sido=areaCode, sigungu=signguCode",Together_with_my_dog_cityselection/fetch_tourapi.py:258 summarize_month()
28,2026-05,20260512,398034.0,runs/api_candidates_sido_202509_202608/raw/20260501_20260531_p0001.xml,포함: 월별 visitors에 합산,"touDivNm=외지인(b); sido=areaCode, sigungu=signguCode",Together_with_my_dog_cityselection/fetch_tourapi.py:258 summarize_month()
28,2026-05,20260513,415698.5,runs/api_candidates_sido_202509_202608/raw/20260501_20260531_p0001.xml,포함: 월별 visitors에 합산,"touDivNm=외지인(b); sido=areaCode, sigungu=signguCode",Together_with_my_dog_cityselection/fetch_tourapi.py:258 summarize_month()
28,2026-05,20260514,433076.0,runs/api_candidates_sido_202509_202608/raw/20260501_20260531_p0001.xml,포함: 월별 visitors에 합산,"touDivNm=외지인(b); sido=areaCode, sigungu=signguCode",Together_with_my_dog_cityselection/fetch_tourapi.py:258 summarize_month()
28,2026-05,20260515,494336.5,runs/api_candidates_sido_202509_202608/raw/20260501_20260531_p0001.xml,포함: 월별 visitors에 합산,"touDivNm=외지인(b); sido=areaCode, sigungu=signguCode",Together_with_my_dog_cityselection/fetch_tourapi.py:258 summarize_month()
28,2026-05,20260516,686227.5,runs/api_candidates_sido_202509_202608/raw/20260501_20260531_p0001.xml,포함: 월별 visitors에 합산,"touDivNm=외지인(b); sido=areaCode, sigungu=signguCode",Together_with_my_dog_cityselection/fetch_tourapi.py:258 summarize_month()
28,2026-05,20260517,609724.5,runs/api_candidates_sido_202509_202608/raw/20260501_20260531_p0001.xml,포함: 월별 visitors에 합산,"touDivNm=외지인(b); sido=areaCode, sigungu=signguCode",Together_with_my_dog_cityselection/fetch_tourapi.py:258 summarize_month()
28,2026-05,20260518,433373.5,runs/api_candidates_sido_202509_202608/raw/20260501_20260531_p0001.xml,포함: 월별 visitors에 합산,"touDivNm=외지인(b); sido=areaCode, sigungu=signguCode",Together_with_my_dog_cityselection/fetch_tourapi.py:258 summarize_month()
28,2026-05,20260519,426636.0,runs/api_candidates_sido_202509_202608/raw/20260501_20260531_p0001.xml,포함: 월별 visitors에 합산,"touDivNm=외지인(b); sido=areaCode, sigungu=signguCode",Together_with_my_dog_cityselection/fetch_tourapi.py:258 summarize_month()
28,2026-05,20260520,409003.0,runs/api_candidates_sido_202509_202608/raw/20260501_20260531_p0001.xml,포함: 월별 visitors에 합산,"touDivNm=외지인(b); sido=areaCode, sigungu=signguCode",Together_with_my_dog_cityselection/fetch_tourapi.py:258 summarize_month()
28,2026-05,20260521,442690.5,runs/api_candidates_sido_202509_202608/raw/20260501_20260531_p0001.xml,포함: 월별 visitors에 합산,"touDivNm=외지인(b); sido=areaCode, sigungu=signguCode",Together_with_my_dog_cityselection/fetch_tourapi.py:258 summarize_month()
28,2026-05,20260522,529049.5,runs/api_candidates_sido_202509_202608/raw/20260501_20260531_p0001.xml,포함: 월별 visitors에 합산,"touDivNm=외지인(b); sido=areaCode, sigungu=signguCode",Together_with_my_dog_cityselection/fetch_tourapi.py:258 summarize_month()
28,2026-05,20260523,721633.5,runs/api_candidates_sido_202509_202608/raw/20260501_20260531_p0001.xml,포함: 월별 visitors에 합산,"touDivNm=외지인(b); sido=areaCode, sigungu=signguCode",Together_with_my_dog_cityselection/fetch_tourapi.py:258 summarize_month()
28,2026-05,20260524,743613.5,runs/api_candidates_sido_202509_202608/raw/20260501_20260531_p0001.xml,포함: 월별 visitors에 합산,"touDivNm=외지인(b); sido=areaCode, sigungu=signguCode",Together_with_my_dog_cityselection/fetch_tourapi.py:258 summarize_month()
28,2026-05,20260525,617876.0,runs/api_candidates_sido_202509_202608/raw/20260501_20260531_p0001.xml,포함: 월별 visitors에 합산,"touDivNm=외지인(b); sido=areaCode, sigungu=signguCode",Together_with_my_dog_cityselection/fetch_tourapi.py:258 summarize_month()
28,2026-05,20260526,428109.5,runs/api_candidates_sido_202509_202608/raw/20260501_20260531_p0001.xml,포함: 월별 visitors에 합산,"touDivNm=외지인(b); sido=areaCode, sigungu=signguCode",Together_with_my_dog_cityselection/fetch_tourapi.py:258 summarize_month()
28,2026-05,20260527,443838.5,runs/api_candidates_sido_202509_202608/raw/20260501_20260531_p0001.xml,포함: 월별 visitors에 합산,"touDivNm=외지인(b); sido=areaCode, sigungu=signguCode",Together_with_my_dog_cityselection/fetch_tourapi.py:258 summarize_month()
28,2026-05,20260528,463638.0,runs/api_candidates_sido_202509_202608/raw/20260501_20260531_p0001.xml,포함: 월별 visitors에 합산,"touDivNm=외지인(b); sido=areaCode, sigungu=signguCode",Together_with_my_dog_cityselection/fetch_tourapi.py:258 summarize_month()
28,2026-05,20260529,521363.5,runs/api_candidates_sido_202509_202608/raw/20260501_20260531_p0001.xml,포함: 월별 visitors에 합산,"touDivNm=외지인(b); sido=areaCode, sigungu=signguCode",Together_with_my_dog_cityselection/fetch_tourapi.py:258 summarize_month()
28,2026-05,20260530,711137.0,runs/api_candidates_sido_202509_202608/raw/20260501_20260531_p0001.xml,포함: 월별 visitors에 합산,"touDivNm=외지인(b); sido=areaCode, sigungu=signguCode",Together_with_my_dog_cityselection/fetch_tourapi.py:258 summarize_month()
28,2026-05,20260531,615321.0,runs/api_candidates_sido_202509_202608/raw/20260501_20260531_p0001.xml,포함: 월별 visitors에 합산,"touDivNm=외지인(b); sido=areaCode, sigungu=signguCode",Together_with_my_dog_cityselection/fetch_tourapi.py:258 summarize_month()
28,2026-06,20260601,357595.0,runs/api_candidates_sido_202509_202608/raw/20260601_20260630_p0001.xml,포함: 월별 visitors에 합산,"touDivNm=외지인(b); sido=areaCode, sigungu=signguCode",Together_with_my_dog_cityselection/fetch_tourapi.py:258 summarize_month()
28,2026-06,20260602,400648.5,runs/api_candidates_sido_202509_202608/raw/20260601_20260630_p0001.xml,포함: 월별 visitors에 합산,"touDivNm=외지인(b); sido=areaCode, sigungu=signguCode",Together_with_my_dog_cityselection/fetch_tourapi.py:258 summarize_month()
28,2026-06,20260603,475982.5,runs/api_candidates_sido_202509_202608/raw/20260601_20260630_p0001.xml,포함: 월별 visitors에 합산,"touDivNm=외지인(b); sido=areaCode, sigungu=signguCode",Together_with_my_dog_cityselection/fetch_tourapi.py:258 summarize_month()
28,2026-06,20260604,374923.5,runs/api_candidates_sido_202509_202608/raw/20260601_20260630_p0001.xml,포함: 월별 visitors에 합산,"touDivNm=외지인(b); sido=areaCode, sigungu=signguCode",Together_with_my_dog_cityselection/fetch_tourapi.py:258 summarize_month()
28,2026-06,20260605,422110.5,runs/api_candidates_sido_202509_202608/raw/20260601_20260630_p0001.xml,포함: 월별 visitors에 합산,"touDivNm=외지인(b); sido=areaCode, sigungu=signguCode",Together_with_my_dog_cityselection/fetch_tourapi.py:258 summarize_month()
28,2026-06,20260606,598962.0,runs/api_candidates_sido_202509_202608/raw/20260601_20260630_p0001.xml,포함: 월별 visitors에 합산,"touDivNm=외지인(b); sido=areaCode, sigungu=signguCode",Together_with_my_dog_cityselection/fetch_tourapi.py:258 summarize_month()
28,2026-06,20260607,507976.0,runs/api_candidates_sido_202509_202608/raw/20260601_20260630_p0001.xml,포함: 월별 visitors에 합산,"touDivNm=외지인(b); sido=areaCode, sigungu=signguCode",Together_with_my_dog_cityselection/fetch_tourapi.py:258 summarize_month()
28,2026-06,20260608,385406.0,runs/api_candidates_sido_202509_202608/raw/20260601_20260630_p0001.xml,포함: 월별 visitors에 합산,"touDivNm=외지인(b); sido=areaCode, sigungu=signguCode",Together_with_my_dog_cityselection/fetch_tourapi.py:258 summarize_month()
28,2026-06,20260609,391097.0,runs/api_candidates_sido_202509_202608/raw/20260601_20260630_p0001.xml,포함: 월별 visitors에 합산,"touDivNm=외지인(b); sido=areaCode, sigungu=signguCode",Together_with_my_dog_cityselection/fetch_tourapi.py:258 summarize_month()
28,2026-06,20260610,405986.0,runs/api_candidates_sido_202509_202608/raw/20260601_20260630_p0001.xml,포함: 월별 visitors에 합산,"touDivNm=외지인(b); sido=areaCode, sigungu=signguCode",Together_with_my_dog_cityselection/fetch_tourapi.py:258 summarize_month()
28,2026-06,20260611,417847.5,runs/api_candidates_sido_202509_202608/raw/20260601_20260630_p0001.xml,포함: 월별 visitors에 합산,"touDivNm=외지인(b); sido=areaCode, sigungu=signguCode",Together_with_my_dog_cityselection/fetch_tourapi.py:258 summarize_month()
28,2026-06,20260612,462014.0,runs/api_candidates_sido_202509_202608/raw/20260601_20260630_p0001.xml,포함: 월별 visitors에 합산,"touDivNm=외지인(b); sido=areaCode, sigungu=signguCode",Together_with_my_dog_cityselection/fetch_tourapi.py:258 summarize_month()
28,2026-06,20260613,629226.5,runs/api_candidates_sido_202509_202608/raw/20260601_20260630_p0001.xml,포함: 월별 visitors에 합산,"touDivNm=외지인(b); sido=areaCode, sigungu=signguCode",Together_with_my_dog_cityselection/fetch_tourapi.py:258 summarize_month()
28,2026-06,20260614,537719.0,runs/api_candidates_sido_202509_202608/raw/20260601_20260630_p0001.xml,포함: 월별 visitors에 합산,"touDivNm=외지인(b); sido=areaCode, sigungu=signguCode",Together_with_my_dog_cityselection/fetch_tourapi.py:258 summarize_month()
28,2026-06,20260615,421624.0,runs/api_candidates_sido_202509_202608/raw/20260601_20260630_p0001.xml,포함: 월별 visitors에 합산,"touDivNm=외지인(b); sido=areaCode, sigungu=signguCode",Together_with_my_dog_cityselection/fetch_tourapi.py:258 summarize_month()
28,2026-06,20260616,428592.5,runs/api_candidates_sido_202509_202608/raw/20260601_20260630_p0001.xml,포함: 월별 visitors에 합산,"touDivNm=외지인(b); sido=areaCode, sigungu=signguCode",Together_with_my_dog_cityselection/fetch_tourapi.py:258 summarize_month()
28,2026-06,20260617,442274.0,runs/api_candidates_sido_202509_202608/raw/20260601_20260630_p0001.xml,포함: 월별 visitors에 합산,"touDivNm=외지인(b); sido=areaCode, sigungu=signguCode",Together_with_my_dog_cityselection/fetch_tourapi.py:258 summarize_month()
28,2026-06,20260618,452725.0,runs/api_candidates_sido_202509_202608/raw/20260601_20260630_p0001.xml,포함: 월별 visitors에 합산,"touDivNm=외지인(b); sido=areaCode, sigungu=signguCode",Together_with_my_dog_cityselection/fetch_tourapi.py:258 summarize_month()
28,2026-06,20260619,487249.0,runs/api_candidates_sido_202509_202608/raw/20260601_20260630_p0001.xml,포함: 월별 visitors에 합산,"touDivNm=외지인(b); sido=areaCode, sigungu=signguCode",Together_with_my_dog_cityselection/fetch_tourapi.py:258 summarize_month()
28,2026-06,20260620,622513.5,runs/api_candidates_sido_202509_202608/raw/20260601_20260630_p0001.xml,포함: 월별 visitors에 합산,"touDivNm=외지인(b); sido=areaCode, sigungu=signguCode",Together_with_my_dog_cityselection/fetch_tourapi.py:258 summarize_month()
28,2026-06,20260621,588367.5,runs/api_candidates_sido_202509_202608/raw/20260601_20260630_p0001.xml,포함: 월별 visitors에 합산,"touDivNm=외지인(b); sido=areaCode, sigungu=signguCode",Together_with_my_dog_cityselection/fetch_tourapi.py:258 summarize_month()
28,2026-06,20260622,456389.5,runs/api_candidates_sido_202509_202608/raw/20260601_20260630_p0001.xml,포함: 월별 visitors에 합산,"touDivNm=외지인(b); sido=areaCode, sigungu=signguCode",Together_with_my_dog_cityselection/fetch_tourapi.py:258 summarize_month()
28,2026-06,20260623,466301.5,runs/api_candidates_sido_202509_202608/raw/20260601_20260630_p0001.xml,포함: 월별 visitors에 합산,"touDivNm=외지인(b); sido=areaCode, sigungu=signguCode",Together_with_my_dog_cityselection/fetch_tourapi.py:258 summarize_month()
28,2026-06,20260624,476462.0,runs/api_candidates_sido_202509_202608/raw/20260601_20260630_p0001.xml,포함: 월별 visitors에 합산,"touDivNm=외지인(b); sido=areaCode, sigungu=signguCode",Together_with_my_dog_cityselection/fetch_tourapi.py:258 summarize_month()
28,2026-06,20260625,476220.5,runs/api_candidates_sido_202509_202608/raw/20260601_20260630_p0001.xml,포함: 월별 visitors에 합산,"touDivNm=외지인(b); sido=areaCode, sigungu=signguCode",Together_with_my_dog_cityselection/fetch_tourapi.py:258 summarize_month()
28,2026-06,20260626,534908.5,runs/api_candidates_sido_202509_202608/raw/20260601_20260630_p0001.xml,포함: 월별 visitors에 합산,"touDivNm=외지인(b); sido=areaCode, sigungu=signguCode",Together_with_my_dog_cityselection/fetch_tourapi.py:258 summarize_month()
28,2026-06,20260627,700920.5,runs/api_candidates_sido_202509_202608/raw/20260601_20260630_p0001.xml,포함: 월별 visitors에 합산,"touDivNm=외지인(b); sido=areaCode, sigungu=signguCode",Together_with_my_dog_cityselection/fetch_tourapi.py:258 summarize_month()
28,2026-06,20260628,615496.0,runs/api_candidates_sido_202509_202608/raw/20260601_20260630_p0001.xml,포함: 월별 visitors에 합산,"touDivNm=외지인(b); sido=areaCode, sigungu=signguCode",Together_with_my_dog_cityselection/fetch_tourapi.py:258 summarize_month()
28,2026-06,20260629,486657.5,runs/api_candidates_sido_202509_202608/raw/20260601_20260630_p0001.xml,포함: 월별 visitors에 합산,"touDivNm=외지인(b); sido=areaCode, sigungu=signguCode",Together_with_my_dog_cityselection/fetch_tourapi.py:258 summarize_month()
28,2026-06,20260630,483462.0,runs/api_candidates_sido_202509_202608/raw/20260601_20260630_p0001.xml,포함: 월별 visitors에 합산,"touDivNm=외지인(b); sido=areaCode, sigungu=signguCode",Together_with_my_dog_cityselection/fetch_tourapi.py:258 summarize_month()
28,2026-07,20260701,367412.5,runs/api_candidates_sido_202509_202608/raw/20260701_20260731_p0001.xml,포함: 월별 visitors에 합산,"touDivNm=외지인(b); sido=areaCode, sigungu=signguCode",Together_with_my_dog_cityselection/fetch_tourapi.py:258 summarize_month()
28,2026-07,20260702,381027.5,runs/api_candidates_sido_202509_202608/raw/20260701_20260731_p0001.xml,포함: 월별 visitors에 합산,"touDivNm=외지인(b); sido=areaCode, sigungu=signguCode",Together_with_my_dog_cityselection/fetch_tourapi.py:258 summarize_month()
28,2026-07,20260703,440667.5,runs/api_candidates_sido_202509_202608/raw/20260701_20260731_p0001.xml,포함: 월별 visitors에 합산,"touDivNm=외지인(b); sido=areaCode, sigungu=signguCode",Together_with_my_dog_cityselection/fetch_tourapi.py:258 summarize_month()
28,2026-07,20260704,632964.5,runs/api_candidates_sido_202509_202608/raw/20260701_20260731_p0001.xml,포함: 월별 visitors에 합산,"touDivNm=외지인(b); sido=areaCode, sigungu=signguCode",Together_with_my_dog_cityselection/fetch_tourapi.py:258 summarize_month()
28,2026-07,20260705,547246.0,runs/api_candidates_sido_202509_202608/raw/20260701_20260731_p0001.xml,포함: 월별 visitors에 합산,"touDivNm=외지인(b); sido=areaCode, sigungu=signguCode",Together_with_my_dog_cityselection/fetch_tourapi.py:258 summarize_month()
28,2026-07,20260706,381983.0,runs/api_candidates_sido_202509_202608/raw/20260701_20260731_p0001.xml,포함: 월별 visitors에 합산,"touDivNm=외지인(b); sido=areaCode, sigungu=signguCode",Together_with_my_dog_cityselection/fetch_tourapi.py:258 summarize_month()
28,2026-07,20260707,381598.0,runs/api_candidates_sido_202509_202608/raw/20260701_20260731_p0001.xml,포함: 월별 visitors에 합산,"touDivNm=외지인(b); sido=areaCode, sigungu=signguCode",Together_with_my_dog_cityselection/fetch_tourapi.py:258 summarize_month()
28,2026-07,20260708,385924.0,runs/api_candidates_sido_202509_202608/raw/20260701_20260731_p0001.xml,포함: 월별 visitors에 합산,"touDivNm=외지인(b); sido=areaCode, sigungu=signguCode",Together_with_my_dog_cityselection/fetch_tourapi.py:258 summarize_month()
28,2026-07,20260709,385332.5,runs/api_candidates_sido_202509_202608/raw/20260701_20260731_p0001.xml,포함: 월별 visitors에 합산,"touDivNm=외지인(b); sido=areaCode, sigungu=signguCode",Together_with_my_dog_cityselection/fetch_tourapi.py:258 summarize_month()
28,2026-07,20260710,453533.5,runs/api_candidates_sido_202509_202608/raw/20260701_20260731_p0001.xml,포함: 월별 visitors에 합산,"touDivNm=외지인(b); sido=areaCode, sigungu=signguCode",Together_with_my_dog_cityselection/fetch_tourapi.py:258 summarize_month()
28,2026-07,20260711,649551.0,runs/api_candidates_sido_202509_202608/raw/20260701_20260731_p0001.xml,포함: 월별 visitors에 합산,"touDivNm=외지인(b); sido=areaCode, sigungu=signguCode",Together_with_my_dog_cityselection/fetch_tourapi.py:258 summarize_month()
28,2026-07,20260712,564399.5,runs/api_candidates_sido_202509_202608/raw/20260701_20260731_p0001.xml,포함: 월별 visitors에 합산,"touDivNm=외지인(b); sido=areaCode, sigungu=signguCode",Together_with_my_dog_cityselection/fetch_tourapi.py:258 summarize_month()
28,2026-07,20260713,418110.0,runs/api_candidates_sido_202509_202608/raw/20260701_20260731_p0001.xml,포함: 월별 visitors에 합산,"touDivNm=외지인(b); sido=areaCode, sigungu=signguCode",Together_with_my_dog_cityselection/fetch_tourapi.py:258 summarize_month()
28,2026-07,20260714,405219.5,runs/api_candidates_sido_202509_202608/raw/20260701_20260731_p0001.xml,포함: 월별 visitors에 합산,"touDivNm=외지인(b); sido=areaCode, sigungu=signguCode",Together_with_my_dog_cityselection/fetch_tourapi.py:258 summarize_month()
28,2026-07,20260715,436663.5,runs/api_candidates_sido_202509_202608/raw/20260701_20260731_p0001.xml,포함: 월별 visitors에 합산,"touDivNm=외지인(b); sido=areaCode, sigungu=signguCode",Together_with_my_dog_cityselection/fetch_tourapi.py:258 summarize_month()
28,2026-07,20260716,511458.5,runs/api_candidates_sido_202509_202608/raw/20260701_20260731_p0001.xml,포함: 월별 visitors에 합산,"touDivNm=외지인(b); sido=areaCode, sigungu=signguCode",Together_with_my_dog_cityselection/fetch_tourapi.py:258 summarize_month()
28,2026-07,20260717,685573.0,runs/api_candidates_sido_202509_202608/raw/20260701_20260731_p0001.xml,포함: 월별 visitors에 합산,"touDivNm=외지인(b); sido=areaCode, sigungu=signguCode",Together_with_my_dog_cityselection/fetch_tourapi.py:258 summarize_month()
28,2026-07,20260718,643793.5,runs/api_candidates_sido_202509_202608/raw/20260701_20260731_p0001.xml,포함: 월별 visitors에 합산,"touDivNm=외지인(b); sido=areaCode, sigungu=signguCode",Together_with_my_dog_cityselection/fetch_tourapi.py:258 summarize_month()
28,2026-07,20260719,591342.5,runs/api_candidates_sido_202509_202608/raw/20260701_20260731_p0001.xml,포함: 월별 visitors에 합산,"touDivNm=외지인(b); sido=areaCode, sigungu=signguCode",Together_with_my_dog_cityselection/fetch_tourapi.py:258 summarize_month()
28,2026-07,20260720,421134.0,runs/api_candidates_sido_202509_202608/raw/20260701_20260731_p0001.xml,포함: 월별 visitors에 합산,"touDivNm=외지인(b); sido=areaCode, sigungu=signguCode",Together_with_my_dog_cityselection/fetch_tourapi.py:258 summarize_month()
28,2026-07,20260721,421526.0,runs/api_candidates_sido_202509_202608/raw/20260701_20260731_p0001.xml,포함: 월별 visitors에 합산,"touDivNm=외지인(b); sido=areaCode, sigungu=signguCode",Together_with_my_dog_cityselection/fetch_tourapi.py:258 summarize_month()
28,2026-07,20260722,454993.0,runs/api_candidates_sido_202509_202608/raw/20260701_20260731_p0001.xml,포함: 월별 visitors에 합산,"touDivNm=외지인(b); sido=areaCode, sigungu=signguCode",Together_with_my_dog_cityselection/fetch_tourapi.py:258 summarize_month()
28,2026-07,20260723,461300.0,runs/api_candidates_sido_202509_202608/raw/20260701_20260731_p0001.xml,포함: 월별 visitors에 합산,"touDivNm=외지인(b); sido=areaCode, sigungu=signguCode",Together_with_my_dog_cityselection/fetch_tourapi.py:258 summarize_month()
28,2026-07,20260724,520551.5,runs/api_candidates_sido_202509_202608/raw/20260701_20260731_p0001.xml,포함: 월별 visitors에 합산,"touDivNm=외지인(b); sido=areaCode, sigungu=signguCode",Together_with_my_dog_cityselection/fetch_tourapi.py:258 summarize_month()
28,2026-07,20260725,681779.0,runs/api_candidates_sido_202509_202608/raw/20260701_20260731_p0001.xml,포함: 월별 visitors에 합산,"touDivNm=외지인(b); sido=areaCode, sigungu=signguCode",Together_with_my_dog_cityselection/fetch_tourapi.py:258 summarize_month()
28,2026-07,20260726,623651.0,runs/api_candidates_sido_202509_202608/raw/20260701_20260731_p0001.xml,포함: 월별 visitors에 합산,"touDivNm=외지인(b); sido=areaCode, sigungu=signguCode",Together_with_my_dog_cityselection/fetch_tourapi.py:258 summarize_month()
28,2026-07,20260727,499786.0,runs/api_candidates_sido_202509_202608/raw/20260701_20260731_p0001.xml,포함: 월별 visitors에 합산,"touDivNm=외지인(b); sido=areaCode, sigungu=signguCode",Together_with_my_dog_cityselection/fetch_tourapi.py:258 summarize_month()
28,2026-07,20260728,508735.5,runs/api_candidates_sido_202509_202608/raw/20260701_20260731_p0001.xml,포함: 월별 visitors에 합산,"touDivNm=외지인(b); sido=areaCode, sigungu=signguCode",Together_with_my_dog_cityselection/fetch_tourapi.py:258 summarize_month()
28,2026-07,20260729,536357.5,runs/api_candidates_sido_202509_202608/raw/20260701_20260731_p0001.xml,포함: 월별 visitors에 합산,"touDivNm=외지인(b); sido=areaCode, sigungu=signguCode",Together_with_my_dog_cityselection/fetch_tourapi.py:258 summarize_month()
28,2026-07,20260730,549769.5,runs/api_candidates_sido_202509_202608/raw/20260701_20260731_p0001.xml,포함: 월별 visitors에 합산,"touDivNm=외지인(b); sido=areaCode, sigungu=signguCode",Together_with_my_dog_cityselection/fetch_tourapi.py:258 summarize_month()
28,2026-07,20260731,617008.0,runs/api_candidates_sido_202509_202608/raw/20260701_20260731_p0001.xml,포함: 월별 visitors에 합산,"touDivNm=외지인(b); sido=areaCode, sigungu=signguCode",Together_with_my_dog_cityselection/fetch_tourapi.py:258 summarize_month()
28,2026-08,20260801,649334.0,runs/api_candidates_sido_202509_202608/raw/20260801_20260831_p0001.xml,제외: 2026-08은 15일만 수집됨,"touDivNm=외지인(b); sido=areaCode, sigungu=signguCode",Together_with_my_dog_cityselection/fetch_tourapi.py:258 summarize_month()
28,2026-08,20260802,591706.5,runs/api_candidates_sido_202509_202608/raw/20260801_20260831_p0001.xml,제외: 2026-08은 15일만 수집됨,"touDivNm=외지인(b); sido=areaCode, sigungu=signguCode",Together_with_my_dog_cityselection/fetch_tourapi.py:258 summarize_month()
28,2026-08,20260803,448770.0,runs/api_candidates_sido_202509_202608/raw/20260801_20260831_p0001.xml,제외: 2026-08은 15일만 수집됨,"touDivNm=외지인(b); sido=areaCode, sigungu=signguCode",Together_with_my_dog_cityselection/fetch_tourapi.py:258 summarize_month()
28,2026-08,20260804,430311.0,runs/api_candidates_sido_202509_202608/raw/20260801_20260831_p0001.xml,제외: 2026-08은 15일만 수집됨,"touDivNm=외지인(b); sido=areaCode, sigungu=signguCode",Together_with_my_dog_cityselection/fetch_tourapi.py:258 summarize_month()
28,2026-08,20260805,420514.5,runs/api_candidates_sido_202509_202608/raw/20260801_20260831_p0001.xml,제외: 2026-08은 15일만 수집됨,"touDivNm=외지인(b); sido=areaCode, sigungu=signguCode",Together_with_my_dog_cityselection/fetch_tourapi.py:258 summarize_month()
28,2026-08,20260806,421680.0,runs/api_candidates_sido_202509_202608/raw/20260801_20260831_p0001.xml,제외: 2026-08은 15일만 수집됨,"touDivNm=외지인(b); sido=areaCode, sigungu=signguCode",Together_with_my_dog_cityselection/fetch_tourapi.py:258 summarize_month()
28,2026-08,20260807,463277.5,runs/api_candidates_sido_202509_202608/raw/20260801_20260831_p0001.xml,제외: 2026-08은 15일만 수집됨,"touDivNm=외지인(b); sido=areaCode, sigungu=signguCode",Together_with_my_dog_cityselection/fetch_tourapi.py:258 summarize_month()
28,2026-08,20260808,596659.0,runs/api_candidates_sido_202509_202608/raw/20260801_20260831_p0001.xml,제외: 2026-08은 15일만 수집됨,"touDivNm=외지인(b); sido=areaCode, sigungu=signguCode",Together_with_my_dog_cityselection/fetch_tourapi.py:258 summarize_month()
28,2026-08,20260809,537012.0,runs/api_candidates_sido_202509_202608/raw/20260801_20260831_p0001.xml,제외: 2026-08은 15일만 수집됨,"touDivNm=외지인(b); sido=areaCode, sigungu=signguCode",Together_with_my_dog_cityselection/fetch_tourapi.py:258 summarize_month()
28,2026-08,20260810,425180.0,runs/api_candidates_sido_202509_202608/raw/20260801_20260831_p0001.xml,제외: 2026-08은 15일만 수집됨,"touDivNm=외지인(b); sido=areaCode, sigungu=signguCode",Together_with_my_dog_cityselection/fetch_tourapi.py:258 summarize_month()
28,2026-08,20260811,427010.5,runs/api_candidates_sido_202509_202608/raw/20260801_20260831_p0001.xml,제외: 2026-08은 15일만 수집됨,"touDivNm=외지인(b); sido=areaCode, sigungu=signguCode",Together_with_my_dog_cityselection/fetch_tourapi.py:258 summarize_month()
28,2026-08,20260812,449991.5,runs/api_candidates_sido_202509_202608/raw/20260801_20260831_p0001.xml,제외: 2026-08은 15일만 수집됨,"touDivNm=외지인(b); sido=areaCode, sigungu=signguCode",Together_with_my_dog_cityselection/fetch_tourapi.py:258 summarize_month()
28,2026-08,20260813,462504.0,runs/api_candidates_sido_202509_202608/raw/20260801_20260831_p0001.xml,제외: 2026-08은 15일만 수집됨,"touDivNm=외지인(b); sido=areaCode, sigungu=signguCode",Together_with_my_dog_cityselection/fetch_tourapi.py:258 summarize_month()
28,2026-08,20260814,529686.5,runs/api_candidates_sido_202509_202608/raw/20260801_20260831_p0001.xml,제외: 2026-08은 15일만 수집됨,"touDivNm=외지인(b); sido=areaCode, sigungu=signguCode",Together_with_my_dog_cityselection/fetch_tourapi.py:258 summarize_month()
28,2026-08,20260815,706979.0,runs/api_candidates_sido_202509_202608/raw/20260801_20260831_p0001.xml,제외: 2026-08은 15일만 수집됨,"touDivNm=외지인(b); sido=areaCode, sigungu=signguCode",Together_with_my_dog_cityselection/fetch_tourapi.py:258 summarize_month()
30,2025-09,20250901,188184.5,runs/api_candidates_sido_202509_202608/raw/20250901_20250930_p0001.xml,포함: 월별 visitors에 합산,"touDivNm=외지인(b); sido=areaCode, sigungu=signguCode",Together_with_my_dog_cityselection/fetch_tourapi.py:258 summarize_month()
30,2025-09,20250902,200032.0,runs/api_candidates_sido_202509_202608/raw/20250901_20250930_p0001.xml,포함: 월별 visitors에 합산,"touDivNm=외지인(b); sido=areaCode, sigungu=signguCode",Together_with_my_dog_cityselection/fetch_tourapi.py:258 summarize_month()
30,2025-09,20250903,204046.5,runs/api_candidates_sido_202509_202608/raw/20250901_20250930_p0001.xml,포함: 월별 visitors에 합산,"touDivNm=외지인(b); sido=areaCode, sigungu=signguCode",Together_with_my_dog_cityselection/fetch_tourapi.py:258 summarize_month()
30,2025-09,20250904,209832.0,runs/api_candidates_sido_202509_202608/raw/20250901_20250930_p0001.xml,포함: 월별 visitors에 합산,"touDivNm=외지인(b); sido=areaCode, sigungu=signguCode",Together_with_my_dog_cityselection/fetch_tourapi.py:258 summarize_month()
30,2025-09,20250905,231329.0,runs/api_candidates_sido_202509_202608/raw/20250901_20250930_p0001.xml,포함: 월별 visitors에 합산,"touDivNm=외지인(b); sido=areaCode, sigungu=signguCode",Together_with_my_dog_cityselection/fetch_tourapi.py:258 summarize_month()
30,2025-09,20250906,326431.0,runs/api_candidates_sido_202509_202608/raw/20250901_20250930_p0001.xml,포함: 월별 visitors에 합산,"touDivNm=외지인(b); sido=areaCode, sigungu=signguCode",Together_with_my_dog_cityselection/fetch_tourapi.py:258 summarize_month()
30,2025-09,20250907,264012.0,runs/api_candidates_sido_202509_202608/raw/20250901_20250930_p0001.xml,포함: 월별 visitors에 합산,"touDivNm=외지인(b); sido=areaCode, sigungu=signguCode",Together_with_my_dog_cityselection/fetch_tourapi.py:258 summarize_month()
30,2025-09,20250908,208733.0,runs/api_candidates_sido_202509_202608/raw/20250901_20250930_p0001.xml,포함: 월별 visitors에 합산,"touDivNm=외지인(b); sido=areaCode, sigungu=signguCode",Together_with_my_dog_cityselection/fetch_tourapi.py:258 summarize_month()
30,2025-09,20250909,217892.5,runs/api_candidates_sido_202509_202608/raw/20250901_20250930_p0001.xml,포함: 월별 visitors에 합산,"touDivNm=외지인(b); sido=areaCode, sigungu=signguCode",Together_with_my_dog_cityselection/fetch_tourapi.py:258 summarize_month()
30,2025-09,20250910,222099.5,runs/api_candidates_sido_202509_202608/raw/20250901_20250930_p0001.xml,포함: 월별 visitors에 합산,"touDivNm=외지인(b); sido=areaCode, sigungu=signguCode",Together_with_my_dog_cityselection/fetch_tourapi.py:258 summarize_month()
30,2025-09,20250911,225708.0,runs/api_candidates_sido_202509_202608/raw/20250901_20250930_p0001.xml,포함: 월별 visitors에 합산,"touDivNm=외지인(b); sido=areaCode, sigungu=signguCode",Together_with_my_dog_cityselection/fetch_tourapi.py:258 summarize_month()
30,2025-09,20250912,252045.5,runs/api_candidates_sido_202509_202608/raw/20250901_20250930_p0001.xml,포함: 월별 visitors에 합산,"touDivNm=외지인(b); sido=areaCode, sigungu=signguCode",Together_with_my_dog_cityselection/fetch_tourapi.py:258 summarize_month()
30,2025-09,20250913,345425.5,runs/api_candidates_sido_202509_202608/raw/20250901_20250930_p0001.xml,포함: 월별 visitors에 합산,"touDivNm=외지인(b); sido=areaCode, sigungu=signguCode",Together_with_my_dog_cityselection/fetch_tourapi.py:258 summarize_month()
30,2025-09,20250914,290482.5,runs/api_candidates_sido_202509_202608/raw/20250901_20250930_p0001.xml,포함: 월별 visitors에 합산,"touDivNm=외지인(b); sido=areaCode, sigungu=signguCode",Together_with_my_dog_cityselection/fetch_tourapi.py:258 summarize_month()
30,2025-09,20250915,226824.5,runs/api_candidates_sido_202509_202608/raw/20250901_20250930_p0001.xml,포함: 월별 visitors에 합산,"touDivNm=외지인(b); sido=areaCode, sigungu=signguCode",Together_with_my_dog_cityselection/fetch_tourapi.py:258 summarize_month()
30,2025-09,20250916,230247.5,runs/api_candidates_sido_202509_202608/raw/20250901_20250930_p0001.xml,포함: 월별 visitors에 합산,"touDivNm=외지인(b); sido=areaCode, sigungu=signguCode",Together_with_my_dog_cityselection/fetch_tourapi.py:258 summarize_month()
30,2025-09,20250917,225473.5,runs/api_candidates_sido_202509_202608/raw/20250901_20250930_p0001.xml,포함: 월별 visitors에 합산,"touDivNm=외지인(b); sido=areaCode, sigungu=signguCode",Together_with_my_dog_cityselection/fetch_tourapi.py:258 summarize_month()
30,2025-09,20250918,241986.5,runs/api_candidates_sido_202509_202608/raw/20250901_20250930_p0001.xml,포함: 월별 visitors에 합산,"touDivNm=외지인(b); sido=areaCode, sigungu=signguCode",Together_with_my_dog_cityselection/fetch_tourapi.py:258 summarize_month()
30,2025-09,20250919,264029.5,runs/api_candidates_sido_202509_202608/raw/20250901_20250930_p0001.xml,포함: 월별 visitors에 합산,"touDivNm=외지인(b); sido=areaCode, sigungu=signguCode",Together_with_my_dog_cityselection/fetch_tourapi.py:258 summarize_month()
30,2025-09,20250920,361732.0,runs/api_candidates_sido_202509_202608/raw/20250901_20250930_p0001.xml,포함: 월별 visitors에 합산,"touDivNm=외지인(b); sido=areaCode, sigungu=signguCode",Together_with_my_dog_cityselection/fetch_tourapi.py:258 summarize_month()
30,2025-09,20250921,308633.5,runs/api_candidates_sido_202509_202608/raw/20250901_20250930_p0001.xml,포함: 월별 visitors에 합산,"touDivNm=외지인(b); sido=areaCode, sigungu=signguCode",Together_with_my_dog_cityselection/fetch_tourapi.py:258 summarize_month()
30,2025-09,20250922,236127.5,runs/api_candidates_sido_202509_202608/raw/20250901_20250930_p0001.xml,포함: 월별 visitors에 합산,"touDivNm=외지인(b); sido=areaCode, sigungu=signguCode",Together_with_my_dog_cityselection/fetch_tourapi.py:258 summarize_month()
30,2025-09,20250923,245014.0,runs/api_candidates_sido_202509_202608/raw/20250901_20250930_p0001.xml,포함: 월별 visitors에 합산,"touDivNm=외지인(b); sido=areaCode, sigungu=signguCode",Together_with_my_dog_cityselection/fetch_tourapi.py:258 summarize_month()
30,2025-09,20250924,245801.5,runs/api_candidates_sido_202509_202608/raw/20250901_20250930_p0001.xml,포함: 월별 visitors에 합산,"touDivNm=외지인(b); sido=areaCode, sigungu=signguCode",Together_with_my_dog_cityselection/fetch_tourapi.py:258 summarize_month()
30,2025-09,20250925,249249.0,runs/api_candidates_sido_202509_202608/raw/20250901_20250930_p0001.xml,포함: 월별 visitors에 합산,"touDivNm=외지인(b); sido=areaCode, sigungu=signguCode",Together_with_my_dog_cityselection/fetch_tourapi.py:258 summarize_month()
30,2025-09,20250926,285635.0,runs/api_candidates_sido_202509_202608/raw/20250901_20250930_p0001.xml,포함: 월별 visitors에 합산,"touDivNm=외지인(b); sido=areaCode, sigungu=signguCode",Together_with_my_dog_cityselection/fetch_tourapi.py:258 summarize_month()
30,2025-09,20250927,372505.0,runs/api_candidates_sido_202509_202608/raw/20250901_20250930_p0001.xml,포함: 월별 visitors에 합산,"touDivNm=외지인(b); sido=areaCode, sigungu=signguCode",Together_with_my_dog_cityselection/fetch_tourapi.py:258 summarize_month()
30,2025-09,20250928,295365.0,runs/api_candidates_sido_202509_202608/raw/20250901_20250930_p0001.xml,포함: 월별 visitors에 합산,"touDivNm=외지인(b); sido=areaCode, sigungu=signguCode",Together_with_my_dog_cityselection/fetch_tourapi.py:258 summarize_month()
30,2025-09,20250929,253435.0,runs/api_candidates_sido_202509_202608/raw/20250901_20250930_p0001.xml,포함: 월별 visitors에 합산,"touDivNm=외지인(b); sido=areaCode, sigungu=signguCode",Together_with_my_dog_cityselection/fetch_tourapi.py:258 summarize_month()
30,2025-09,20250930,262878.0,runs/api_candidates_sido_202509_202608/raw/20250901_20250930_p0001.xml,포함: 월별 visitors에 합산,"touDivNm=외지인(b); sido=areaCode, sigungu=signguCode",Together_with_my_dog_cityselection/fetch_tourapi.py:258 summarize_month()
30,2025-10,20251001,170572.5,runs/api_candidates_sido_202509_202608/raw/20251001_20251031_p0001.xml,포함: 월별 visitors에 합산,"touDivNm=외지인(b); sido=areaCode, sigungu=signguCode",Together_with_my_dog_cityselection/fetch_tourapi.py:258 summarize_month()
30,2025-10,20251002,202608.0,runs/api_candidates_sido_202509_202608/raw/20251001_20251031_p0001.xml,포함: 월별 visitors에 합산,"touDivNm=외지인(b); sido=areaCode, sigungu=signguCode",Together_with_my_dog_cityselection/fetch_tourapi.py:258 summarize_month()
30,2025-10,20251003,293517.0,runs/api_candidates_sido_202509_202608/raw/20251001_20251031_p0001.xml,포함: 월별 visitors에 합산,"touDivNm=외지인(b); sido=areaCode, sigungu=signguCode",Together_with_my_dog_cityselection/fetch_tourapi.py:258 summarize_month()
30,2025-10,20251004,359614.5,runs/api_candidates_sido_202509_202608/raw/20251001_20251031_p0001.xml,포함: 월별 visitors에 합산,"touDivNm=외지인(b); sido=areaCode, sigungu=signguCode",Together_with_my_dog_cityselection/fetch_tourapi.py:258 summarize_month()
30,2025-10,20251005,411838.0,runs/api_candidates_sido_202509_202608/raw/20251001_20251031_p0001.xml,포함: 월별 visitors에 합산,"touDivNm=외지인(b); sido=areaCode, sigungu=signguCode",Together_with_my_dog_cityselection/fetch_tourapi.py:258 summarize_month()
30,2025-10,20251006,473760.0,runs/api_candidates_sido_202509_202608/raw/20251001_20251031_p0001.xml,포함: 월별 visitors에 합산,"touDivNm=외지인(b); sido=areaCode, sigungu=signguCode",Together_with_my_dog_cityselection/fetch_tourapi.py:258 summarize_month()
30,2025-10,20251007,421036.0,runs/api_candidates_sido_202509_202608/raw/20251001_20251031_p0001.xml,포함: 월별 visitors에 합산,"touDivNm=외지인(b); sido=areaCode, sigungu=signguCode",Together_with_my_dog_cityselection/fetch_tourapi.py:258 summarize_month()
30,2025-10,20251008,363531.0,runs/api_candidates_sido_202509_202608/raw/20251001_20251031_p0001.xml,포함: 월별 visitors에 합산,"touDivNm=외지인(b); sido=areaCode, sigungu=signguCode",Together_with_my_dog_cityselection/fetch_tourapi.py:258 summarize_month()
30,2025-10,20251009,284518.5,runs/api_candidates_sido_202509_202608/raw/20251001_20251031_p0001.xml,포함: 월별 visitors에 합산,"touDivNm=외지인(b); sido=areaCode, sigungu=signguCode",Together_with_my_dog_cityselection/fetch_tourapi.py:258 summarize_month()
30,2025-10,20251010,246771.0,runs/api_candidates_sido_202509_202608/raw/20251001_20251031_p0001.xml,포함: 월별 visitors에 합산,"touDivNm=외지인(b); sido=areaCode, sigungu=signguCode",Together_with_my_dog_cityselection/fetch_tourapi.py:258 summarize_month()
30,2025-10,20251011,292295.5,runs/api_candidates_sido_202509_202608/raw/20251001_20251031_p0001.xml,포함: 월별 visitors에 합산,"touDivNm=외지인(b); sido=areaCode, sigungu=signguCode",Together_with_my_dog_cityselection/fetch_tourapi.py:258 summarize_month()
30,2025-10,20251012,233499.0,runs/api_candidates_sido_202509_202608/raw/20251001_20251031_p0001.xml,포함: 월별 visitors에 합산,"touDivNm=외지인(b); sido=areaCode, sigungu=signguCode",Together_with_my_dog_cityselection/fetch_tourapi.py:258 summarize_month()
30,2025-10,20251013,168189.0,runs/api_candidates_sido_202509_202608/raw/20251001_20251031_p0001.xml,포함: 월별 visitors에 합산,"touDivNm=외지인(b); sido=areaCode, sigungu=signguCode",Together_with_my_dog_cityselection/fetch_tourapi.py:258 summarize_month()
30,2025-10,20251014,178241.0,runs/api_candidates_sido_202509_202608/raw/20251001_20251031_p0001.xml,포함: 월별 visitors에 합산,"touDivNm=외지인(b); sido=areaCode, sigungu=signguCode",Together_with_my_dog_cityselection/fetch_tourapi.py:258 summarize_month()
30,2025-10,20251015,186455.5,runs/api_candidates_sido_202509_202608/raw/20251001_20251031_p0001.xml,포함: 월별 visitors에 합산,"touDivNm=외지인(b); sido=areaCode, sigungu=signguCode",Together_with_my_dog_cityselection/fetch_tourapi.py:258 summarize_month()
30,2025-10,20251016,193025.0,runs/api_candidates_sido_202509_202608/raw/20251001_20251031_p0001.xml,포함: 월별 visitors에 합산,"touDivNm=외지인(b); sido=areaCode, sigungu=signguCode",Together_with_my_dog_cityselection/fetch_tourapi.py:258 summarize_month()
30,2025-10,20251017,235882.5,runs/api_candidates_sido_202509_202608/raw/20251001_20251031_p0001.xml,포함: 월별 visitors에 합산,"touDivNm=외지인(b); sido=areaCode, sigungu=signguCode",Together_with_my_dog_cityselection/fetch_tourapi.py:258 summarize_month()
30,2025-10,20251018,351827.0,runs/api_candidates_sido_202509_202608/raw/20251001_20251031_p0001.xml,포함: 월별 visitors에 합산,"touDivNm=외지인(b); sido=areaCode, sigungu=signguCode",Together_with_my_dog_cityselection/fetch_tourapi.py:258 summarize_month()
30,2025-10,20251019,298116.0,runs/api_candidates_sido_202509_202608/raw/20251001_20251031_p0001.xml,포함: 월별 visitors에 합산,"touDivNm=외지인(b); sido=areaCode, sigungu=signguCode",Together_with_my_dog_cityselection/fetch_tourapi.py:258 summarize_month()
30,2025-10,20251020,195538.0,runs/api_candidates_sido_202509_202608/raw/20251001_20251031_p0001.xml,포함: 월별 visitors에 합산,"touDivNm=외지인(b); sido=areaCode, sigungu=signguCode",Together_with_my_dog_cityselection/fetch_tourapi.py:258 summarize_month()
30,2025-10,20251021,199076.5,runs/api_candidates_sido_202509_202608/raw/20251001_20251031_p0001.xml,포함: 월별 visitors에 합산,"touDivNm=외지인(b); sido=areaCode, sigungu=signguCode",Together_with_my_dog_cityselection/fetch_tourapi.py:258 summarize_month()
30,2025-10,20251022,200588.5,runs/api_candidates_sido_202509_202608/raw/20251001_20251031_p0001.xml,포함: 월별 visitors에 합산,"touDivNm=외지인(b); sido=areaCode, sigungu=signguCode",Together_with_my_dog_cityselection/fetch_tourapi.py:258 summarize_month()
30,2025-10,20251023,209282.5,runs/api_candidates_sido_202509_202608/raw/20251001_20251031_p0001.xml,포함: 월별 visitors에 합산,"touDivNm=외지인(b); sido=areaCode, sigungu=signguCode",Together_with_my_dog_cityselection/fetch_tourapi.py:258 summarize_month()
30,2025-10,20251024,257887.0,runs/api_candidates_sido_202509_202608/raw/20251001_20251031_p0001.xml,포함: 월별 visitors에 합산,"touDivNm=외지인(b); sido=areaCode, sigungu=signguCode",Together_with_my_dog_cityselection/fetch_tourapi.py:258 summarize_month()
30,2025-10,20251025,362533.5,runs/api_candidates_sido_202509_202608/raw/20251001_20251031_p0001.xml,포함: 월별 visitors에 합산,"touDivNm=외지인(b); sido=areaCode, sigungu=signguCode",Together_with_my_dog_cityselection/fetch_tourapi.py:258 summarize_month()
30,2025-10,20251026,300881.0,runs/api_candidates_sido_202509_202608/raw/20251001_20251031_p0001.xml,포함: 월별 visitors에 합산,"touDivNm=외지인(b); sido=areaCode, sigungu=signguCode",Together_with_my_dog_cityselection/fetch_tourapi.py:258 summarize_month()
30,2025-10,20251027,207109.0,runs/api_candidates_sido_202509_202608/raw/20251001_20251031_p0001.xml,포함: 월별 visitors에 합산,"touDivNm=외지인(b); sido=areaCode, sigungu=signguCode",Together_with_my_dog_cityselection/fetch_tourapi.py:258 summarize_month()
30,2025-10,20251028,207445.0,runs/api_candidates_sido_202509_202608/raw/20251001_20251031_p0001.xml,포함: 월별 visitors에 합산,"touDivNm=외지인(b); sido=areaCode, sigungu=signguCode",Together_with_my_dog_cityselection/fetch_tourapi.py:258 summarize_month()
30,2025-10,20251029,223926.5,runs/api_candidates_sido_202509_202608/raw/20251001_20251031_p0001.xml,포함: 월별 visitors에 합산,"touDivNm=외지인(b); sido=areaCode, sigungu=signguCode",Together_with_my_dog_cityselection/fetch_tourapi.py:258 summarize_month()
30,2025-10,20251030,232130.5,runs/api_candidates_sido_202509_202608/raw/20251001_20251031_p0001.xml,포함: 월별 visitors에 합산,"touDivNm=외지인(b); sido=areaCode, sigungu=signguCode",Together_with_my_dog_cityselection/fetch_tourapi.py:258 summarize_month()
30,2025-10,20251031,273483.0,runs/api_candidates_sido_202509_202608/raw/20251001_20251031_p0001.xml,포함: 월별 visitors에 합산,"touDivNm=외지인(b); sido=areaCode, sigungu=signguCode",Together_with_my_dog_cityselection/fetch_tourapi.py:258 summarize_month()
30,2025-11,20251101,325258.5,runs/api_candidates_sido_202509_202608/raw/20251101_20251130_p0001.xml,포함: 월별 visitors에 합산,"touDivNm=외지인(b); sido=areaCode, sigungu=signguCode",Together_with_my_dog_cityselection/fetch_tourapi.py:258 summarize_month()
30,2025-11,20251102,268649.5,runs/api_candidates_sido_202509_202608/raw/20251101_20251130_p0001.xml,포함: 월별 visitors에 합산,"touDivNm=외지인(b); sido=areaCode, sigungu=signguCode",Together_with_my_dog_cityselection/fetch_tourapi.py:258 summarize_month()
30,2025-11,20251103,180960.5,runs/api_candidates_sido_202509_202608/raw/20251101_20251130_p0001.xml,포함: 월별 visitors에 합산,"touDivNm=외지인(b); sido=areaCode, sigungu=signguCode",Together_with_my_dog_cityselection/fetch_tourapi.py:258 summarize_month()
30,2025-11,20251104,189000.0,runs/api_candidates_sido_202509_202608/raw/20251101_20251130_p0001.xml,포함: 월별 visitors에 합산,"touDivNm=외지인(b); sido=areaCode, sigungu=signguCode",Together_with_my_dog_cityselection/fetch_tourapi.py:258 summarize_month()
30,2025-11,20251105,193669.0,runs/api_candidates_sido_202509_202608/raw/20251101_20251130_p0001.xml,포함: 월별 visitors에 합산,"touDivNm=외지인(b); sido=areaCode, sigungu=signguCode",Together_with_my_dog_cityselection/fetch_tourapi.py:258 summarize_month()
30,2025-11,20251106,198383.5,runs/api_candidates_sido_202509_202608/raw/20251101_20251130_p0001.xml,포함: 월별 visitors에 합산,"touDivNm=외지인(b); sido=areaCode, sigungu=signguCode",Together_with_my_dog_cityselection/fetch_tourapi.py:258 summarize_month()
30,2025-11,20251107,225914.5,runs/api_candidates_sido_202509_202608/raw/20251101_20251130_p0001.xml,포함: 월별 visitors에 합산,"touDivNm=외지인(b); sido=areaCode, sigungu=signguCode",Together_with_my_dog_cityselection/fetch_tourapi.py:258 summarize_month()
30,2025-11,20251108,333515.0,runs/api_candidates_sido_202509_202608/raw/20251101_20251130_p0001.xml,포함: 월별 visitors에 합산,"touDivNm=외지인(b); sido=areaCode, sigungu=signguCode",Together_with_my_dog_cityselection/fetch_tourapi.py:258 summarize_month()
30,2025-11,20251109,277536.0,runs/api_candidates_sido_202509_202608/raw/20251101_20251130_p0001.xml,포함: 월별 visitors에 합산,"touDivNm=외지인(b); sido=areaCode, sigungu=signguCode",Together_with_my_dog_cityselection/fetch_tourapi.py:258 summarize_month()
30,2025-11,20251110,200676.0,runs/api_candidates_sido_202509_202608/raw/20251101_20251130_p0001.xml,포함: 월별 visitors에 합산,"touDivNm=외지인(b); sido=areaCode, sigungu=signguCode",Together_with_my_dog_cityselection/fetch_tourapi.py:258 summarize_month()
30,2025-11,20251111,208939.5,runs/api_candidates_sido_202509_202608/raw/20251101_20251130_p0001.xml,포함: 월별 visitors에 합산,"touDivNm=외지인(b); sido=areaCode, sigungu=signguCode",Together_with_my_dog_cityselection/fetch_tourapi.py:258 summarize_month()
30,2025-11,20251112,208568.5,runs/api_candidates_sido_202509_202608/raw/20251101_20251130_p0001.xml,포함: 월별 visitors에 합산,"touDivNm=외지인(b); sido=areaCode, sigungu=signguCode",Together_with_my_dog_cityselection/fetch_tourapi.py:258 summarize_month()
30,2025-11,20251113,215411.0,runs/api_candidates_sido_202509_202608/raw/20251101_20251130_p0001.xml,포함: 월별 visitors에 합산,"touDivNm=외지인(b); sido=areaCode, sigungu=signguCode",Together_with_my_dog_cityselection/fetch_tourapi.py:258 summarize_month()
30,2025-11,20251114,260963.5,runs/api_candidates_sido_202509_202608/raw/20251101_20251130_p0001.xml,포함: 월별 visitors에 합산,"touDivNm=외지인(b); sido=areaCode, sigungu=signguCode",Together_with_my_dog_cityselection/fetch_tourapi.py:258 summarize_month()
30,2025-11,20251115,354263.0,runs/api_candidates_sido_202509_202608/raw/20251101_20251130_p0001.xml,포함: 월별 visitors에 합산,"touDivNm=외지인(b); sido=areaCode, sigungu=signguCode",Together_with_my_dog_cityselection/fetch_tourapi.py:258 summarize_month()
30,2025-11,20251116,297164.0,runs/api_candidates_sido_202509_202608/raw/20251101_20251130_p0001.xml,포함: 월별 visitors에 합산,"touDivNm=외지인(b); sido=areaCode, sigungu=signguCode",Together_with_my_dog_cityselection/fetch_tourapi.py:258 summarize_month()
30,2025-11,20251117,210234.5,runs/api_candidates_sido_202509_202608/raw/20251101_20251130_p0001.xml,포함: 월별 visitors에 합산,"touDivNm=외지인(b); sido=areaCode, sigungu=signguCode",Together_with_my_dog_cityselection/fetch_tourapi.py:258 summarize_month()
30,2025-11,20251118,212863.0,runs/api_candidates_sido_202509_202608/raw/20251101_20251130_p0001.xml,포함: 월별 visitors에 합산,"touDivNm=외지인(b); sido=areaCode, sigungu=signguCode",Together_with_my_dog_cityselection/fetch_tourapi.py:258 summarize_month()
30,2025-11,20251119,215649.0,runs/api_candidates_sido_202509_202608/raw/20251101_20251130_p0001.xml,포함: 월별 visitors에 합산,"touDivNm=외지인(b); sido=areaCode, sigungu=signguCode",Together_with_my_dog_cityselection/fetch_tourapi.py:258 summarize_month()
30,2025-11,20251120,222575.5,runs/api_candidates_sido_202509_202608/raw/20251101_20251130_p0001.xml,포함: 월별 visitors에 합산,"touDivNm=외지인(b); sido=areaCode, sigungu=signguCode",Together_with_my_dog_cityselection/fetch_tourapi.py:258 summarize_month()
30,2025-11,20251121,255104.5,runs/api_candidates_sido_202509_202608/raw/20251101_20251130_p0001.xml,포함: 월별 visitors에 합산,"touDivNm=외지인(b); sido=areaCode, sigungu=signguCode",Together_with_my_dog_cityselection/fetch_tourapi.py:258 summarize_month()
30,2025-11,20251122,356338.5,runs/api_candidates_sido_202509_202608/raw/20251101_20251130_p0001.xml,포함: 월별 visitors에 합산,"touDivNm=외지인(b); sido=areaCode, sigungu=signguCode",Together_with_my_dog_cityselection/fetch_tourapi.py:258 summarize_month()
30,2025-11,20251123,295162.0,runs/api_candidates_sido_202509_202608/raw/20251101_20251130_p0001.xml,포함: 월별 visitors에 합산,"touDivNm=외지인(b); sido=areaCode, sigungu=signguCode",Together_with_my_dog_cityselection/fetch_tourapi.py:258 summarize_month()
30,2025-11,20251124,217542.5,runs/api_candidates_sido_202509_202608/raw/20251101_20251130_p0001.xml,포함: 월별 visitors에 합산,"touDivNm=외지인(b); sido=areaCode, sigungu=signguCode",Together_with_my_dog_cityselection/fetch_tourapi.py:258 summarize_month()
30,2025-11,20251125,220346.0,runs/api_candidates_sido_202509_202608/raw/20251101_20251130_p0001.xml,포함: 월별 visitors에 합산,"touDivNm=외지인(b); sido=areaCode, sigungu=signguCode",Together_with_my_dog_cityselection/fetch_tourapi.py:258 summarize_month()
30,2025-11,20251126,228749.5,runs/api_candidates_sido_202509_202608/raw/20251101_20251130_p0001.xml,포함: 월별 visitors에 합산,"touDivNm=외지인(b); sido=areaCode, sigungu=signguCode",Together_with_my_dog_cityselection/fetch_tourapi.py:258 summarize_month()
30,2025-11,20251127,230037.5,runs/api_candidates_sido_202509_202608/raw/20251101_20251130_p0001.xml,포함: 월별 visitors에 합산,"touDivNm=외지인(b); sido=areaCode, sigungu=signguCode",Together_with_my_dog_cityselection/fetch_tourapi.py:258 summarize_month()
30,2025-11,20251128,257516.0,runs/api_candidates_sido_202509_202608/raw/20251101_20251130_p0001.xml,포함: 월별 visitors에 합산,"touDivNm=외지인(b); sido=areaCode, sigungu=signguCode",Together_with_my_dog_cityselection/fetch_tourapi.py:258 summarize_month()
30,2025-11,20251129,365631.0,runs/api_candidates_sido_202509_202608/raw/20251101_20251130_p0001.xml,포함: 월별 visitors에 합산,"touDivNm=외지인(b); sido=areaCode, sigungu=signguCode",Together_with_my_dog_cityselection/fetch_tourapi.py:258 summarize_month()
30,2025-11,20251130,332500.0,runs/api_candidates_sido_202509_202608/raw/20251101_20251130_p0001.xml,포함: 월별 visitors에 합산,"touDivNm=외지인(b); sido=areaCode, sigungu=signguCode",Together_with_my_dog_cityselection/fetch_tourapi.py:258 summarize_month()
30,2025-12,20251201,171199.0,runs/api_candidates_sido_202509_202608/raw/20251201_20251231_p0001.xml,포함: 월별 visitors에 합산,"touDivNm=외지인(b); sido=areaCode, sigungu=signguCode",Together_with_my_dog_cityselection/fetch_tourapi.py:258 summarize_month()
30,2025-12,20251202,174919.5,runs/api_candidates_sido_202509_202608/raw/20251201_20251231_p0001.xml,포함: 월별 visitors에 합산,"touDivNm=외지인(b); sido=areaCode, sigungu=signguCode",Together_with_my_dog_cityselection/fetch_tourapi.py:258 summarize_month()
30,2025-12,20251203,172088.0,runs/api_candidates_sido_202509_202608/raw/20251201_20251231_p0001.xml,포함: 월별 visitors에 합산,"touDivNm=외지인(b); sido=areaCode, sigungu=signguCode",Together_with_my_dog_cityselection/fetch_tourapi.py:258 summarize_month()
30,2025-12,20251204,176694.0,runs/api_candidates_sido_202509_202608/raw/20251201_20251231_p0001.xml,포함: 월별 visitors에 합산,"touDivNm=외지인(b); sido=areaCode, sigungu=signguCode",Together_with_my_dog_cityselection/fetch_tourapi.py:258 summarize_month()
30,2025-12,20251205,216009.5,runs/api_candidates_sido_202509_202608/raw/20251201_20251231_p0001.xml,포함: 월별 visitors에 합산,"touDivNm=외지인(b); sido=areaCode, sigungu=signguCode",Together_with_my_dog_cityselection/fetch_tourapi.py:258 summarize_month()
30,2025-12,20251206,330767.5,runs/api_candidates_sido_202509_202608/raw/20251201_20251231_p0001.xml,포함: 월별 visitors에 합산,"touDivNm=외지인(b); sido=areaCode, sigungu=signguCode",Together_with_my_dog_cityselection/fetch_tourapi.py:258 summarize_month()
30,2025-12,20251207,275201.5,runs/api_candidates_sido_202509_202608/raw/20251201_20251231_p0001.xml,포함: 월별 visitors에 합산,"touDivNm=외지인(b); sido=areaCode, sigungu=signguCode",Together_with_my_dog_cityselection/fetch_tourapi.py:258 summarize_month()
30,2025-12,20251208,188163.5,runs/api_candidates_sido_202509_202608/raw/20251201_20251231_p0001.xml,포함: 월별 visitors에 합산,"touDivNm=외지인(b); sido=areaCode, sigungu=signguCode",Together_with_my_dog_cityselection/fetch_tourapi.py:258 summarize_month()
30,2025-12,20251209,191863.0,runs/api_candidates_sido_202509_202608/raw/20251201_20251231_p0001.xml,포함: 월별 visitors에 합산,"touDivNm=외지인(b); sido=areaCode, sigungu=signguCode",Together_with_my_dog_cityselection/fetch_tourapi.py:258 summarize_month()
30,2025-12,20251210,193539.5,runs/api_candidates_sido_202509_202608/raw/20251201_20251231_p0001.xml,포함: 월별 visitors에 합산,"touDivNm=외지인(b); sido=areaCode, sigungu=signguCode",Together_with_my_dog_cityselection/fetch_tourapi.py:258 summarize_month()
30,2025-12,20251211,198635.5,runs/api_candidates_sido_202509_202608/raw/20251201_20251231_p0001.xml,포함: 월별 visitors에 합산,"touDivNm=외지인(b); sido=areaCode, sigungu=signguCode",Together_with_my_dog_cityselection/fetch_tourapi.py:258 summarize_month()
30,2025-12,20251212,238871.5,runs/api_candidates_sido_202509_202608/raw/20251201_20251231_p0001.xml,포함: 월별 visitors에 합산,"touDivNm=외지인(b); sido=areaCode, sigungu=signguCode",Together_with_my_dog_cityselection/fetch_tourapi.py:258 summarize_month()
30,2025-12,20251213,339643.5,runs/api_candidates_sido_202509_202608/raw/20251201_20251231_p0001.xml,포함: 월별 visitors에 합산,"touDivNm=외지인(b); sido=areaCode, sigungu=signguCode",Together_with_my_dog_cityselection/fetch_tourapi.py:258 summarize_month()
30,2025-12,20251214,276559.5,runs/api_candidates_sido_202509_202608/raw/20251201_20251231_p0001.xml,포함: 월별 visitors에 합산,"touDivNm=외지인(b); sido=areaCode, sigungu=signguCode",Together_with_my_dog_cityselection/fetch_tourapi.py:258 summarize_month()
30,2025-12,20251215,204379.0,runs/api_candidates_sido_202509_202608/raw/20251201_20251231_p0001.xml,포함: 월별 visitors에 합산,"touDivNm=외지인(b); sido=areaCode, sigungu=signguCode",Together_with_my_dog_cityselection/fetch_tourapi.py:258 summarize_month()
30,2025-12,20251216,210336.0,runs/api_candidates_sido_202509_202608/raw/20251201_20251231_p0001.xml,포함: 월별 visitors에 합산,"touDivNm=외지인(b); sido=areaCode, sigungu=signguCode",Together_with_my_dog_cityselection/fetch_tourapi.py:258 summarize_month()
30,2025-12,20251217,215953.5,runs/api_candidates_sido_202509_202608/raw/20251201_20251231_p0001.xml,포함: 월별 visitors에 합산,"touDivNm=외지인(b); sido=areaCode, sigungu=signguCode",Together_with_my_dog_cityselection/fetch_tourapi.py:258 summarize_month()
30,2025-12,20251218,221207.0,runs/api_candidates_sido_202509_202608/raw/20251201_20251231_p0001.xml,포함: 월별 visitors에 합산,"touDivNm=외지인(b); sido=areaCode, sigungu=signguCode",Together_with_my_dog_cityselection/fetch_tourapi.py:258 summarize_month()
30,2025-12,20251219,258587.0,runs/api_candidates_sido_202509_202608/raw/20251201_20251231_p0001.xml,포함: 월별 visitors에 합산,"touDivNm=외지인(b); sido=areaCode, sigungu=signguCode",Together_with_my_dog_cityselection/fetch_tourapi.py:258 summarize_month()
30,2025-12,20251220,364535.5,runs/api_candidates_sido_202509_202608/raw/20251201_20251231_p0001.xml,포함: 월별 visitors에 합산,"touDivNm=외지인(b); sido=areaCode, sigungu=signguCode",Together_with_my_dog_cityselection/fetch_tourapi.py:258 summarize_month()
30,2025-12,20251221,303621.5,runs/api_candidates_sido_202509_202608/raw/20251201_20251231_p0001.xml,포함: 월별 visitors에 합산,"touDivNm=외지인(b); sido=areaCode, sigungu=signguCode",Together_with_my_dog_cityselection/fetch_tourapi.py:258 summarize_month()
30,2025-12,20251222,228249.0,runs/api_candidates_sido_202509_202608/raw/20251201_20251231_p0001.xml,포함: 월별 visitors에 합산,"touDivNm=외지인(b); sido=areaCode, sigungu=signguCode",Together_with_my_dog_cityselection/fetch_tourapi.py:258 summarize_month()
30,2025-12,20251223,234241.0,runs/api_candidates_sido_202509_202608/raw/20251201_20251231_p0001.xml,포함: 월별 visitors에 합산,"touDivNm=외지인(b); sido=areaCode, sigungu=signguCode",Together_with_my_dog_cityselection/fetch_tourapi.py:258 summarize_month()
30,2025-12,20251224,252227.5,runs/api_candidates_sido_202509_202608/raw/20251201_20251231_p0001.xml,포함: 월별 visitors에 합산,"touDivNm=외지인(b); sido=areaCode, sigungu=signguCode",Together_with_my_dog_cityselection/fetch_tourapi.py:258 summarize_month()
30,2025-12,20251225,293247.5,runs/api_candidates_sido_202509_202608/raw/20251201_20251231_p0001.xml,포함: 월별 visitors에 합산,"touDivNm=외지인(b); sido=areaCode, sigungu=signguCode",Together_with_my_dog_cityselection/fetch_tourapi.py:258 summarize_month()
30,2025-12,20251226,278526.5,runs/api_candidates_sido_202509_202608/raw/20251201_20251231_p0001.xml,포함: 월별 visitors에 합산,"touDivNm=외지인(b); sido=areaCode, sigungu=signguCode",Together_with_my_dog_cityselection/fetch_tourapi.py:258 summarize_month()
30,2025-12,20251227,356261.5,runs/api_candidates_sido_202509_202608/raw/20251201_20251231_p0001.xml,포함: 월별 visitors에 합산,"touDivNm=외지인(b); sido=areaCode, sigungu=signguCode",Together_with_my_dog_cityselection/fetch_tourapi.py:258 summarize_month()
30,2025-12,20251228,295953.0,runs/api_candidates_sido_202509_202608/raw/20251201_20251231_p0001.xml,포함: 월별 visitors에 합산,"touDivNm=외지인(b); sido=areaCode, sigungu=signguCode",Together_with_my_dog_cityselection/fetch_tourapi.py:258 summarize_month()
30,2025-12,20251229,243876.5,runs/api_candidates_sido_202509_202608/raw/20251201_20251231_p0001.xml,포함: 월별 visitors에 합산,"touDivNm=외지인(b); sido=areaCode, sigungu=signguCode",Together_with_my_dog_cityselection/fetch_tourapi.py:258 summarize_month()
30,2025-12,20251230,246067.5,runs/api_candidates_sido_202509_202608/raw/20251201_20251231_p0001.xml,포함: 월별 visitors에 합산,"touDivNm=외지인(b); sido=areaCode, sigungu=signguCode",Together_with_my_dog_cityselection/fetch_tourapi.py:258 summarize_month()
30,2025-12,20251231,272205.5,runs/api_candidates_sido_202509_202608/raw/20251201_20251231_p0001.xml,포함: 월별 visitors에 합산,"touDivNm=외지인(b); sido=areaCode, sigungu=signguCode",Together_with_my_dog_cityselection/fetch_tourapi.py:258 summarize_month()
30,2026-01,20260101,226999.5,runs/api_candidates_sido_202509_202608/raw/20260101_20260131_p0001.xml,포함: 월별 visitors에 합산,"touDivNm=외지인(b); sido=areaCode, sigungu=signguCode",Together_with_my_dog_cityselection/fetch_tourapi.py:258 summarize_month()
30,2026-01,20260102,228259.5,runs/api_candidates_sido_202509_202608/raw/20260101_20260131_p0001.xml,포함: 월별 visitors에 합산,"touDivNm=외지인(b); sido=areaCode, sigungu=signguCode",Together_with_my_dog_cityselection/fetch_tourapi.py:258 summarize_month()
30,2026-01,20260103,301469.0,runs/api_candidates_sido_202509_202608/raw/20260101_20260131_p0001.xml,포함: 월별 visitors에 합산,"touDivNm=외지인(b); sido=areaCode, sigungu=signguCode",Together_with_my_dog_cityselection/fetch_tourapi.py:258 summarize_month()
30,2026-01,20260104,245185.5,runs/api_candidates_sido_202509_202608/raw/20260101_20260131_p0001.xml,포함: 월별 visitors에 합산,"touDivNm=외지인(b); sido=areaCode, sigungu=signguCode",Together_with_my_dog_cityselection/fetch_tourapi.py:258 summarize_month()
30,2026-01,20260105,178629.5,runs/api_candidates_sido_202509_202608/raw/20260101_20260131_p0001.xml,포함: 월별 visitors에 합산,"touDivNm=외지인(b); sido=areaCode, sigungu=signguCode",Together_with_my_dog_cityselection/fetch_tourapi.py:258 summarize_month()
30,2026-01,20260106,181377.0,runs/api_candidates_sido_202509_202608/raw/20260101_20260131_p0001.xml,포함: 월별 visitors에 합산,"touDivNm=외지인(b); sido=areaCode, sigungu=signguCode",Together_with_my_dog_cityselection/fetch_tourapi.py:258 summarize_month()
30,2026-01,20260107,186812.5,runs/api_candidates_sido_202509_202608/raw/20260101_20260131_p0001.xml,포함: 월별 visitors에 합산,"touDivNm=외지인(b); sido=areaCode, sigungu=signguCode",Together_with_my_dog_cityselection/fetch_tourapi.py:258 summarize_month()
30,2026-01,20260108,191915.5,runs/api_candidates_sido_202509_202608/raw/20260101_20260131_p0001.xml,포함: 월별 visitors에 합산,"touDivNm=외지인(b); sido=areaCode, sigungu=signguCode",Together_with_my_dog_cityselection/fetch_tourapi.py:258 summarize_month()
30,2026-01,20260109,222831.0,runs/api_candidates_sido_202509_202608/raw/20260101_20260131_p0001.xml,포함: 월별 visitors에 합산,"touDivNm=외지인(b); sido=areaCode, sigungu=signguCode",Together_with_my_dog_cityselection/fetch_tourapi.py:258 summarize_month()
30,2026-01,20260110,307233.5,runs/api_candidates_sido_202509_202608/raw/20260101_20260131_p0001.xml,포함: 월별 visitors에 합산,"touDivNm=외지인(b); sido=areaCode, sigungu=signguCode",Together_with_my_dog_cityselection/fetch_tourapi.py:258 summarize_month()
30,2026-01,20260111,241969.0,runs/api_candidates_sido_202509_202608/raw/20260101_20260131_p0001.xml,포함: 월별 visitors에 합산,"touDivNm=외지인(b); sido=areaCode, sigungu=signguCode",Together_with_my_dog_cityselection/fetch_tourapi.py:258 summarize_month()
30,2026-01,20260112,199003.0,runs/api_candidates_sido_202509_202608/raw/20260101_20260131_p0001.xml,포함: 월별 visitors에 합산,"touDivNm=외지인(b); sido=areaCode, sigungu=signguCode",Together_with_my_dog_cityselection/fetch_tourapi.py:258 summarize_month()
30,2026-01,20260113,208299.0,runs/api_candidates_sido_202509_202608/raw/20260101_20260131_p0001.xml,포함: 월별 visitors에 합산,"touDivNm=외지인(b); sido=areaCode, sigungu=signguCode",Together_with_my_dog_cityselection/fetch_tourapi.py:258 summarize_month()
30,2026-01,20260114,207557.0,runs/api_candidates_sido_202509_202608/raw/20260101_20260131_p0001.xml,포함: 월별 visitors에 합산,"touDivNm=외지인(b); sido=areaCode, sigungu=signguCode",Together_with_my_dog_cityselection/fetch_tourapi.py:258 summarize_month()
30,2026-01,20260115,217574.0,runs/api_candidates_sido_202509_202608/raw/20260101_20260131_p0001.xml,포함: 월별 visitors에 합산,"touDivNm=외지인(b); sido=areaCode, sigungu=signguCode",Together_with_my_dog_cityselection/fetch_tourapi.py:258 summarize_month()
30,2026-01,20260116,244163.5,runs/api_candidates_sido_202509_202608/raw/20260101_20260131_p0001.xml,포함: 월별 visitors에 합산,"touDivNm=외지인(b); sido=areaCode, sigungu=signguCode",Together_with_my_dog_cityselection/fetch_tourapi.py:258 summarize_month()
30,2026-01,20260117,344547.0,runs/api_candidates_sido_202509_202608/raw/20260101_20260131_p0001.xml,포함: 월별 visitors에 합산,"touDivNm=외지인(b); sido=areaCode, sigungu=signguCode",Together_with_my_dog_cityselection/fetch_tourapi.py:258 summarize_month()
30,2026-01,20260118,283818.5,runs/api_candidates_sido_202509_202608/raw/20260101_20260131_p0001.xml,포함: 월별 visitors에 합산,"touDivNm=외지인(b); sido=areaCode, sigungu=signguCode",Together_with_my_dog_cityselection/fetch_tourapi.py:258 summarize_month()
30,2026-01,20260119,211515.5,runs/api_candidates_sido_202509_202608/raw/20260101_20260131_p0001.xml,포함: 월별 visitors에 합산,"touDivNm=외지인(b); sido=areaCode, sigungu=signguCode",Together_with_my_dog_cityselection/fetch_tourapi.py:258 summarize_month()
30,2026-01,20260120,215656.0,runs/api_candidates_sido_202509_202608/raw/20260101_20260131_p0001.xml,포함: 월별 visitors에 합산,"touDivNm=외지인(b); sido=areaCode, sigungu=signguCode",Together_with_my_dog_cityselection/fetch_tourapi.py:258 summarize_month()
30,2026-01,20260121,216016.5,runs/api_candidates_sido_202509_202608/raw/20260101_20260131_p0001.xml,포함: 월별 visitors에 합산,"touDivNm=외지인(b); sido=areaCode, sigungu=signguCode",Together_with_my_dog_cityselection/fetch_tourapi.py:258 summarize_month()
30,2026-01,20260122,218802.5,runs/api_candidates_sido_202509_202608/raw/20260101_20260131_p0001.xml,포함: 월별 visitors에 합산,"touDivNm=외지인(b); sido=areaCode, sigungu=signguCode",Together_with_my_dog_cityselection/fetch_tourapi.py:258 summarize_month()
30,2026-01,20260123,249886.0,runs/api_candidates_sido_202509_202608/raw/20260101_20260131_p0001.xml,포함: 월별 visitors에 합산,"touDivNm=외지인(b); sido=areaCode, sigungu=signguCode",Together_with_my_dog_cityselection/fetch_tourapi.py:258 summarize_month()
30,2026-01,20260124,340658.5,runs/api_candidates_sido_202509_202608/raw/20260101_20260131_p0001.xml,포함: 월별 visitors에 합산,"touDivNm=외지인(b); sido=areaCode, sigungu=signguCode",Together_with_my_dog_cityselection/fetch_tourapi.py:258 summarize_month()
30,2026-01,20260125,281193.5,runs/api_candidates_sido_202509_202608/raw/20260101_20260131_p0001.xml,포함: 월별 visitors에 합산,"touDivNm=외지인(b); sido=areaCode, sigungu=signguCode",Together_with_my_dog_cityselection/fetch_tourapi.py:258 summarize_month()
30,2026-01,20260126,221004.0,runs/api_candidates_sido_202509_202608/raw/20260101_20260131_p0001.xml,포함: 월별 visitors에 합산,"touDivNm=외지인(b); sido=areaCode, sigungu=signguCode",Together_with_my_dog_cityselection/fetch_tourapi.py:258 summarize_month()
30,2026-01,20260127,226800.0,runs/api_candidates_sido_202509_202608/raw/20260101_20260131_p0001.xml,포함: 월별 visitors에 합산,"touDivNm=외지인(b); sido=areaCode, sigungu=signguCode",Together_with_my_dog_cityselection/fetch_tourapi.py:258 summarize_month()
30,2026-01,20260128,229817.0,runs/api_candidates_sido_202509_202608/raw/20260101_20260131_p0001.xml,포함: 월별 visitors에 합산,"touDivNm=외지인(b); sido=areaCode, sigungu=signguCode",Together_with_my_dog_cityselection/fetch_tourapi.py:258 summarize_month()
30,2026-01,20260129,230804.0,runs/api_candidates_sido_202509_202608/raw/20260101_20260131_p0001.xml,포함: 월별 visitors에 합산,"touDivNm=외지인(b); sido=areaCode, sigungu=signguCode",Together_with_my_dog_cityselection/fetch_tourapi.py:258 summarize_month()
30,2026-01,20260130,258223.0,runs/api_candidates_sido_202509_202608/raw/20260101_20260131_p0001.xml,포함: 월별 visitors에 합산,"touDivNm=외지인(b); sido=areaCode, sigungu=signguCode",Together_with_my_dog_cityselection/fetch_tourapi.py:258 summarize_month()
30,2026-01,20260131,359387.0,runs/api_candidates_sido_202509_202608/raw/20260101_20260131_p0001.xml,포함: 월별 visitors에 합산,"touDivNm=외지인(b); sido=areaCode, sigungu=signguCode",Together_with_my_dog_cityselection/fetch_tourapi.py:258 summarize_month()
30,2026-02,20260201,233275.0,runs/api_candidates_sido_202509_202608/raw/20260201_20260228_p0001.xml,포함: 월별 visitors에 합산,"touDivNm=외지인(b); sido=areaCode, sigungu=signguCode",Together_with_my_dog_cityselection/fetch_tourapi.py:258 summarize_month()
30,2026-02,20260202,158049.5,runs/api_candidates_sido_202509_202608/raw/20260201_20260228_p0001.xml,포함: 월별 visitors에 합산,"touDivNm=외지인(b); sido=areaCode, sigungu=signguCode",Together_with_my_dog_cityselection/fetch_tourapi.py:258 summarize_month()
30,2026-02,20260203,175206.5,runs/api_candidates_sido_202509_202608/raw/20260201_20260228_p0001.xml,포함: 월별 visitors에 합산,"touDivNm=외지인(b); sido=areaCode, sigungu=signguCode",Together_with_my_dog_cityselection/fetch_tourapi.py:258 summarize_month()
30,2026-02,20260204,180071.5,runs/api_candidates_sido_202509_202608/raw/20260201_20260228_p0001.xml,포함: 월별 visitors에 합산,"touDivNm=외지인(b); sido=areaCode, sigungu=signguCode",Together_with_my_dog_cityselection/fetch_tourapi.py:258 summarize_month()
30,2026-02,20260205,189675.5,runs/api_candidates_sido_202509_202608/raw/20260201_20260228_p0001.xml,포함: 월별 visitors에 합산,"touDivNm=외지인(b); sido=areaCode, sigungu=signguCode",Together_with_my_dog_cityselection/fetch_tourapi.py:258 summarize_month()
30,2026-02,20260206,217549.5,runs/api_candidates_sido_202509_202608/raw/20260201_20260228_p0001.xml,포함: 월별 visitors에 합산,"touDivNm=외지인(b); sido=areaCode, sigungu=signguCode",Together_with_my_dog_cityselection/fetch_tourapi.py:258 summarize_month()
30,2026-02,20260207,327642.0,runs/api_candidates_sido_202509_202608/raw/20260201_20260228_p0001.xml,포함: 월별 visitors에 합산,"touDivNm=외지인(b); sido=areaCode, sigungu=signguCode",Together_with_my_dog_cityselection/fetch_tourapi.py:258 summarize_month()
30,2026-02,20260208,255290.0,runs/api_candidates_sido_202509_202608/raw/20260201_20260228_p0001.xml,포함: 월별 visitors에 합산,"touDivNm=외지인(b); sido=areaCode, sigungu=signguCode",Together_with_my_dog_cityselection/fetch_tourapi.py:258 summarize_month()
30,2026-02,20260209,195184.5,runs/api_candidates_sido_202509_202608/raw/20260201_20260228_p0001.xml,포함: 월별 visitors에 합산,"touDivNm=외지인(b); sido=areaCode, sigungu=signguCode",Together_with_my_dog_cityselection/fetch_tourapi.py:258 summarize_month()
30,2026-02,20260210,204302.0,runs/api_candidates_sido_202509_202608/raw/20260201_20260228_p0001.xml,포함: 월별 visitors에 합산,"touDivNm=외지인(b); sido=areaCode, sigungu=signguCode",Together_with_my_dog_cityselection/fetch_tourapi.py:258 summarize_month()
30,2026-02,20260211,209807.5,runs/api_candidates_sido_202509_202608/raw/20260201_20260228_p0001.xml,포함: 월별 visitors에 합산,"touDivNm=외지인(b); sido=areaCode, sigungu=signguCode",Together_with_my_dog_cityselection/fetch_tourapi.py:258 summarize_month()
30,2026-02,20260212,222320.0,runs/api_candidates_sido_202509_202608/raw/20260201_20260228_p0001.xml,포함: 월별 visitors에 합산,"touDivNm=외지인(b); sido=areaCode, sigungu=signguCode",Together_with_my_dog_cityselection/fetch_tourapi.py:258 summarize_month()
30,2026-02,20260213,238049.0,runs/api_candidates_sido_202509_202608/raw/20260201_20260228_p0001.xml,포함: 월별 visitors에 합산,"touDivNm=외지인(b); sido=areaCode, sigungu=signguCode",Together_with_my_dog_cityselection/fetch_tourapi.py:258 summarize_month()
30,2026-02,20260214,323652.0,runs/api_candidates_sido_202509_202608/raw/20260201_20260228_p0001.xml,포함: 월별 visitors에 합산,"touDivNm=외지인(b); sido=areaCode, sigungu=signguCode",Together_with_my_dog_cityselection/fetch_tourapi.py:258 summarize_month()
30,2026-02,20260215,375984.0,runs/api_candidates_sido_202509_202608/raw/20260201_20260228_p0001.xml,포함: 월별 visitors에 합산,"touDivNm=외지인(b); sido=areaCode, sigungu=signguCode",Together_with_my_dog_cityselection/fetch_tourapi.py:258 summarize_month()
30,2026-02,20260216,417350.5,runs/api_candidates_sido_202509_202608/raw/20260201_20260228_p0001.xml,포함: 월별 visitors에 합산,"touDivNm=외지인(b); sido=areaCode, sigungu=signguCode",Together_with_my_dog_cityselection/fetch_tourapi.py:258 summarize_month()
30,2026-02,20260217,448654.5,runs/api_candidates_sido_202509_202608/raw/20260201_20260228_p0001.xml,포함: 월별 visitors에 합산,"touDivNm=외지인(b); sido=areaCode, sigungu=signguCode",Together_with_my_dog_cityselection/fetch_tourapi.py:258 summarize_month()
30,2026-02,20260218,307814.5,runs/api_candidates_sido_202509_202608/raw/20260201_20260228_p0001.xml,포함: 월별 visitors에 합산,"touDivNm=외지인(b); sido=areaCode, sigungu=signguCode",Together_with_my_dog_cityselection/fetch_tourapi.py:258 summarize_month()
30,2026-02,20260219,228287.5,runs/api_candidates_sido_202509_202608/raw/20260201_20260228_p0001.xml,포함: 월별 visitors에 합산,"touDivNm=외지인(b); sido=areaCode, sigungu=signguCode",Together_with_my_dog_cityselection/fetch_tourapi.py:258 summarize_month()
30,2026-02,20260220,254709.0,runs/api_candidates_sido_202509_202608/raw/20260201_20260228_p0001.xml,포함: 월별 visitors에 합산,"touDivNm=외지인(b); sido=areaCode, sigungu=signguCode",Together_with_my_dog_cityselection/fetch_tourapi.py:258 summarize_month()
30,2026-02,20260221,326434.5,runs/api_candidates_sido_202509_202608/raw/20260201_20260228_p0001.xml,포함: 월별 visitors에 합산,"touDivNm=외지인(b); sido=areaCode, sigungu=signguCode",Together_with_my_dog_cityselection/fetch_tourapi.py:258 summarize_month()
30,2026-02,20260222,267344.0,runs/api_candidates_sido_202509_202608/raw/20260201_20260228_p0001.xml,포함: 월별 visitors에 합산,"touDivNm=외지인(b); sido=areaCode, sigungu=signguCode",Together_with_my_dog_cityselection/fetch_tourapi.py:258 summarize_month()
30,2026-02,20260223,227843.0,runs/api_candidates_sido_202509_202608/raw/20260201_20260228_p0001.xml,포함: 월별 visitors에 합산,"touDivNm=외지인(b); sido=areaCode, sigungu=signguCode",Together_with_my_dog_cityselection/fetch_tourapi.py:258 summarize_month()
30,2026-02,20260224,222558.0,runs/api_candidates_sido_202509_202608/raw/20260201_20260228_p0001.xml,포함: 월별 visitors에 합산,"touDivNm=외지인(b); sido=areaCode, sigungu=signguCode",Together_with_my_dog_cityselection/fetch_tourapi.py:258 summarize_month()
30,2026-02,20260225,249697.0,runs/api_candidates_sido_202509_202608/raw/20260201_20260228_p0001.xml,포함: 월별 visitors에 합산,"touDivNm=외지인(b); sido=areaCode, sigungu=signguCode",Together_with_my_dog_cityselection/fetch_tourapi.py:258 summarize_month()
30,2026-02,20260226,252399.0,runs/api_candidates_sido_202509_202608/raw/20260201_20260228_p0001.xml,포함: 월별 visitors에 합산,"touDivNm=외지인(b); sido=areaCode, sigungu=signguCode",Together_with_my_dog_cityselection/fetch_tourapi.py:258 summarize_month()
30,2026-02,20260227,275453.5,runs/api_candidates_sido_202509_202608/raw/20260201_20260228_p0001.xml,포함: 월별 visitors에 합산,"touDivNm=외지인(b); sido=areaCode, sigungu=signguCode",Together_with_my_dog_cityselection/fetch_tourapi.py:258 summarize_month()
30,2026-02,20260228,372473.5,runs/api_candidates_sido_202509_202608/raw/20260201_20260228_p0001.xml,포함: 월별 visitors에 합산,"touDivNm=외지인(b); sido=areaCode, sigungu=signguCode",Together_with_my_dog_cityselection/fetch_tourapi.py:258 summarize_month()
30,2026-03,20260301,331971.5,runs/api_candidates_sido_202509_202608/raw/20260301_20260331_p0001.xml,포함: 월별 visitors에 합산,"touDivNm=외지인(b); sido=areaCode, sigungu=signguCode",Together_with_my_dog_cityselection/fetch_tourapi.py:258 summarize_month()
30,2026-03,20260302,265069.0,runs/api_candidates_sido_202509_202608/raw/20260301_20260331_p0001.xml,포함: 월별 visitors에 합산,"touDivNm=외지인(b); sido=areaCode, sigungu=signguCode",Together_with_my_dog_cityselection/fetch_tourapi.py:258 summarize_month()
30,2026-03,20260303,222365.5,runs/api_candidates_sido_202509_202608/raw/20260301_20260331_p0001.xml,포함: 월별 visitors에 합산,"touDivNm=외지인(b); sido=areaCode, sigungu=signguCode",Together_with_my_dog_cityselection/fetch_tourapi.py:258 summarize_month()
30,2026-03,20260304,231161.0,runs/api_candidates_sido_202509_202608/raw/20260301_20260331_p0001.xml,포함: 월별 visitors에 합산,"touDivNm=외지인(b); sido=areaCode, sigungu=signguCode",Together_with_my_dog_cityselection/fetch_tourapi.py:258 summarize_month()
30,2026-03,20260305,235553.5,runs/api_candidates_sido_202509_202608/raw/20260301_20260331_p0001.xml,포함: 월별 visitors에 합산,"touDivNm=외지인(b); sido=areaCode, sigungu=signguCode",Together_with_my_dog_cityselection/fetch_tourapi.py:258 summarize_month()
30,2026-03,20260306,251954.5,runs/api_candidates_sido_202509_202608/raw/20260301_20260331_p0001.xml,포함: 월별 visitors에 합산,"touDivNm=외지인(b); sido=areaCode, sigungu=signguCode",Together_with_my_dog_cityselection/fetch_tourapi.py:258 summarize_month()
30,2026-03,20260307,332979.5,runs/api_candidates_sido_202509_202608/raw/20260301_20260331_p0001.xml,포함: 월별 visitors에 합산,"touDivNm=외지인(b); sido=areaCode, sigungu=signguCode",Together_with_my_dog_cityselection/fetch_tourapi.py:258 summarize_month()
30,2026-03,20260308,277795.0,runs/api_candidates_sido_202509_202608/raw/20260301_20260331_p0001.xml,포함: 월별 visitors에 합산,"touDivNm=외지인(b); sido=areaCode, sigungu=signguCode",Together_with_my_dog_cityselection/fetch_tourapi.py:258 summarize_month()
30,2026-03,20260309,244422.5,runs/api_candidates_sido_202509_202608/raw/20260301_20260331_p0001.xml,포함: 월별 visitors에 합산,"touDivNm=외지인(b); sido=areaCode, sigungu=signguCode",Together_with_my_dog_cityselection/fetch_tourapi.py:258 summarize_month()
30,2026-03,20260310,255454.5,runs/api_candidates_sido_202509_202608/raw/20260301_20260331_p0001.xml,포함: 월별 visitors에 합산,"touDivNm=외지인(b); sido=areaCode, sigungu=signguCode",Together_with_my_dog_cityselection/fetch_tourapi.py:258 summarize_month()
30,2026-03,20260311,255244.5,runs/api_candidates_sido_202509_202608/raw/20260301_20260331_p0001.xml,포함: 월별 visitors에 합산,"touDivNm=외지인(b); sido=areaCode, sigungu=signguCode",Together_with_my_dog_cityselection/fetch_tourapi.py:258 summarize_month()
30,2026-03,20260312,265436.5,runs/api_candidates_sido_202509_202608/raw/20260301_20260331_p0001.xml,포함: 월별 visitors에 합산,"touDivNm=외지인(b); sido=areaCode, sigungu=signguCode",Together_with_my_dog_cityselection/fetch_tourapi.py:258 summarize_month()
30,2026-03,20260313,283034.5,runs/api_candidates_sido_202509_202608/raw/20260301_20260331_p0001.xml,포함: 월별 visitors에 합산,"touDivNm=외지인(b); sido=areaCode, sigungu=signguCode",Together_with_my_dog_cityselection/fetch_tourapi.py:258 summarize_month()
30,2026-03,20260314,366863.0,runs/api_candidates_sido_202509_202608/raw/20260301_20260331_p0001.xml,포함: 월별 visitors에 합산,"touDivNm=외지인(b); sido=areaCode, sigungu=signguCode",Together_with_my_dog_cityselection/fetch_tourapi.py:258 summarize_month()
30,2026-03,20260315,307419.0,runs/api_candidates_sido_202509_202608/raw/20260301_20260331_p0001.xml,포함: 월별 visitors에 합산,"touDivNm=외지인(b); sido=areaCode, sigungu=signguCode",Together_with_my_dog_cityselection/fetch_tourapi.py:258 summarize_month()
30,2026-03,20260316,260949.5,runs/api_candidates_sido_202509_202608/raw/20260301_20260331_p0001.xml,포함: 월별 visitors에 합산,"touDivNm=외지인(b); sido=areaCode, sigungu=signguCode",Together_with_my_dog_cityselection/fetch_tourapi.py:258 summarize_month()
30,2026-03,20260317,269055.5,runs/api_candidates_sido_202509_202608/raw/20260301_20260331_p0001.xml,포함: 월별 visitors에 합산,"touDivNm=외지인(b); sido=areaCode, sigungu=signguCode",Together_with_my_dog_cityselection/fetch_tourapi.py:258 summarize_month()
30,2026-03,20260318,261271.5,runs/api_candidates_sido_202509_202608/raw/20260301_20260331_p0001.xml,포함: 월별 visitors에 합산,"touDivNm=외지인(b); sido=areaCode, sigungu=signguCode",Together_with_my_dog_cityselection/fetch_tourapi.py:258 summarize_month()
30,2026-03,20260319,273801.5,runs/api_candidates_sido_202509_202608/raw/20260301_20260331_p0001.xml,포함: 월별 visitors에 합산,"touDivNm=외지인(b); sido=areaCode, sigungu=signguCode",Together_with_my_dog_cityselection/fetch_tourapi.py:258 summarize_month()
30,2026-03,20260320,295638.0,runs/api_candidates_sido_202509_202608/raw/20260301_20260331_p0001.xml,포함: 월별 visitors에 합산,"touDivNm=외지인(b); sido=areaCode, sigungu=signguCode",Together_with_my_dog_cityselection/fetch_tourapi.py:258 summarize_month()
30,2026-03,20260321,390309.5,runs/api_candidates_sido_202509_202608/raw/20260301_20260331_p0001.xml,포함: 월별 visitors에 합산,"touDivNm=외지인(b); sido=areaCode, sigungu=signguCode",Together_with_my_dog_cityselection/fetch_tourapi.py:258 summarize_month()
30,2026-03,20260322,321223.0,runs/api_candidates_sido_202509_202608/raw/20260301_20260331_p0001.xml,포함: 월별 visitors에 합산,"touDivNm=외지인(b); sido=areaCode, sigungu=signguCode",Together_with_my_dog_cityselection/fetch_tourapi.py:258 summarize_month()
30,2026-03,20260323,272979.0,runs/api_candidates_sido_202509_202608/raw/20260301_20260331_p0001.xml,포함: 월별 visitors에 합산,"touDivNm=외지인(b); sido=areaCode, sigungu=signguCode",Together_with_my_dog_cityselection/fetch_tourapi.py:258 summarize_month()
30,2026-03,20260324,277938.5,runs/api_candidates_sido_202509_202608/raw/20260301_20260331_p0001.xml,포함: 월별 visitors에 합산,"touDivNm=외지인(b); sido=areaCode, sigungu=signguCode",Together_with_my_dog_cityselection/fetch_tourapi.py:258 summarize_month()
30,2026-03,20260325,276787.0,runs/api_candidates_sido_202509_202608/raw/20260301_20260331_p0001.xml,포함: 월별 visitors에 합산,"touDivNm=외지인(b); sido=areaCode, sigungu=signguCode",Together_with_my_dog_cityselection/fetch_tourapi.py:258 summarize_month()
30,2026-03,20260326,281764.0,runs/api_candidates_sido_202509_202608/raw/20260301_20260331_p0001.xml,포함: 월별 visitors에 합산,"touDivNm=외지인(b); sido=areaCode, sigungu=signguCode",Together_with_my_dog_cityselection/fetch_tourapi.py:258 summarize_month()
30,2026-03,20260327,305326.0,runs/api_candidates_sido_202509_202608/raw/20260301_20260331_p0001.xml,포함: 월별 visitors에 합산,"touDivNm=외지인(b); sido=areaCode, sigungu=signguCode",Together_with_my_dog_cityselection/fetch_tourapi.py:258 summarize_month()
30,2026-03,20260328,395398.5,runs/api_candidates_sido_202509_202608/raw/20260301_20260331_p0001.xml,포함: 월별 visitors에 합산,"touDivNm=외지인(b); sido=areaCode, sigungu=signguCode",Together_with_my_dog_cityselection/fetch_tourapi.py:258 summarize_month()
30,2026-03,20260329,339146.5,runs/api_candidates_sido_202509_202608/raw/20260301_20260331_p0001.xml,포함: 월별 visitors에 합산,"touDivNm=외지인(b); sido=areaCode, sigungu=signguCode",Together_with_my_dog_cityselection/fetch_tourapi.py:258 summarize_month()
30,2026-03,20260330,275670.5,runs/api_candidates_sido_202509_202608/raw/20260301_20260331_p0001.xml,포함: 월별 visitors에 합산,"touDivNm=외지인(b); sido=areaCode, sigungu=signguCode",Together_with_my_dog_cityselection/fetch_tourapi.py:258 summarize_month()
30,2026-03,20260331,280199.5,runs/api_candidates_sido_202509_202608/raw/20260301_20260331_p0001.xml,포함: 월별 visitors에 합산,"touDivNm=외지인(b); sido=areaCode, sigungu=signguCode",Together_with_my_dog_cityselection/fetch_tourapi.py:258 summarize_month()
30,2026-04,20260401,154469.0,runs/api_candidates_sido_202509_202608/raw/20260401_20260430_p0001.xml,포함: 월별 visitors에 합산,"touDivNm=외지인(b); sido=areaCode, sigungu=signguCode",Together_with_my_dog_cityselection/fetch_tourapi.py:258 summarize_month()
30,2026-04,20260402,164944.5,runs/api_candidates_sido_202509_202608/raw/20260401_20260430_p0001.xml,포함: 월별 visitors에 합산,"touDivNm=외지인(b); sido=areaCode, sigungu=signguCode",Together_with_my_dog_cityselection/fetch_tourapi.py:258 summarize_month()
30,2026-04,20260403,202856.5,runs/api_candidates_sido_202509_202608/raw/20260401_20260430_p0001.xml,포함: 월별 visitors에 합산,"touDivNm=외지인(b); sido=areaCode, sigungu=signguCode",Together_with_my_dog_cityselection/fetch_tourapi.py:258 summarize_month()
30,2026-04,20260404,302137.5,runs/api_candidates_sido_202509_202608/raw/20260401_20260430_p0001.xml,포함: 월별 visitors에 합산,"touDivNm=외지인(b); sido=areaCode, sigungu=signguCode",Together_with_my_dog_cityselection/fetch_tourapi.py:258 summarize_month()
30,2026-04,20260405,258566.0,runs/api_candidates_sido_202509_202608/raw/20260401_20260430_p0001.xml,포함: 월별 visitors에 합산,"touDivNm=외지인(b); sido=areaCode, sigungu=signguCode",Together_with_my_dog_cityselection/fetch_tourapi.py:258 summarize_month()
30,2026-04,20260406,163506.0,runs/api_candidates_sido_202509_202608/raw/20260401_20260430_p0001.xml,포함: 월별 visitors에 합산,"touDivNm=외지인(b); sido=areaCode, sigungu=signguCode",Together_with_my_dog_cityselection/fetch_tourapi.py:258 summarize_month()
30,2026-04,20260407,168952.0,runs/api_candidates_sido_202509_202608/raw/20260401_20260430_p0001.xml,포함: 월별 visitors에 합산,"touDivNm=외지인(b); sido=areaCode, sigungu=signguCode",Together_with_my_dog_cityselection/fetch_tourapi.py:258 summarize_month()
30,2026-04,20260408,175385.0,runs/api_candidates_sido_202509_202608/raw/20260401_20260430_p0001.xml,포함: 월별 visitors에 합산,"touDivNm=외지인(b); sido=areaCode, sigungu=signguCode",Together_with_my_dog_cityselection/fetch_tourapi.py:258 summarize_month()
30,2026-04,20260409,177114.0,runs/api_candidates_sido_202509_202608/raw/20260401_20260430_p0001.xml,포함: 월별 visitors에 합산,"touDivNm=외지인(b); sido=areaCode, sigungu=signguCode",Together_with_my_dog_cityselection/fetch_tourapi.py:258 summarize_month()
30,2026-04,20260410,224227.5,runs/api_candidates_sido_202509_202608/raw/20260401_20260430_p0001.xml,포함: 월별 visitors에 합산,"touDivNm=외지인(b); sido=areaCode, sigungu=signguCode",Together_with_my_dog_cityselection/fetch_tourapi.py:258 summarize_month()
30,2026-04,20260411,340242.0,runs/api_candidates_sido_202509_202608/raw/20260401_20260430_p0001.xml,포함: 월별 visitors에 합산,"touDivNm=외지인(b); sido=areaCode, sigungu=signguCode",Together_with_my_dog_cityselection/fetch_tourapi.py:258 summarize_month()
30,2026-04,20260412,271390.0,runs/api_candidates_sido_202509_202608/raw/20260401_20260430_p0001.xml,포함: 월별 visitors에 합산,"touDivNm=외지인(b); sido=areaCode, sigungu=signguCode",Together_with_my_dog_cityselection/fetch_tourapi.py:258 summarize_month()
30,2026-04,20260413,179830.0,runs/api_candidates_sido_202509_202608/raw/20260401_20260430_p0001.xml,포함: 월별 visitors에 합산,"touDivNm=외지인(b); sido=areaCode, sigungu=signguCode",Together_with_my_dog_cityselection/fetch_tourapi.py:258 summarize_month()
30,2026-04,20260414,185283.0,runs/api_candidates_sido_202509_202608/raw/20260401_20260430_p0001.xml,포함: 월별 visitors에 합산,"touDivNm=외지인(b); sido=areaCode, sigungu=signguCode",Together_with_my_dog_cityselection/fetch_tourapi.py:258 summarize_month()
30,2026-04,20260415,188706.0,runs/api_candidates_sido_202509_202608/raw/20260401_20260430_p0001.xml,포함: 월별 visitors에 합산,"touDivNm=외지인(b); sido=areaCode, sigungu=signguCode",Together_with_my_dog_cityselection/fetch_tourapi.py:258 summarize_month()
30,2026-04,20260416,195853.0,runs/api_candidates_sido_202509_202608/raw/20260401_20260430_p0001.xml,포함: 월별 visitors에 합산,"touDivNm=외지인(b); sido=areaCode, sigungu=signguCode",Together_with_my_dog_cityselection/fetch_tourapi.py:258 summarize_month()
30,2026-04,20260417,222320.0,runs/api_candidates_sido_202509_202608/raw/20260401_20260430_p0001.xml,포함: 월별 visitors에 합산,"touDivNm=외지인(b); sido=areaCode, sigungu=signguCode",Together_with_my_dog_cityselection/fetch_tourapi.py:258 summarize_month()
30,2026-04,20260418,330435.0,runs/api_candidates_sido_202509_202608/raw/20260401_20260430_p0001.xml,포함: 월별 visitors에 합산,"touDivNm=외지인(b); sido=areaCode, sigungu=signguCode",Together_with_my_dog_cityselection/fetch_tourapi.py:258 summarize_month()
30,2026-04,20260419,264782.0,runs/api_candidates_sido_202509_202608/raw/20260401_20260430_p0001.xml,포함: 월별 visitors에 합산,"touDivNm=외지인(b); sido=areaCode, sigungu=signguCode",Together_with_my_dog_cityselection/fetch_tourapi.py:258 summarize_month()
30,2026-04,20260420,185370.5,runs/api_candidates_sido_202509_202608/raw/20260401_20260430_p0001.xml,포함: 월별 visitors에 합산,"touDivNm=외지인(b); sido=areaCode, sigungu=signguCode",Together_with_my_dog_cityselection/fetch_tourapi.py:258 summarize_month()
30,2026-04,20260421,190617.0,runs/api_candidates_sido_202509_202608/raw/20260401_20260430_p0001.xml,포함: 월별 visitors에 합산,"touDivNm=외지인(b); sido=areaCode, sigungu=signguCode",Together_with_my_dog_cityselection/fetch_tourapi.py:258 summarize_month()
30,2026-04,20260422,194288.5,runs/api_candidates_sido_202509_202608/raw/20260401_20260430_p0001.xml,포함: 월별 visitors에 합산,"touDivNm=외지인(b); sido=areaCode, sigungu=signguCode",Together_with_my_dog_cityselection/fetch_tourapi.py:258 summarize_month()
30,2026-04,20260423,201873.0,runs/api_candidates_sido_202509_202608/raw/20260401_20260430_p0001.xml,포함: 월별 visitors에 합산,"touDivNm=외지인(b); sido=areaCode, sigungu=signguCode",Together_with_my_dog_cityselection/fetch_tourapi.py:258 summarize_month()
30,2026-04,20260424,244839.0,runs/api_candidates_sido_202509_202608/raw/20260401_20260430_p0001.xml,포함: 월별 visitors에 합산,"touDivNm=외지인(b); sido=areaCode, sigungu=signguCode",Together_with_my_dog_cityselection/fetch_tourapi.py:258 summarize_month()
30,2026-04,20260425,349839.0,runs/api_candidates_sido_202509_202608/raw/20260401_20260430_p0001.xml,포함: 월별 visitors에 합산,"touDivNm=외지인(b); sido=areaCode, sigungu=signguCode",Together_with_my_dog_cityselection/fetch_tourapi.py:258 summarize_month()
30,2026-04,20260426,286265.0,runs/api_candidates_sido_202509_202608/raw/20260401_20260430_p0001.xml,포함: 월별 visitors에 합산,"touDivNm=외지인(b); sido=areaCode, sigungu=signguCode",Together_with_my_dog_cityselection/fetch_tourapi.py:258 summarize_month()
30,2026-04,20260427,201684.0,runs/api_candidates_sido_202509_202608/raw/20260401_20260430_p0001.xml,포함: 월별 visitors에 합산,"touDivNm=외지인(b); sido=areaCode, sigungu=signguCode",Together_with_my_dog_cityselection/fetch_tourapi.py:258 summarize_month()
30,2026-04,20260428,207956.0,runs/api_candidates_sido_202509_202608/raw/20260401_20260430_p0001.xml,포함: 월별 visitors에 합산,"touDivNm=외지인(b); sido=areaCode, sigungu=signguCode",Together_with_my_dog_cityselection/fetch_tourapi.py:258 summarize_month()
30,2026-04,20260429,216699.0,runs/api_candidates_sido_202509_202608/raw/20260401_20260430_p0001.xml,포함: 월별 visitors에 합산,"touDivNm=외지인(b); sido=areaCode, sigungu=signguCode",Together_with_my_dog_cityselection/fetch_tourapi.py:258 summarize_month()
30,2026-04,20260430,253414.0,runs/api_candidates_sido_202509_202608/raw/20260401_20260430_p0001.xml,포함: 월별 visitors에 합산,"touDivNm=외지인(b); sido=areaCode, sigungu=signguCode",Together_with_my_dog_cityselection/fetch_tourapi.py:258 summarize_month()
30,2026-05,20260501,316039.5,runs/api_candidates_sido_202509_202608/raw/20260501_20260531_p0001.xml,포함: 월별 visitors에 합산,"touDivNm=외지인(b); sido=areaCode, sigungu=signguCode",Together_with_my_dog_cityselection/fetch_tourapi.py:258 summarize_month()
30,2026-05,20260502,367150.0,runs/api_candidates_sido_202509_202608/raw/20260501_20260531_p0001.xml,포함: 월별 visitors에 합산,"touDivNm=외지인(b); sido=areaCode, sigungu=signguCode",Together_with_my_dog_cityselection/fetch_tourapi.py:258 summarize_month()
30,2026-05,20260503,312788.0,runs/api_candidates_sido_202509_202608/raw/20260501_20260531_p0001.xml,포함: 월별 visitors에 합산,"touDivNm=외지인(b); sido=areaCode, sigungu=signguCode",Together_with_my_dog_cityselection/fetch_tourapi.py:258 summarize_month()
30,2026-05,20260504,253624.0,runs/api_candidates_sido_202509_202608/raw/20260501_20260531_p0001.xml,포함: 월별 visitors에 합산,"touDivNm=외지인(b); sido=areaCode, sigungu=signguCode",Together_with_my_dog_cityselection/fetch_tourapi.py:258 summarize_month()
30,2026-05,20260505,237282.5,runs/api_candidates_sido_202509_202608/raw/20260501_20260531_p0001.xml,포함: 월별 visitors에 합산,"touDivNm=외지인(b); sido=areaCode, sigungu=signguCode",Together_with_my_dog_cityselection/fetch_tourapi.py:258 summarize_month()
30,2026-05,20260506,172483.5,runs/api_candidates_sido_202509_202608/raw/20260501_20260531_p0001.xml,포함: 월별 visitors에 합산,"touDivNm=외지인(b); sido=areaCode, sigungu=signguCode",Together_with_my_dog_cityselection/fetch_tourapi.py:258 summarize_month()
30,2026-05,20260507,182682.5,runs/api_candidates_sido_202509_202608/raw/20260501_20260531_p0001.xml,포함: 월별 visitors에 합산,"touDivNm=외지인(b); sido=areaCode, sigungu=signguCode",Together_with_my_dog_cityselection/fetch_tourapi.py:258 summarize_month()
30,2026-05,20260508,229855.5,runs/api_candidates_sido_202509_202608/raw/20260501_20260531_p0001.xml,포함: 월별 visitors에 합산,"touDivNm=외지인(b); sido=areaCode, sigungu=signguCode",Together_with_my_dog_cityselection/fetch_tourapi.py:258 summarize_month()
30,2026-05,20260509,343854.0,runs/api_candidates_sido_202509_202608/raw/20260501_20260531_p0001.xml,포함: 월별 visitors에 합산,"touDivNm=외지인(b); sido=areaCode, sigungu=signguCode",Together_with_my_dog_cityselection/fetch_tourapi.py:258 summarize_month()
30,2026-05,20260510,282208.5,runs/api_candidates_sido_202509_202608/raw/20260501_20260531_p0001.xml,포함: 월별 visitors에 합산,"touDivNm=외지인(b); sido=areaCode, sigungu=signguCode",Together_with_my_dog_cityselection/fetch_tourapi.py:258 summarize_month()
30,2026-05,20260511,183911.0,runs/api_candidates_sido_202509_202608/raw/20260501_20260531_p0001.xml,포함: 월별 visitors에 합산,"touDivNm=외지인(b); sido=areaCode, sigungu=signguCode",Together_with_my_dog_cityselection/fetch_tourapi.py:258 summarize_month()
30,2026-05,20260512,184268.0,runs/api_candidates_sido_202509_202608/raw/20260501_20260531_p0001.xml,포함: 월별 visitors에 합산,"touDivNm=외지인(b); sido=areaCode, sigungu=signguCode",Together_with_my_dog_cityselection/fetch_tourapi.py:258 summarize_month()
30,2026-05,20260513,189409.5,runs/api_candidates_sido_202509_202608/raw/20260501_20260531_p0001.xml,포함: 월별 visitors에 합산,"touDivNm=외지인(b); sido=areaCode, sigungu=signguCode",Together_with_my_dog_cityselection/fetch_tourapi.py:258 summarize_month()
30,2026-05,20260514,195954.5,runs/api_candidates_sido_202509_202608/raw/20260501_20260531_p0001.xml,포함: 월별 visitors에 합산,"touDivNm=외지인(b); sido=areaCode, sigungu=signguCode",Together_with_my_dog_cityselection/fetch_tourapi.py:258 summarize_month()
30,2026-05,20260515,231784.0,runs/api_candidates_sido_202509_202608/raw/20260501_20260531_p0001.xml,포함: 월별 visitors에 합산,"touDivNm=외지인(b); sido=areaCode, sigungu=signguCode",Together_with_my_dog_cityselection/fetch_tourapi.py:258 summarize_month()
30,2026-05,20260516,343381.5,runs/api_candidates_sido_202509_202608/raw/20260501_20260531_p0001.xml,포함: 월별 visitors에 합산,"touDivNm=외지인(b); sido=areaCode, sigungu=signguCode",Together_with_my_dog_cityselection/fetch_tourapi.py:258 summarize_month()
30,2026-05,20260517,279912.5,runs/api_candidates_sido_202509_202608/raw/20260501_20260531_p0001.xml,포함: 월별 visitors에 합산,"touDivNm=외지인(b); sido=areaCode, sigungu=signguCode",Together_with_my_dog_cityselection/fetch_tourapi.py:258 summarize_month()
30,2026-05,20260518,197211.0,runs/api_candidates_sido_202509_202608/raw/20260501_20260531_p0001.xml,포함: 월별 visitors에 합산,"touDivNm=외지인(b); sido=areaCode, sigungu=signguCode",Together_with_my_dog_cityselection/fetch_tourapi.py:258 summarize_month()
30,2026-05,20260519,204592.5,runs/api_candidates_sido_202509_202608/raw/20260501_20260531_p0001.xml,포함: 월별 visitors에 합산,"touDivNm=외지인(b); sido=areaCode, sigungu=signguCode",Together_with_my_dog_cityselection/fetch_tourapi.py:258 summarize_month()
30,2026-05,20260520,196843.5,runs/api_candidates_sido_202509_202608/raw/20260501_20260531_p0001.xml,포함: 월별 visitors에 합산,"touDivNm=외지인(b); sido=areaCode, sigungu=signguCode",Together_with_my_dog_cityselection/fetch_tourapi.py:258 summarize_month()
30,2026-05,20260521,208796.0,runs/api_candidates_sido_202509_202608/raw/20260501_20260531_p0001.xml,포함: 월별 visitors에 합산,"touDivNm=외지인(b); sido=areaCode, sigungu=signguCode",Together_with_my_dog_cityselection/fetch_tourapi.py:258 summarize_month()
30,2026-05,20260522,253711.5,runs/api_candidates_sido_202509_202608/raw/20260501_20260531_p0001.xml,포함: 월별 visitors에 합산,"touDivNm=외지인(b); sido=areaCode, sigungu=signguCode",Together_with_my_dog_cityselection/fetch_tourapi.py:258 summarize_month()
30,2026-05,20260523,365543.5,runs/api_candidates_sido_202509_202608/raw/20260501_20260531_p0001.xml,포함: 월별 visitors에 합산,"touDivNm=외지인(b); sido=areaCode, sigungu=signguCode",Together_with_my_dog_cityselection/fetch_tourapi.py:258 summarize_month()
30,2026-05,20260524,346304.0,runs/api_candidates_sido_202509_202608/raw/20260501_20260531_p0001.xml,포함: 월별 visitors에 합산,"touDivNm=외지인(b); sido=areaCode, sigungu=signguCode",Together_with_my_dog_cityselection/fetch_tourapi.py:258 summarize_month()
30,2026-05,20260525,279391.0,runs/api_candidates_sido_202509_202608/raw/20260501_20260531_p0001.xml,포함: 월별 visitors에 합산,"touDivNm=외지인(b); sido=areaCode, sigungu=signguCode",Together_with_my_dog_cityselection/fetch_tourapi.py:258 summarize_month()
30,2026-05,20260526,200532.5,runs/api_candidates_sido_202509_202608/raw/20260501_20260531_p0001.xml,포함: 월별 visitors에 합산,"touDivNm=외지인(b); sido=areaCode, sigungu=signguCode",Together_with_my_dog_cityselection/fetch_tourapi.py:258 summarize_month()
30,2026-05,20260527,202846.0,runs/api_candidates_sido_202509_202608/raw/20260501_20260531_p0001.xml,포함: 월별 visitors에 합산,"touDivNm=외지인(b); sido=areaCode, sigungu=signguCode",Together_with_my_dog_cityselection/fetch_tourapi.py:258 summarize_month()
30,2026-05,20260528,210899.5,runs/api_candidates_sido_202509_202608/raw/20260501_20260531_p0001.xml,포함: 월별 visitors에 합산,"touDivNm=외지인(b); sido=areaCode, sigungu=signguCode",Together_with_my_dog_cityselection/fetch_tourapi.py:258 summarize_month()
30,2026-05,20260529,248314.5,runs/api_candidates_sido_202509_202608/raw/20260501_20260531_p0001.xml,포함: 월별 visitors에 합산,"touDivNm=외지인(b); sido=areaCode, sigungu=signguCode",Together_with_my_dog_cityselection/fetch_tourapi.py:258 summarize_month()
30,2026-05,20260530,348362.0,runs/api_candidates_sido_202509_202608/raw/20260501_20260531_p0001.xml,포함: 월별 visitors에 합산,"touDivNm=외지인(b); sido=areaCode, sigungu=signguCode",Together_with_my_dog_cityselection/fetch_tourapi.py:258 summarize_month()
30,2026-05,20260531,291546.5,runs/api_candidates_sido_202509_202608/raw/20260501_20260531_p0001.xml,포함: 월별 visitors에 합산,"touDivNm=외지인(b); sido=areaCode, sigungu=signguCode",Together_with_my_dog_cityselection/fetch_tourapi.py:258 summarize_month()
30,2026-06,20260601,162736.0,runs/api_candidates_sido_202509_202608/raw/20260601_20260630_p0001.xml,포함: 월별 visitors에 합산,"touDivNm=외지인(b); sido=areaCode, sigungu=signguCode",Together_with_my_dog_cityselection/fetch_tourapi.py:258 summarize_month()
30,2026-06,20260602,182322.0,runs/api_candidates_sido_202509_202608/raw/20260601_20260630_p0001.xml,포함: 월별 visitors에 합산,"touDivNm=외지인(b); sido=areaCode, sigungu=signguCode",Together_with_my_dog_cityselection/fetch_tourapi.py:258 summarize_month()
30,2026-06,20260603,201152.0,runs/api_candidates_sido_202509_202608/raw/20260601_20260630_p0001.xml,포함: 월별 visitors에 합산,"touDivNm=외지인(b); sido=areaCode, sigungu=signguCode",Together_with_my_dog_cityselection/fetch_tourapi.py:258 summarize_month()
30,2026-06,20260604,171811.5,runs/api_candidates_sido_202509_202608/raw/20260601_20260630_p0001.xml,포함: 월별 visitors에 합산,"touDivNm=외지인(b); sido=areaCode, sigungu=signguCode",Together_with_my_dog_cityselection/fetch_tourapi.py:258 summarize_month()
30,2026-06,20260605,206678.5,runs/api_candidates_sido_202509_202608/raw/20260601_20260630_p0001.xml,포함: 월별 visitors에 합산,"touDivNm=외지인(b); sido=areaCode, sigungu=signguCode",Together_with_my_dog_cityselection/fetch_tourapi.py:258 summarize_month()
30,2026-06,20260606,299484.5,runs/api_candidates_sido_202509_202608/raw/20260601_20260630_p0001.xml,포함: 월별 visitors에 합산,"touDivNm=외지인(b); sido=areaCode, sigungu=signguCode",Together_with_my_dog_cityselection/fetch_tourapi.py:258 summarize_month()
30,2026-06,20260607,237664.0,runs/api_candidates_sido_202509_202608/raw/20260601_20260630_p0001.xml,포함: 월별 visitors에 합산,"touDivNm=외지인(b); sido=areaCode, sigungu=signguCode",Together_with_my_dog_cityselection/fetch_tourapi.py:258 summarize_month()
30,2026-06,20260608,184030.0,runs/api_candidates_sido_202509_202608/raw/20260601_20260630_p0001.xml,포함: 월별 visitors에 합산,"touDivNm=외지인(b); sido=areaCode, sigungu=signguCode",Together_with_my_dog_cityselection/fetch_tourapi.py:258 summarize_month()
30,2026-06,20260609,198422.0,runs/api_candidates_sido_202509_202608/raw/20260601_20260630_p0001.xml,포함: 월별 visitors에 합산,"touDivNm=외지인(b); sido=areaCode, sigungu=signguCode",Together_with_my_dog_cityselection/fetch_tourapi.py:258 summarize_month()
30,2026-06,20260610,200049.5,runs/api_candidates_sido_202509_202608/raw/20260601_20260630_p0001.xml,포함: 월별 visitors에 합산,"touDivNm=외지인(b); sido=areaCode, sigungu=signguCode",Together_with_my_dog_cityselection/fetch_tourapi.py:258 summarize_month()
30,2026-06,20260611,205677.5,runs/api_candidates_sido_202509_202608/raw/20260601_20260630_p0001.xml,포함: 월별 visitors에 합산,"touDivNm=외지인(b); sido=areaCode, sigungu=signguCode",Together_with_my_dog_cityselection/fetch_tourapi.py:258 summarize_month()
30,2026-06,20260612,221189.5,runs/api_candidates_sido_202509_202608/raw/20260601_20260630_p0001.xml,포함: 월별 visitors에 합산,"touDivNm=외지인(b); sido=areaCode, sigungu=signguCode",Together_with_my_dog_cityselection/fetch_tourapi.py:258 summarize_month()
30,2026-06,20260613,317765.0,runs/api_candidates_sido_202509_202608/raw/20260601_20260630_p0001.xml,포함: 월별 visitors에 합산,"touDivNm=외지인(b); sido=areaCode, sigungu=signguCode",Together_with_my_dog_cityselection/fetch_tourapi.py:258 summarize_month()
30,2026-06,20260614,254103.5,runs/api_candidates_sido_202509_202608/raw/20260601_20260630_p0001.xml,포함: 월별 visitors에 합산,"touDivNm=외지인(b); sido=areaCode, sigungu=signguCode",Together_with_my_dog_cityselection/fetch_tourapi.py:258 summarize_month()
30,2026-06,20260615,195611.5,runs/api_candidates_sido_202509_202608/raw/20260601_20260630_p0001.xml,포함: 월별 visitors에 합산,"touDivNm=외지인(b); sido=areaCode, sigungu=signguCode",Together_with_my_dog_cityselection/fetch_tourapi.py:258 summarize_month()
30,2026-06,20260616,203465.5,runs/api_candidates_sido_202509_202608/raw/20260601_20260630_p0001.xml,포함: 월별 visitors에 합산,"touDivNm=외지인(b); sido=areaCode, sigungu=signguCode",Together_with_my_dog_cityselection/fetch_tourapi.py:258 summarize_month()
30,2026-06,20260617,204137.5,runs/api_candidates_sido_202509_202608/raw/20260601_20260630_p0001.xml,포함: 월별 visitors에 합산,"touDivNm=외지인(b); sido=areaCode, sigungu=signguCode",Together_with_my_dog_cityselection/fetch_tourapi.py:258 summarize_month()
30,2026-06,20260618,211260.0,runs/api_candidates_sido_202509_202608/raw/20260601_20260630_p0001.xml,포함: 월별 visitors에 합산,"touDivNm=외지인(b); sido=areaCode, sigungu=signguCode",Together_with_my_dog_cityselection/fetch_tourapi.py:258 summarize_month()
30,2026-06,20260619,242221.0,runs/api_candidates_sido_202509_202608/raw/20260601_20260630_p0001.xml,포함: 월별 visitors에 합산,"touDivNm=외지인(b); sido=areaCode, sigungu=signguCode",Together_with_my_dog_cityselection/fetch_tourapi.py:258 summarize_month()
30,2026-06,20260620,331576.0,runs/api_candidates_sido_202509_202608/raw/20260601_20260630_p0001.xml,포함: 월별 visitors에 합산,"touDivNm=외지인(b); sido=areaCode, sigungu=signguCode",Together_with_my_dog_cityselection/fetch_tourapi.py:258 summarize_month()
30,2026-06,20260621,285425.0,runs/api_candidates_sido_202509_202608/raw/20260601_20260630_p0001.xml,포함: 월별 visitors에 합산,"touDivNm=외지인(b); sido=areaCode, sigungu=signguCode",Together_with_my_dog_cityselection/fetch_tourapi.py:258 summarize_month()
30,2026-06,20260622,216412.0,runs/api_candidates_sido_202509_202608/raw/20260601_20260630_p0001.xml,포함: 월별 visitors에 합산,"touDivNm=외지인(b); sido=areaCode, sigungu=signguCode",Together_with_my_dog_cityselection/fetch_tourapi.py:258 summarize_month()
30,2026-06,20260623,224441.0,runs/api_candidates_sido_202509_202608/raw/20260601_20260630_p0001.xml,포함: 월별 visitors에 합산,"touDivNm=외지인(b); sido=areaCode, sigungu=signguCode",Together_with_my_dog_cityselection/fetch_tourapi.py:258 summarize_month()
30,2026-06,20260624,227209.5,runs/api_candidates_sido_202509_202608/raw/20260601_20260630_p0001.xml,포함: 월별 visitors에 합산,"touDivNm=외지인(b); sido=areaCode, sigungu=signguCode",Together_with_my_dog_cityselection/fetch_tourapi.py:258 summarize_month()
30,2026-06,20260625,228991.0,runs/api_candidates_sido_202509_202608/raw/20260601_20260630_p0001.xml,포함: 월별 visitors에 합산,"touDivNm=외지인(b); sido=areaCode, sigungu=signguCode",Together_with_my_dog_cityselection/fetch_tourapi.py:258 summarize_month()
30,2026-06,20260626,253918.0,runs/api_candidates_sido_202509_202608/raw/20260601_20260630_p0001.xml,포함: 월별 visitors에 합산,"touDivNm=외지인(b); sido=areaCode, sigungu=signguCode",Together_with_my_dog_cityselection/fetch_tourapi.py:258 summarize_month()
30,2026-06,20260627,339601.5,runs/api_candidates_sido_202509_202608/raw/20260601_20260630_p0001.xml,포함: 월별 visitors에 합산,"touDivNm=외지인(b); sido=areaCode, sigungu=signguCode",Together_with_my_dog_cityselection/fetch_tourapi.py:258 summarize_month()
30,2026-06,20260628,278180.0,runs/api_candidates_sido_202509_202608/raw/20260601_20260630_p0001.xml,포함: 월별 visitors에 합산,"touDivNm=외지인(b); sido=areaCode, sigungu=signguCode",Together_with_my_dog_cityselection/fetch_tourapi.py:258 summarize_month()
30,2026-06,20260629,225624.0,runs/api_candidates_sido_202509_202608/raw/20260601_20260630_p0001.xml,포함: 월별 visitors에 합산,"touDivNm=외지인(b); sido=areaCode, sigungu=signguCode",Together_with_my_dog_cityselection/fetch_tourapi.py:258 summarize_month()
30,2026-06,20260630,230646.5,runs/api_candidates_sido_202509_202608/raw/20260601_20260630_p0001.xml,포함: 월별 visitors에 합산,"touDivNm=외지인(b); sido=areaCode, sigungu=signguCode",Together_with_my_dog_cityselection/fetch_tourapi.py:258 summarize_month()
30,2026-07,20260701,177618.0,runs/api_candidates_sido_202509_202608/raw/20260701_20260731_p0001.xml,포함: 월별 visitors에 합산,"touDivNm=외지인(b); sido=areaCode, sigungu=signguCode",Together_with_my_dog_cityselection/fetch_tourapi.py:258 summarize_month()
30,2026-07,20260702,184219.0,runs/api_candidates_sido_202509_202608/raw/20260701_20260731_p0001.xml,포함: 월별 visitors에 합산,"touDivNm=외지인(b); sido=areaCode, sigungu=signguCode",Together_with_my_dog_cityselection/fetch_tourapi.py:258 summarize_month()
30,2026-07,20260703,215631.5,runs/api_candidates_sido_202509_202608/raw/20260701_20260731_p0001.xml,포함: 월별 visitors에 합산,"touDivNm=외지인(b); sido=areaCode, sigungu=signguCode",Together_with_my_dog_cityselection/fetch_tourapi.py:258 summarize_month()
30,2026-07,20260704,323442.0,runs/api_candidates_sido_202509_202608/raw/20260701_20260731_p0001.xml,포함: 월별 visitors에 합산,"touDivNm=외지인(b); sido=areaCode, sigungu=signguCode",Together_with_my_dog_cityselection/fetch_tourapi.py:258 summarize_month()
30,2026-07,20260705,256882.5,runs/api_candidates_sido_202509_202608/raw/20260701_20260731_p0001.xml,포함: 월별 visitors에 합산,"touDivNm=외지인(b); sido=areaCode, sigungu=signguCode",Together_with_my_dog_cityselection/fetch_tourapi.py:258 summarize_month()
30,2026-07,20260706,184327.5,runs/api_candidates_sido_202509_202608/raw/20260701_20260731_p0001.xml,포함: 월별 visitors에 합산,"touDivNm=외지인(b); sido=areaCode, sigungu=signguCode",Together_with_my_dog_cityselection/fetch_tourapi.py:258 summarize_month()
30,2026-07,20260707,189315.0,runs/api_candidates_sido_202509_202608/raw/20260701_20260731_p0001.xml,포함: 월별 visitors에 합산,"touDivNm=외지인(b); sido=areaCode, sigungu=signguCode",Together_with_my_dog_cityselection/fetch_tourapi.py:258 summarize_month()
30,2026-07,20260708,184810.5,runs/api_candidates_sido_202509_202608/raw/20260701_20260731_p0001.xml,포함: 월별 visitors에 합산,"touDivNm=외지인(b); sido=areaCode, sigungu=signguCode",Together_with_my_dog_cityselection/fetch_tourapi.py:258 summarize_month()
30,2026-07,20260709,188366.5,runs/api_candidates_sido_202509_202608/raw/20260701_20260731_p0001.xml,포함: 월별 visitors에 합산,"touDivNm=외지인(b); sido=areaCode, sigungu=signguCode",Together_with_my_dog_cityselection/fetch_tourapi.py:258 summarize_month()
30,2026-07,20260710,226751.0,runs/api_candidates_sido_202509_202608/raw/20260701_20260731_p0001.xml,포함: 월별 visitors에 합산,"touDivNm=외지인(b); sido=areaCode, sigungu=signguCode",Together_with_my_dog_cityselection/fetch_tourapi.py:258 summarize_month()
30,2026-07,20260711,325997.0,runs/api_candidates_sido_202509_202608/raw/20260701_20260731_p0001.xml,포함: 월별 visitors에 합산,"touDivNm=외지인(b); sido=areaCode, sigungu=signguCode",Together_with_my_dog_cityselection/fetch_tourapi.py:258 summarize_month()
30,2026-07,20260712,263319.0,runs/api_candidates_sido_202509_202608/raw/20260701_20260731_p0001.xml,포함: 월별 visitors에 합산,"touDivNm=외지인(b); sido=areaCode, sigungu=signguCode",Together_with_my_dog_cityselection/fetch_tourapi.py:258 summarize_month()
30,2026-07,20260713,197837.5,runs/api_candidates_sido_202509_202608/raw/20260701_20260731_p0001.xml,포함: 월별 visitors에 합산,"touDivNm=외지인(b); sido=areaCode, sigungu=signguCode",Together_with_my_dog_cityselection/fetch_tourapi.py:258 summarize_month()
30,2026-07,20260714,195643.0,runs/api_candidates_sido_202509_202608/raw/20260701_20260731_p0001.xml,포함: 월별 visitors에 합산,"touDivNm=외지인(b); sido=areaCode, sigungu=signguCode",Together_with_my_dog_cityselection/fetch_tourapi.py:258 summarize_month()
30,2026-07,20260715,202125.0,runs/api_candidates_sido_202509_202608/raw/20260701_20260731_p0001.xml,포함: 월별 visitors에 합산,"touDivNm=외지인(b); sido=areaCode, sigungu=signguCode",Together_with_my_dog_cityselection/fetch_tourapi.py:258 summarize_month()
30,2026-07,20260716,239025.5,runs/api_candidates_sido_202509_202608/raw/20260701_20260731_p0001.xml,포함: 월별 visitors에 합산,"touDivNm=외지인(b); sido=areaCode, sigungu=signguCode",Together_with_my_dog_cityselection/fetch_tourapi.py:258 summarize_month()
30,2026-07,20260717,311038.0,runs/api_candidates_sido_202509_202608/raw/20260701_20260731_p0001.xml,포함: 월별 visitors에 합산,"touDivNm=외지인(b); sido=areaCode, sigungu=signguCode",Together_with_my_dog_cityselection/fetch_tourapi.py:258 summarize_month()
30,2026-07,20260718,325006.5,runs/api_candidates_sido_202509_202608/raw/20260701_20260731_p0001.xml,포함: 월별 visitors에 합산,"touDivNm=외지인(b); sido=areaCode, sigungu=signguCode",Together_with_my_dog_cityselection/fetch_tourapi.py:258 summarize_month()
30,2026-07,20260719,271694.5,runs/api_candidates_sido_202509_202608/raw/20260701_20260731_p0001.xml,포함: 월별 visitors에 합산,"touDivNm=외지인(b); sido=areaCode, sigungu=signguCode",Together_with_my_dog_cityselection/fetch_tourapi.py:258 summarize_month()
30,2026-07,20260720,207018.0,runs/api_candidates_sido_202509_202608/raw/20260701_20260731_p0001.xml,포함: 월별 visitors에 합산,"touDivNm=외지인(b); sido=areaCode, sigungu=signguCode",Together_with_my_dog_cityselection/fetch_tourapi.py:258 summarize_month()
30,2026-07,20260721,211967.0,runs/api_candidates_sido_202509_202608/raw/20260701_20260731_p0001.xml,포함: 월별 visitors에 합산,"touDivNm=외지인(b); sido=areaCode, sigungu=signguCode",Together_with_my_dog_cityselection/fetch_tourapi.py:258 summarize_month()
30,2026-07,20260722,216559.0,runs/api_candidates_sido_202509_202608/raw/20260701_20260731_p0001.xml,포함: 월별 visitors에 합산,"touDivNm=외지인(b); sido=areaCode, sigungu=signguCode",Together_with_my_dog_cityselection/fetch_tourapi.py:258 summarize_month()
30,2026-07,20260723,228063.5,runs/api_candidates_sido_202509_202608/raw/20260701_20260731_p0001.xml,포함: 월별 visitors에 합산,"touDivNm=외지인(b); sido=areaCode, sigungu=signguCode",Together_with_my_dog_cityselection/fetch_tourapi.py:258 summarize_month()
30,2026-07,20260724,262167.5,runs/api_candidates_sido_202509_202608/raw/20260701_20260731_p0001.xml,포함: 월별 visitors에 합산,"touDivNm=외지인(b); sido=areaCode, sigungu=signguCode",Together_with_my_dog_cityselection/fetch_tourapi.py:258 summarize_month()
30,2026-07,20260725,334211.5,runs/api_candidates_sido_202509_202608/raw/20260701_20260731_p0001.xml,포함: 월별 visitors에 합산,"touDivNm=외지인(b); sido=areaCode, sigungu=signguCode",Together_with_my_dog_cityselection/fetch_tourapi.py:258 summarize_month()
30,2026-07,20260726,291350.5,runs/api_candidates_sido_202509_202608/raw/20260701_20260731_p0001.xml,포함: 월별 visitors에 합산,"touDivNm=외지인(b); sido=areaCode, sigungu=signguCode",Together_with_my_dog_cityselection/fetch_tourapi.py:258 summarize_month()
30,2026-07,20260727,241510.5,runs/api_candidates_sido_202509_202608/raw/20260701_20260731_p0001.xml,포함: 월별 visitors에 합산,"touDivNm=외지인(b); sido=areaCode, sigungu=signguCode",Together_with_my_dog_cityselection/fetch_tourapi.py:258 summarize_month()
30,2026-07,20260728,251342.0,runs/api_candidates_sido_202509_202608/raw/20260701_20260731_p0001.xml,포함: 월별 visitors에 합산,"touDivNm=외지인(b); sido=areaCode, sigungu=signguCode",Together_with_my_dog_cityselection/fetch_tourapi.py:258 summarize_month()
30,2026-07,20260729,259777.0,runs/api_candidates_sido_202509_202608/raw/20260701_20260731_p0001.xml,포함: 월별 visitors에 합산,"touDivNm=외지인(b); sido=areaCode, sigungu=signguCode",Together_with_my_dog_cityselection/fetch_tourapi.py:258 summarize_month()
30,2026-07,20260730,265520.5,runs/api_candidates_sido_202509_202608/raw/20260701_20260731_p0001.xml,포함: 월별 visitors에 합산,"touDivNm=외지인(b); sido=areaCode, sigungu=signguCode",Together_with_my_dog_cityselection/fetch_tourapi.py:258 summarize_month()
30,2026-07,20260731,289726.5,runs/api_candidates_sido_202509_202608/raw/20260701_20260731_p0001.xml,포함: 월별 visitors에 합산,"touDivNm=외지인(b); sido=areaCode, sigungu=signguCode",Together_with_my_dog_cityselection/fetch_tourapi.py:258 summarize_month()
30,2026-08,20260801,304738.0,runs/api_candidates_sido_202509_202608/raw/20260801_20260831_p0001.xml,제외: 2026-08은 15일만 수집됨,"touDivNm=외지인(b); sido=areaCode, sigungu=signguCode",Together_with_my_dog_cityselection/fetch_tourapi.py:258 summarize_month()
30,2026-08,20260802,256046.0,runs/api_candidates_sido_202509_202608/raw/20260801_20260831_p0001.xml,제외: 2026-08은 15일만 수집됨,"touDivNm=외지인(b); sido=areaCode, sigungu=signguCode",Together_with_my_dog_cityselection/fetch_tourapi.py:258 summarize_month()
30,2026-08,20260803,211830.5,runs/api_candidates_sido_202509_202608/raw/20260801_20260831_p0001.xml,제외: 2026-08은 15일만 수집됨,"touDivNm=외지인(b); sido=areaCode, sigungu=signguCode",Together_with_my_dog_cityselection/fetch_tourapi.py:258 summarize_month()
30,2026-08,20260804,211137.5,runs/api_candidates_sido_202509_202608/raw/20260801_20260831_p0001.xml,제외: 2026-08은 15일만 수집됨,"touDivNm=외지인(b); sido=areaCode, sigungu=signguCode",Together_with_my_dog_cityselection/fetch_tourapi.py:258 summarize_month()
30,2026-08,20260805,209524.0,runs/api_candidates_sido_202509_202608/raw/20260801_20260831_p0001.xml,제외: 2026-08은 15일만 수집됨,"touDivNm=외지인(b); sido=areaCode, sigungu=signguCode",Together_with_my_dog_cityselection/fetch_tourapi.py:258 summarize_month()
30,2026-08,20260806,208628.0,runs/api_candidates_sido_202509_202608/raw/20260801_20260831_p0001.xml,제외: 2026-08은 15일만 수집됨,"touDivNm=외지인(b); sido=areaCode, sigungu=signguCode",Together_with_my_dog_cityselection/fetch_tourapi.py:258 summarize_month()
30,2026-08,20260807,235914.0,runs/api_candidates_sido_202509_202608/raw/20260801_20260831_p0001.xml,제외: 2026-08은 15일만 수집됨,"touDivNm=외지인(b); sido=areaCode, sigungu=signguCode",Together_with_my_dog_cityselection/fetch_tourapi.py:258 summarize_month()
30,2026-08,20260808,301819.0,runs/api_candidates_sido_202509_202608/raw/20260801_20260831_p0001.xml,제외: 2026-08은 15일만 수집됨,"touDivNm=외지인(b); sido=areaCode, sigungu=signguCode",Together_with_my_dog_cityselection/fetch_tourapi.py:258 summarize_month()
30,2026-08,20260809,254121.0,runs/api_candidates_sido_202509_202608/raw/20260801_20260831_p0001.xml,제외: 2026-08은 15일만 수집됨,"touDivNm=외지인(b); sido=areaCode, sigungu=signguCode",Together_with_my_dog_cityselection/fetch_tourapi.py:258 summarize_month()
30,2026-08,20260810,206377.5,runs/api_candidates_sido_202509_202608/raw/20260801_20260831_p0001.xml,제외: 2026-08은 15일만 수집됨,"touDivNm=외지인(b); sido=areaCode, sigungu=signguCode",Together_with_my_dog_cityselection/fetch_tourapi.py:258 summarize_month()
30,2026-08,20260811,213006.5,runs/api_candidates_sido_202509_202608/raw/20260801_20260831_p0001.xml,제외: 2026-08은 15일만 수집됨,"touDivNm=외지인(b); sido=areaCode, sigungu=signguCode",Together_with_my_dog_cityselection/fetch_tourapi.py:258 summarize_month()
30,2026-08,20260812,215411.0,runs/api_candidates_sido_202509_202608/raw/20260801_20260831_p0001.xml,제외: 2026-08은 15일만 수집됨,"touDivNm=외지인(b); sido=areaCode, sigungu=signguCode",Together_with_my_dog_cityselection/fetch_tourapi.py:258 summarize_month()
30,2026-08,20260813,224833.0,runs/api_candidates_sido_202509_202608/raw/20260801_20260831_p0001.xml,제외: 2026-08은 15일만 수집됨,"touDivNm=외지인(b); sido=areaCode, sigungu=signguCode",Together_with_my_dog_cityselection/fetch_tourapi.py:258 summarize_month()
30,2026-08,20260814,255979.5,runs/api_candidates_sido_202509_202608/raw/20260801_20260831_p0001.xml,제외: 2026-08은 15일만 수집됨,"touDivNm=외지인(b); sido=areaCode, sigungu=signguCode",Together_with_my_dog_cityselection/fetch_tourapi.py:258 summarize_month()
30,2026-08,20260815,332983.0,runs/api_candidates_sido_202509_202608/raw/20260801_20260831_p0001.xml,제외: 2026-08은 15일만 수집됨,"touDivNm=외지인(b); sido=areaCode, sigungu=signguCode",Together_with_my_dog_cityselection/fetch_tourapi.py:258 summarize_month()
51150,2025-09,20250901,69744.5,runs/api_candidates_sigungu_202509_202608/raw/20250901_20250930_p0001.xml,포함: 월별 visitors에 합산,"touDivNm=외지인(b); sido=areaCode, sigungu=signguCode",Together_with_my_dog_cityselection/fetch_tourapi.py:258 summarize_month()
51150,2025-09,20250902,62492.5,runs/api_candidates_sigungu_202509_202608/raw/20250901_20250930_p0002.xml,포함: 월별 visitors에 합산,"touDivNm=외지인(b); sido=areaCode, sigungu=signguCode",Together_with_my_dog_cityselection/fetch_tourapi.py:258 summarize_month()
51150,2025-09,20250903,61019.0,runs/api_candidates_sigungu_202509_202608/raw/20250901_20250930_p0003.xml,포함: 월별 visitors에 합산,"touDivNm=외지인(b); sido=areaCode, sigungu=signguCode",Together_with_my_dog_cityselection/fetch_tourapi.py:258 summarize_month()
51150,2025-09,20250904,65866.5,runs/api_candidates_sigungu_202509_202608/raw/20250901_20250930_p0004.xml,포함: 월별 visitors에 합산,"touDivNm=외지인(b); sido=areaCode, sigungu=signguCode",Together_with_my_dog_cityselection/fetch_tourapi.py:258 summarize_month()
51150,2025-09,20250905,82012.0,runs/api_candidates_sigungu_202509_202608/raw/20250901_20250930_p0004.xml,포함: 월별 visitors에 합산,"touDivNm=외지인(b); sido=areaCode, sigungu=signguCode",Together_with_my_dog_cityselection/fetch_tourapi.py:258 summarize_month()
51150,2025-09,20250906,116319.0,runs/api_candidates_sigungu_202509_202608/raw/20250901_20250930_p0005.xml,포함: 월별 visitors에 합산,"touDivNm=외지인(b); sido=areaCode, sigungu=signguCode",Together_with_my_dog_cityselection/fetch_tourapi.py:258 summarize_month()
51150,2025-09,20250907,102872.0,runs/api_candidates_sigungu_202509_202608/raw/20250901_20250930_p0006.xml,포함: 월별 visitors에 합산,"touDivNm=외지인(b); sido=areaCode, sigungu=signguCode",Together_with_my_dog_cityselection/fetch_tourapi.py:258 summarize_month()
51150,2025-09,20250908,66076.5,runs/api_candidates_sigungu_202509_202608/raw/20250901_20250930_p0007.xml,포함: 월별 visitors에 합산,"touDivNm=외지인(b); sido=areaCode, sigungu=signguCode",Together_with_my_dog_cityselection/fetch_tourapi.py:258 summarize_month()
51150,2025-09,20250909,62237.0,runs/api_candidates_sigungu_202509_202608/raw/20250901_20250930_p0008.xml,포함: 월별 visitors에 합산,"touDivNm=외지인(b); sido=areaCode, sigungu=signguCode",Together_with_my_dog_cityselection/fetch_tourapi.py:258 summarize_month()
51150,2025-09,20250910,60945.5,runs/api_candidates_sigungu_202509_202608/raw/20250901_20250930_p0008.xml,포함: 월별 visitors에 합산,"touDivNm=외지인(b); sido=areaCode, sigungu=signguCode",Together_with_my_dog_cityselection/fetch_tourapi.py:258 summarize_month()
51150,2025-09,20250911,62909.0,runs/api_candidates_sigungu_202509_202608/raw/20250901_20250930_p0009.xml,포함: 월별 visitors에 합산,"touDivNm=외지인(b); sido=areaCode, sigungu=signguCode",Together_with_my_dog_cityselection/fetch_tourapi.py:258 summarize_month()
51150,2025-09,20250912,72303.0,runs/api_candidates_sigungu_202509_202608/raw/20250901_20250930_p0010.xml,포함: 월별 visitors에 합산,"touDivNm=외지인(b); sido=areaCode, sigungu=signguCode",Together_with_my_dog_cityselection/fetch_tourapi.py:258 summarize_month()
51150,2025-09,20250913,94888.5,runs/api_candidates_sigungu_202509_202608/raw/20250901_20250930_p0011.xml,포함: 월별 visitors에 합산,"touDivNm=외지인(b); sido=areaCode, sigungu=signguCode",Together_with_my_dog_cityselection/fetch_tourapi.py:258 summarize_month()
51150,2025-09,20250914,90867.0,runs/api_candidates_sigungu_202509_202608/raw/20250901_20250930_p0011.xml,포함: 월별 visitors에 합산,"touDivNm=외지인(b); sido=areaCode, sigungu=signguCode",Together_with_my_dog_cityselection/fetch_tourapi.py:258 summarize_month()
51150,2025-09,20250915,64400.0,runs/api_candidates_sigungu_202509_202608/raw/20250901_20250930_p0012.xml,포함: 월별 visitors에 합산,"touDivNm=외지인(b); sido=areaCode, sigungu=signguCode",Together_with_my_dog_cityselection/fetch_tourapi.py:258 summarize_month()
51150,2025-09,20250916,63721.0,runs/api_candidates_sigungu_202509_202608/raw/20250901_20250930_p0013.xml,포함: 월별 visitors에 합산,"touDivNm=외지인(b); sido=areaCode, sigungu=signguCode",Together_with_my_dog_cityselection/fetch_tourapi.py:258 summarize_month()
51150,2025-09,20250917,55986.0,runs/api_candidates_sigungu_202509_202608/raw/20250901_20250930_p0014.xml,포함: 월별 visitors에 합산,"touDivNm=외지인(b); sido=areaCode, sigungu=signguCode",Together_with_my_dog_cityselection/fetch_tourapi.py:258 summarize_month()
51150,2025-09,20250918,63042.0,runs/api_candidates_sigungu_202509_202608/raw/20250901_20250930_p0015.xml,포함: 월별 visitors에 합산,"touDivNm=외지인(b); sido=areaCode, sigungu=signguCode",Together_with_my_dog_cityselection/fetch_tourapi.py:258 summarize_month()
51150,2025-09,20250919,72915.5,runs/api_candidates_sigungu_202509_202608/raw/20250901_20250930_p0015.xml,포함: 월별 visitors에 합산,"touDivNm=외지인(b); sido=areaCode, sigungu=signguCode",Together_with_my_dog_cityselection/fetch_tourapi.py:258 summarize_month()
51150,2025-09,20250920,91409.5,runs/api_candidates_sigungu_202509_202608/raw/20250901_20250930_p0016.xml,포함: 월별 visitors에 합산,"touDivNm=외지인(b); sido=areaCode, sigungu=signguCode",Together_with_my_dog_cityselection/fetch_tourapi.py:258 summarize_month()
51150,2025-09,20250921,91171.5,runs/api_candidates_sigungu_202509_202608/raw/20250901_20250930_p0017.xml,포함: 월별 visitors에 합산,"touDivNm=외지인(b); sido=areaCode, sigungu=signguCode",Together_with_my_dog_cityselection/fetch_tourapi.py:258 summarize_month()
51150,2025-09,20250922,64648.5,runs/api_candidates_sigungu_202509_202608/raw/20250901_20250930_p0018.xml,포함: 월별 visitors에 합산,"touDivNm=외지인(b); sido=areaCode, sigungu=signguCode",Together_with_my_dog_cityselection/fetch_tourapi.py:258 summarize_month()
51150,2025-09,20250923,64340.5,runs/api_candidates_sigungu_202509_202608/raw/20250901_20250930_p0019.xml,포함: 월별 visitors에 합산,"touDivNm=외지인(b); sido=areaCode, sigungu=signguCode",Together_with_my_dog_cityselection/fetch_tourapi.py:258 summarize_month()
51150,2025-09,20250924,61610.5,runs/api_candidates_sigungu_202509_202608/raw/20250901_20250930_p0019.xml,포함: 월별 visitors에 합산,"touDivNm=외지인(b); sido=areaCode, sigungu=signguCode",Together_with_my_dog_cityselection/fetch_tourapi.py:258 summarize_month()
51150,2025-09,20250925,65247.0,runs/api_candidates_sigungu_202509_202608/raw/20250901_20250930_p0020.xml,포함: 월별 visitors에 합산,"touDivNm=외지인(b); sido=areaCode, sigungu=signguCode",Together_with_my_dog_cityselection/fetch_tourapi.py:258 summarize_month()
51150,2025-09,20250926,78029.0,runs/api_candidates_sigungu_202509_202608/raw/20250901_20250930_p0021.xml,포함: 월별 visitors에 합산,"touDivNm=외지인(b); sido=areaCode, sigungu=signguCode",Together_with_my_dog_cityselection/fetch_tourapi.py:258 summarize_month()
51150,2025-09,20250927,106120.0,runs/api_candidates_sigungu_202509_202608/raw/20250901_20250930_p0022.xml,포함: 월별 visitors에 합산,"touDivNm=외지인(b); sido=areaCode, sigungu=signguCode",Together_with_my_dog_cityselection/fetch_tourapi.py:258 summarize_month()
51150,2025-09,20250928,83919.5,runs/api_candidates_sigungu_202509_202608/raw/20250901_20250930_p0023.xml,포함: 월별 visitors에 합산,"touDivNm=외지인(b); sido=areaCode, sigungu=signguCode",Together_with_my_dog_cityselection/fetch_tourapi.py:258 summarize_month()
51150,2025-09,20250929,64897.0,runs/api_candidates_sigungu_202509_202608/raw/20250901_20250930_p0023.xml,포함: 월별 visitors에 합산,"touDivNm=외지인(b); sido=areaCode, sigungu=signguCode",Together_with_my_dog_cityselection/fetch_tourapi.py:258 summarize_month()
51150,2025-09,20250930,64053.5,runs/api_candidates_sigungu_202509_202608/raw/20250901_20250930_p0024.xml,포함: 월별 visitors에 합산,"touDivNm=외지인(b); sido=areaCode, sigungu=signguCode",Together_with_my_dog_cityselection/fetch_tourapi.py:258 summarize_month()
51150,2025-10,20251001,50939.0,runs/api_candidates_sigungu_202509_202608/raw/20251001_20251031_p0001.xml,포함: 월별 visitors에 합산,"touDivNm=외지인(b); sido=areaCode, sigungu=signguCode",Together_with_my_dog_cityselection/fetch_tourapi.py:258 summarize_month()
51150,2025-10,20251002,65268.0,runs/api_candidates_sigungu_202509_202608/raw/20251001_20251031_p0002.xml,포함: 월별 visitors에 합산,"touDivNm=외지인(b); sido=areaCode, sigungu=signguCode",Together_with_my_dog_cityselection/fetch_tourapi.py:258 summarize_month()
51150,2025-10,20251003,128555.0,runs/api_candidates_sigungu_202509_202608/raw/20251001_20251031_p0003.xml,포함: 월별 visitors에 합산,"touDivNm=외지인(b); sido=areaCode, sigungu=signguCode",Together_with_my_dog_cityselection/fetch_tourapi.py:258 summarize_month()
51150,2025-10,20251004,181867.0,runs/api_candidates_sigungu_202509_202608/raw/20251001_20251031_p0004.xml,포함: 월별 visitors에 합산,"touDivNm=외지인(b); sido=areaCode, sigungu=signguCode",Together_with_my_dog_cityselection/fetch_tourapi.py:258 summarize_month()
51150,2025-10,20251005,223188.0,runs/api_candidates_sigungu_202509_202608/raw/20251001_20251031_p0004.xml,포함: 월별 visitors에 합산,"touDivNm=외지인(b); sido=areaCode, sigungu=signguCode",Together_with_my_dog_cityselection/fetch_tourapi.py:258 summarize_month()
51150,2025-10,20251006,238451.5,runs/api_candidates_sigungu_202509_202608/raw/20251001_20251031_p0005.xml,포함: 월별 visitors에 합산,"touDivNm=외지인(b); sido=areaCode, sigungu=signguCode",Together_with_my_dog_cityselection/fetch_tourapi.py:258 summarize_month()
51150,2025-10,20251007,238210.0,runs/api_candidates_sigungu_202509_202608/raw/20251001_20251031_p0006.xml,포함: 월별 visitors에 합산,"touDivNm=외지인(b); sido=areaCode, sigungu=signguCode",Together_with_my_dog_cityselection/fetch_tourapi.py:258 summarize_month()
51150,2025-10,20251008,208631.5,runs/api_candidates_sigungu_202509_202608/raw/20251001_20251031_p0007.xml,포함: 월별 visitors에 합산,"touDivNm=외지인(b); sido=areaCode, sigungu=signguCode",Together_with_my_dog_cityselection/fetch_tourapi.py:258 summarize_month()
51150,2025-10,20251009,147686.0,runs/api_candidates_sigungu_202509_202608/raw/20251001_20251031_p0008.xml,포함: 월별 visitors에 합산,"touDivNm=외지인(b); sido=areaCode, sigungu=signguCode",Together_with_my_dog_cityselection/fetch_tourapi.py:258 summarize_month()
51150,2025-10,20251010,104107.5,runs/api_candidates_sigungu_202509_202608/raw/20251001_20251031_p0008.xml,포함: 월별 visitors에 합산,"touDivNm=외지인(b); sido=areaCode, sigungu=signguCode",Together_with_my_dog_cityselection/fetch_tourapi.py:258 summarize_month()
51150,2025-10,20251011,95749.5,runs/api_candidates_sigungu_202509_202608/raw/20251001_20251031_p0009.xml,포함: 월별 visitors에 합산,"touDivNm=외지인(b); sido=areaCode, sigungu=signguCode",Together_with_my_dog_cityselection/fetch_tourapi.py:258 summarize_month()
51150,2025-10,20251012,67448.5,runs/api_candidates_sigungu_202509_202608/raw/20251001_20251031_p0010.xml,포함: 월별 visitors에 합산,"touDivNm=외지인(b); sido=areaCode, sigungu=signguCode",Together_with_my_dog_cityselection/fetch_tourapi.py:258 summarize_month()
51150,2025-10,20251013,48653.5,runs/api_candidates_sigungu_202509_202608/raw/20251001_20251031_p0011.xml,포함: 월별 visitors에 합산,"touDivNm=외지인(b); sido=areaCode, sigungu=signguCode",Together_with_my_dog_cityselection/fetch_tourapi.py:258 summarize_month()
51150,2025-10,20251014,50508.5,runs/api_candidates_sigungu_202509_202608/raw/20251001_20251031_p0011.xml,포함: 월별 visitors에 합산,"touDivNm=외지인(b); sido=areaCode, sigungu=signguCode",Together_with_my_dog_cityselection/fetch_tourapi.py:258 summarize_month()
51150,2025-10,20251015,53224.5,runs/api_candidates_sigungu_202509_202608/raw/20251001_20251031_p0012.xml,포함: 월별 visitors에 합산,"touDivNm=외지인(b); sido=areaCode, sigungu=signguCode",Together_with_my_dog_cityselection/fetch_tourapi.py:258 summarize_month()
51150,2025-10,20251016,56101.5,runs/api_candidates_sigungu_202509_202608/raw/20251001_20251031_p0013.xml,포함: 월별 visitors에 합산,"touDivNm=외지인(b); sido=areaCode, sigungu=signguCode",Together_with_my_dog_cityselection/fetch_tourapi.py:258 summarize_month()
51150,2025-10,20251017,71456.0,runs/api_candidates_sigungu_202509_202608/raw/20251001_20251031_p0014.xml,포함: 월별 visitors에 합산,"touDivNm=외지인(b); sido=areaCode, sigungu=signguCode",Together_with_my_dog_cityselection/fetch_tourapi.py:258 summarize_month()
51150,2025-10,20251018,103054.0,runs/api_candidates_sigungu_202509_202608/raw/20251001_20251031_p0015.xml,포함: 월별 visitors에 합산,"touDivNm=외지인(b); sido=areaCode, sigungu=signguCode",Together_with_my_dog_cityselection/fetch_tourapi.py:258 summarize_month()
51150,2025-10,20251019,92515.5,runs/api_candidates_sigungu_202509_202608/raw/20251001_20251031_p0015.xml,포함: 월별 visitors에 합산,"touDivNm=외지인(b); sido=areaCode, sigungu=signguCode",Together_with_my_dog_cityselection/fetch_tourapi.py:258 summarize_month()
51150,2025-10,20251020,59335.5,runs/api_candidates_sigungu_202509_202608/raw/20251001_20251031_p0016.xml,포함: 월별 visitors에 합산,"touDivNm=외지인(b); sido=areaCode, sigungu=signguCode",Together_with_my_dog_cityselection/fetch_tourapi.py:258 summarize_month()
51150,2025-10,20251021,62611.5,runs/api_candidates_sigungu_202509_202608/raw/20251001_20251031_p0017.xml,포함: 월별 visitors에 합산,"touDivNm=외지인(b); sido=areaCode, sigungu=signguCode",Together_with_my_dog_cityselection/fetch_tourapi.py:258 summarize_month()
51150,2025-10,20251022,59748.5,runs/api_candidates_sigungu_202509_202608/raw/20251001_20251031_p0018.xml,포함: 월별 visitors에 합산,"touDivNm=외지인(b); sido=areaCode, sigungu=signguCode",Together_with_my_dog_cityselection/fetch_tourapi.py:258 summarize_month()
51150,2025-10,20251023,63091.0,runs/api_candidates_sigungu_202509_202608/raw/20251001_20251031_p0019.xml,포함: 월별 visitors에 합산,"touDivNm=외지인(b); sido=areaCode, sigungu=signguCode",Together_with_my_dog_cityselection/fetch_tourapi.py:258 summarize_month()
51150,2025-10,20251024,78470.0,runs/api_candidates_sigungu_202509_202608/raw/20251001_20251031_p0019.xml,포함: 월별 visitors에 합산,"touDivNm=외지인(b); sido=areaCode, sigungu=signguCode",Together_with_my_dog_cityselection/fetch_tourapi.py:258 summarize_month()
51150,2025-10,20251025,126021.0,runs/api_candidates_sigungu_202509_202608/raw/20251001_20251031_p0020.xml,포함: 월별 visitors에 합산,"touDivNm=외지인(b); sido=areaCode, sigungu=signguCode",Together_with_my_dog_cityselection/fetch_tourapi.py:258 summarize_month()
51150,2025-10,20251026,114807.0,runs/api_candidates_sigungu_202509_202608/raw/20251001_20251031_p0021.xml,포함: 월별 visitors에 합산,"touDivNm=외지인(b); sido=areaCode, sigungu=signguCode",Together_with_my_dog_cityselection/fetch_tourapi.py:258 summarize_month()
51150,2025-10,20251027,73892.0,runs/api_candidates_sigungu_202509_202608/raw/20251001_20251031_p0022.xml,포함: 월별 visitors에 합산,"touDivNm=외지인(b); sido=areaCode, sigungu=signguCode",Together_with_my_dog_cityselection/fetch_tourapi.py:258 summarize_month()
51150,2025-10,20251028,72817.5,runs/api_candidates_sigungu_202509_202608/raw/20251001_20251031_p0023.xml,포함: 월별 visitors에 합산,"touDivNm=외지인(b); sido=areaCode, sigungu=signguCode",Together_with_my_dog_cityselection/fetch_tourapi.py:258 summarize_month()
51150,2025-10,20251029,72870.0,runs/api_candidates_sigungu_202509_202608/raw/20251001_20251031_p0023.xml,포함: 월별 visitors에 합산,"touDivNm=외지인(b); sido=areaCode, sigungu=signguCode",Together_with_my_dog_cityselection/fetch_tourapi.py:258 summarize_month()
51150,2025-10,20251030,76079.5,runs/api_candidates_sigungu_202509_202608/raw/20251001_20251031_p0024.xml,포함: 월별 visitors에 합산,"touDivNm=외지인(b); sido=areaCode, sigungu=signguCode",Together_with_my_dog_cityselection/fetch_tourapi.py:258 summarize_month()
51150,2025-10,20251031,93527.0,runs/api_candidates_sigungu_202509_202608/raw/20251001_20251031_p0025.xml,포함: 월별 visitors에 합산,"touDivNm=외지인(b); sido=areaCode, sigungu=signguCode",Together_with_my_dog_cityselection/fetch_tourapi.py:258 summarize_month()
51150,2025-11,20251101,131036.5,runs/api_candidates_sigungu_202509_202608/raw/20251101_20251130_p0001.xml,포함: 월별 visitors에 합산,"touDivNm=외지인(b); sido=areaCode, sigungu=signguCode",Together_with_my_dog_cityselection/fetch_tourapi.py:258 summarize_month()
51150,2025-11,20251102,108045.0,runs/api_candidates_sigungu_202509_202608/raw/20251101_20251130_p0002.xml,포함: 월별 visitors에 합산,"touDivNm=외지인(b); sido=areaCode, sigungu=signguCode",Together_with_my_dog_cityselection/fetch_tourapi.py:258 summarize_month()
51150,2025-11,20251103,64410.5,runs/api_candidates_sigungu_202509_202608/raw/20251101_20251130_p0003.xml,포함: 월별 visitors에 합산,"touDivNm=외지인(b); sido=areaCode, sigungu=signguCode",Together_with_my_dog_cityselection/fetch_tourapi.py:258 summarize_month()
51150,2025-11,20251104,63770.0,runs/api_candidates_sigungu_202509_202608/raw/20251101_20251130_p0004.xml,포함: 월별 visitors에 합산,"touDivNm=외지인(b); sido=areaCode, sigungu=signguCode",Together_with_my_dog_cityselection/fetch_tourapi.py:258 summarize_month()
51150,2025-11,20251105,64081.5,runs/api_candidates_sigungu_202509_202608/raw/20251101_20251130_p0004.xml,포함: 월별 visitors에 합산,"touDivNm=외지인(b); sido=areaCode, sigungu=signguCode",Together_with_my_dog_cityselection/fetch_tourapi.py:258 summarize_month()
51150,2025-11,20251106,66867.5,runs/api_candidates_sigungu_202509_202608/raw/20251101_20251130_p0005.xml,포함: 월별 visitors에 합산,"touDivNm=외지인(b); sido=areaCode, sigungu=signguCode",Together_with_my_dog_cityselection/fetch_tourapi.py:258 summarize_month()
51150,2025-11,20251107,82432.0,runs/api_candidates_sigungu_202509_202608/raw/20251101_20251130_p0006.xml,포함: 월별 visitors에 합산,"touDivNm=외지인(b); sido=areaCode, sigungu=signguCode",Together_with_my_dog_cityselection/fetch_tourapi.py:258 summarize_month()
51150,2025-11,20251108,118433.0,runs/api_candidates_sigungu_202509_202608/raw/20251101_20251130_p0007.xml,포함: 월별 visitors에 합산,"touDivNm=외지인(b); sido=areaCode, sigungu=signguCode",Together_with_my_dog_cityselection/fetch_tourapi.py:258 summarize_month()
51150,2025-11,20251109,108626.0,runs/api_candidates_sigungu_202509_202608/raw/20251101_20251130_p0008.xml,포함: 월별 visitors에 합산,"touDivNm=외지인(b); sido=areaCode, sigungu=signguCode",Together_with_my_dog_cityselection/fetch_tourapi.py:258 summarize_month()
51150,2025-11,20251110,68586.0,runs/api_candidates_sigungu_202509_202608/raw/20251101_20251130_p0008.xml,포함: 월별 visitors에 합산,"touDivNm=외지인(b); sido=areaCode, sigungu=signguCode",Together_with_my_dog_cityselection/fetch_tourapi.py:258 summarize_month()
51150,2025-11,20251111,64764.0,runs/api_candidates_sigungu_202509_202608/raw/20251101_20251130_p0009.xml,포함: 월별 visitors에 합산,"touDivNm=외지인(b); sido=areaCode, sigungu=signguCode",Together_with_my_dog_cityselection/fetch_tourapi.py:258 summarize_month()
51150,2025-11,20251112,65348.5,runs/api_candidates_sigungu_202509_202608/raw/20251101_20251130_p0010.xml,포함: 월별 visitors에 합산,"touDivNm=외지인(b); sido=areaCode, sigungu=signguCode",Together_with_my_dog_cityselection/fetch_tourapi.py:258 summarize_month()
51150,2025-11,20251113,69954.5,runs/api_candidates_sigungu_202509_202608/raw/20251101_20251130_p0011.xml,포함: 월별 visitors에 합산,"touDivNm=외지인(b); sido=areaCode, sigungu=signguCode",Together_with_my_dog_cityselection/fetch_tourapi.py:258 summarize_month()
51150,2025-11,20251114,87458.0,runs/api_candidates_sigungu_202509_202608/raw/20251101_20251130_p0011.xml,포함: 월별 visitors에 합산,"touDivNm=외지인(b); sido=areaCode, sigungu=signguCode",Together_with_my_dog_cityselection/fetch_tourapi.py:258 summarize_month()
51150,2025-11,20251115,123473.0,runs/api_candidates_sigungu_202509_202608/raw/20251101_20251130_p0012.xml,포함: 월별 visitors에 합산,"touDivNm=외지인(b); sido=areaCode, sigungu=signguCode",Together_with_my_dog_cityselection/fetch_tourapi.py:258 summarize_month()
51150,2025-11,20251116,106508.5,runs/api_candidates_sigungu_202509_202608/raw/20251101_20251130_p0013.xml,포함: 월별 visitors에 합산,"touDivNm=외지인(b); sido=areaCode, sigungu=signguCode",Together_with_my_dog_cityselection/fetch_tourapi.py:258 summarize_month()
51150,2025-11,20251117,66164.0,runs/api_candidates_sigungu_202509_202608/raw/20251101_20251130_p0014.xml,포함: 월별 visitors에 합산,"touDivNm=외지인(b); sido=areaCode, sigungu=signguCode",Together_with_my_dog_cityselection/fetch_tourapi.py:258 summarize_month()
51150,2025-11,20251118,63063.0,runs/api_candidates_sigungu_202509_202608/raw/20251101_20251130_p0015.xml,포함: 월별 visitors에 합산,"touDivNm=외지인(b); sido=areaCode, sigungu=signguCode",Together_with_my_dog_cityselection/fetch_tourapi.py:258 summarize_month()
51150,2025-11,20251119,61799.5,runs/api_candidates_sigungu_202509_202608/raw/20251101_20251130_p0015.xml,포함: 월별 visitors에 합산,"touDivNm=외지인(b); sido=areaCode, sigungu=signguCode",Together_with_my_dog_cityselection/fetch_tourapi.py:258 summarize_month()
51150,2025-11,20251120,67109.0,runs/api_candidates_sigungu_202509_202608/raw/20251101_20251130_p0016.xml,포함: 월별 visitors에 합산,"touDivNm=외지인(b); sido=areaCode, sigungu=signguCode",Together_with_my_dog_cityselection/fetch_tourapi.py:258 summarize_month()
51150,2025-11,20251121,83373.5,runs/api_candidates_sigungu_202509_202608/raw/20251101_20251130_p0017.xml,포함: 월별 visitors에 합산,"touDivNm=외지인(b); sido=areaCode, sigungu=signguCode",Together_with_my_dog_cityselection/fetch_tourapi.py:258 summarize_month()
51150,2025-11,20251122,122769.5,runs/api_candidates_sigungu_202509_202608/raw/20251101_20251130_p0018.xml,포함: 월별 visitors에 합산,"touDivNm=외지인(b); sido=areaCode, sigungu=signguCode",Together_with_my_dog_cityselection/fetch_tourapi.py:258 summarize_month()
51150,2025-11,20251123,105073.5,runs/api_candidates_sigungu_202509_202608/raw/20251101_20251130_p0019.xml,포함: 월별 visitors에 합산,"touDivNm=외지인(b); sido=areaCode, sigungu=signguCode",Together_with_my_dog_cityselection/fetch_tourapi.py:258 summarize_month()
51150,2025-11,20251124,67823.0,runs/api_candidates_sigungu_202509_202608/raw/20251101_20251130_p0019.xml,포함: 월별 visitors에 합산,"touDivNm=외지인(b); sido=areaCode, sigungu=signguCode",Together_with_my_dog_cityselection/fetch_tourapi.py:258 summarize_month()
51150,2025-11,20251125,62874.0,runs/api_candidates_sigungu_202509_202608/raw/20251101_20251130_p0020.xml,포함: 월별 visitors에 합산,"touDivNm=외지인(b); sido=areaCode, sigungu=signguCode",Together_with_my_dog_cityselection/fetch_tourapi.py:258 summarize_month()
51150,2025-11,20251126,63381.5,runs/api_candidates_sigungu_202509_202608/raw/20251101_20251130_p0021.xml,포함: 월별 visitors에 합산,"touDivNm=외지인(b); sido=areaCode, sigungu=signguCode",Together_with_my_dog_cityselection/fetch_tourapi.py:258 summarize_month()
51150,2025-11,20251127,65821.0,runs/api_candidates_sigungu_202509_202608/raw/20251101_20251130_p0022.xml,포함: 월별 visitors에 합산,"touDivNm=외지인(b); sido=areaCode, sigungu=signguCode",Together_with_my_dog_cityselection/fetch_tourapi.py:258 summarize_month()
51150,2025-11,20251128,82866.0,runs/api_candidates_sigungu_202509_202608/raw/20251101_20251130_p0023.xml,포함: 월별 visitors에 합산,"touDivNm=외지인(b); sido=areaCode, sigungu=signguCode",Together_with_my_dog_cityselection/fetch_tourapi.py:258 summarize_month()
51150,2025-11,20251129,120662.5,runs/api_candidates_sigungu_202509_202608/raw/20251101_20251130_p0023.xml,포함: 월별 visitors에 합산,"touDivNm=외지인(b); sido=areaCode, sigungu=signguCode",Together_with_my_dog_cityselection/fetch_tourapi.py:258 summarize_month()
51150,2025-11,20251130,107247.0,runs/api_candidates_sigungu_202509_202608/raw/20251101_20251130_p0024.xml,포함: 월별 visitors에 합산,"touDivNm=외지인(b); sido=areaCode, sigungu=signguCode",Together_with_my_dog_cityselection/fetch_tourapi.py:258 summarize_month()
51150,2025-12,20251201,58712.5,runs/api_candidates_sigungu_202509_202608/raw/20251201_20251231_p0001.xml,포함: 월별 visitors에 합산,"touDivNm=외지인(b); sido=areaCode, sigungu=signguCode",Together_with_my_dog_cityselection/fetch_tourapi.py:258 summarize_month()
51150,2025-12,20251202,53942.0,runs/api_candidates_sigungu_202509_202608/raw/20251201_20251231_p0002.xml,포함: 월별 visitors에 합산,"touDivNm=외지인(b); sido=areaCode, sigungu=signguCode",Together_with_my_dog_cityselection/fetch_tourapi.py:258 summarize_month()
51150,2025-12,20251203,52279.5,runs/api_candidates_sigungu_202509_202608/raw/20251201_20251231_p0003.xml,포함: 월별 visitors에 합산,"touDivNm=외지인(b); sido=areaCode, sigungu=signguCode",Together_with_my_dog_cityselection/fetch_tourapi.py:258 summarize_month()
51150,2025-12,20251204,54075.0,runs/api_candidates_sigungu_202509_202608/raw/20251201_20251231_p0004.xml,포함: 월별 visitors에 합산,"touDivNm=외지인(b); sido=areaCode, sigungu=signguCode",Together_with_my_dog_cityselection/fetch_tourapi.py:258 summarize_month()
51150,2025-12,20251205,68740.0,runs/api_candidates_sigungu_202509_202608/raw/20251201_20251231_p0004.xml,포함: 월별 visitors에 합산,"touDivNm=외지인(b); sido=areaCode, sigungu=signguCode",Together_with_my_dog_cityselection/fetch_tourapi.py:258 summarize_month()
51150,2025-12,20251206,106473.5,runs/api_candidates_sigungu_202509_202608/raw/20251201_20251231_p0005.xml,포함: 월별 visitors에 합산,"touDivNm=외지인(b); sido=areaCode, sigungu=signguCode",Together_with_my_dog_cityselection/fetch_tourapi.py:258 summarize_month()
51150,2025-12,20251207,96218.5,runs/api_candidates_sigungu_202509_202608/raw/20251201_20251231_p0006.xml,포함: 월별 visitors에 합산,"touDivNm=외지인(b); sido=areaCode, sigungu=signguCode",Together_with_my_dog_cityselection/fetch_tourapi.py:258 summarize_month()
51150,2025-12,20251208,62401.5,runs/api_candidates_sigungu_202509_202608/raw/20251201_20251231_p0007.xml,포함: 월별 visitors에 합산,"touDivNm=외지인(b); sido=areaCode, sigungu=signguCode",Together_with_my_dog_cityselection/fetch_tourapi.py:258 summarize_month()
51150,2025-12,20251209,61106.5,runs/api_candidates_sigungu_202509_202608/raw/20251201_20251231_p0008.xml,포함: 월별 visitors에 합산,"touDivNm=외지인(b); sido=areaCode, sigungu=signguCode",Together_with_my_dog_cityselection/fetch_tourapi.py:258 summarize_month()
51150,2025-12,20251210,58842.0,runs/api_candidates_sigungu_202509_202608/raw/20251201_20251231_p0008.xml,포함: 월별 visitors에 합산,"touDivNm=외지인(b); sido=areaCode, sigungu=signguCode",Together_with_my_dog_cityselection/fetch_tourapi.py:258 summarize_month()
51150,2025-12,20251211,58355.5,runs/api_candidates_sigungu_202509_202608/raw/20251201_20251231_p0009.xml,포함: 월별 visitors에 합산,"touDivNm=외지인(b); sido=areaCode, sigungu=signguCode",Together_with_my_dog_cityselection/fetch_tourapi.py:258 summarize_month()
51150,2025-12,20251212,72618.0,runs/api_candidates_sigungu_202509_202608/raw/20251201_20251231_p0010.xml,포함: 월별 visitors에 합산,"touDivNm=외지인(b); sido=areaCode, sigungu=signguCode",Together_with_my_dog_cityselection/fetch_tourapi.py:258 summarize_month()
51150,2025-12,20251213,104293.0,runs/api_candidates_sigungu_202509_202608/raw/20251201_20251231_p0011.xml,포함: 월별 visitors에 합산,"touDivNm=외지인(b); sido=areaCode, sigungu=signguCode",Together_with_my_dog_cityselection/fetch_tourapi.py:258 summarize_month()
51150,2025-12,20251214,97086.5,runs/api_candidates_sigungu_202509_202608/raw/20251201_20251231_p0011.xml,포함: 월별 visitors에 합산,"touDivNm=외지인(b); sido=areaCode, sigungu=signguCode",Together_with_my_dog_cityselection/fetch_tourapi.py:258 summarize_month()
51150,2025-12,20251215,67767.0,runs/api_candidates_sigungu_202509_202608/raw/20251201_20251231_p0012.xml,포함: 월별 visitors에 합산,"touDivNm=외지인(b); sido=areaCode, sigungu=signguCode",Together_with_my_dog_cityselection/fetch_tourapi.py:258 summarize_month()
51150,2025-12,20251216,64456.0,runs/api_candidates_sigungu_202509_202608/raw/20251201_20251231_p0013.xml,포함: 월별 visitors에 합산,"touDivNm=외지인(b); sido=areaCode, sigungu=signguCode",Together_with_my_dog_cityselection/fetch_tourapi.py:258 summarize_month()
51150,2025-12,20251217,62650.0,runs/api_candidates_sigungu_202509_202608/raw/20251201_20251231_p0014.xml,포함: 월별 visitors에 합산,"touDivNm=외지인(b); sido=areaCode, sigungu=signguCode",Together_with_my_dog_cityselection/fetch_tourapi.py:258 summarize_month()
51150,2025-12,20251218,69769.0,runs/api_candidates_sigungu_202509_202608/raw/20251201_20251231_p0015.xml,포함: 월별 visitors에 합산,"touDivNm=외지인(b); sido=areaCode, sigungu=signguCode",Together_with_my_dog_cityselection/fetch_tourapi.py:258 summarize_month()
51150,2025-12,20251219,85606.5,runs/api_candidates_sigungu_202509_202608/raw/20251201_20251231_p0015.xml,포함: 월별 visitors에 합산,"touDivNm=외지인(b); sido=areaCode, sigungu=signguCode",Together_with_my_dog_cityselection/fetch_tourapi.py:258 summarize_month()
51150,2025-12,20251220,121359.0,runs/api_candidates_sigungu_202509_202608/raw/20251201_20251231_p0016.xml,포함: 월별 visitors에 합산,"touDivNm=외지인(b); sido=areaCode, sigungu=signguCode",Together_with_my_dog_cityselection/fetch_tourapi.py:258 summarize_month()
51150,2025-12,20251221,109697.0,runs/api_candidates_sigungu_202509_202608/raw/20251201_20251231_p0017.xml,포함: 월별 visitors에 합산,"touDivNm=외지인(b); sido=areaCode, sigungu=signguCode",Together_with_my_dog_cityselection/fetch_tourapi.py:258 summarize_month()
51150,2025-12,20251222,78316.0,runs/api_candidates_sigungu_202509_202608/raw/20251201_20251231_p0018.xml,포함: 월별 visitors에 합산,"touDivNm=외지인(b); sido=areaCode, sigungu=signguCode",Together_with_my_dog_cityselection/fetch_tourapi.py:258 summarize_month()
51150,2025-12,20251223,74483.5,runs/api_candidates_sigungu_202509_202608/raw/20251201_20251231_p0019.xml,포함: 월별 visitors에 합산,"touDivNm=외지인(b); sido=areaCode, sigungu=signguCode",Together_with_my_dog_cityselection/fetch_tourapi.py:258 summarize_month()
51150,2025-12,20251224,85214.5,runs/api_candidates_sigungu_202509_202608/raw/20251201_20251231_p0019.xml,포함: 월별 visitors에 합산,"touDivNm=외지인(b); sido=areaCode, sigungu=signguCode",Together_with_my_dog_cityselection/fetch_tourapi.py:258 summarize_month()
51150,2025-12,20251225,119458.5,runs/api_candidates_sigungu_202509_202608/raw/20251201_20251231_p0020.xml,포함: 월별 visitors에 합산,"touDivNm=외지인(b); sido=areaCode, sigungu=signguCode",Together_with_my_dog_cityselection/fetch_tourapi.py:258 summarize_month()
51150,2025-12,20251226,120494.5,runs/api_candidates_sigungu_202509_202608/raw/20251201_20251231_p0021.xml,포함: 월별 visitors에 합산,"touDivNm=외지인(b); sido=areaCode, sigungu=signguCode",Together_with_my_dog_cityselection/fetch_tourapi.py:258 summarize_month()
51150,2025-12,20251227,145425.0,runs/api_candidates_sigungu_202509_202608/raw/20251201_20251231_p0022.xml,포함: 월별 visitors에 합산,"touDivNm=외지인(b); sido=areaCode, sigungu=signguCode",Together_with_my_dog_cityselection/fetch_tourapi.py:258 summarize_month()
51150,2025-12,20251228,125534.5,runs/api_candidates_sigungu_202509_202608/raw/20251201_20251231_p0023.xml,포함: 월별 visitors에 합산,"touDivNm=외지인(b); sido=areaCode, sigungu=signguCode",Together_with_my_dog_cityselection/fetch_tourapi.py:258 summarize_month()
51150,2025-12,20251229,96845.0,runs/api_candidates_sigungu_202509_202608/raw/20251201_20251231_p0023.xml,포함: 월별 visitors에 합산,"touDivNm=외지인(b); sido=areaCode, sigungu=signguCode",Together_with_my_dog_cityselection/fetch_tourapi.py:258 summarize_month()
51150,2025-12,20251230,98059.5,runs/api_candidates_sigungu_202509_202608/raw/20251201_20251231_p0024.xml,포함: 월별 visitors에 합산,"touDivNm=외지인(b); sido=areaCode, sigungu=signguCode",Together_with_my_dog_cityselection/fetch_tourapi.py:258 summarize_month()
51150,2025-12,20251231,134799.0,runs/api_candidates_sigungu_202509_202608/raw/20251201_20251231_p0025.xml,포함: 월별 visitors에 합산,"touDivNm=외지인(b); sido=areaCode, sigungu=signguCode",Together_with_my_dog_cityselection/fetch_tourapi.py:258 summarize_month()
51150,2026-01,20260101,211592.5,runs/api_candidates_sigungu_202509_202608/raw/20260101_20260131_p0001.xml,포함: 월별 visitors에 합산,"touDivNm=외지인(b); sido=areaCode, sigungu=signguCode",Together_with_my_dog_cityselection/fetch_tourapi.py:258 summarize_month()
51150,2026-01,20260102,130872.0,runs/api_candidates_sigungu_202509_202608/raw/20260101_20260131_p0002.xml,포함: 월별 visitors에 합산,"touDivNm=외지인(b); sido=areaCode, sigungu=signguCode",Together_with_my_dog_cityselection/fetch_tourapi.py:258 summarize_month()
51150,2026-01,20260103,144924.5,runs/api_candidates_sigungu_202509_202608/raw/20260101_20260131_p0003.xml,포함: 월별 visitors에 합산,"touDivNm=외지인(b); sido=areaCode, sigungu=signguCode",Together_with_my_dog_cityselection/fetch_tourapi.py:258 summarize_month()
51150,2026-01,20260104,107138.5,runs/api_candidates_sigungu_202509_202608/raw/20260101_20260131_p0004.xml,포함: 월별 visitors에 합산,"touDivNm=외지인(b); sido=areaCode, sigungu=signguCode",Together_with_my_dog_cityselection/fetch_tourapi.py:258 summarize_month()
51150,2026-01,20260105,68358.5,runs/api_candidates_sigungu_202509_202608/raw/20260101_20260131_p0004.xml,포함: 월별 visitors에 합산,"touDivNm=외지인(b); sido=areaCode, sigungu=signguCode",Together_with_my_dog_cityselection/fetch_tourapi.py:258 summarize_month()
51150,2026-01,20260106,69324.5,runs/api_candidates_sigungu_202509_202608/raw/20260101_20260131_p0005.xml,포함: 월별 visitors에 합산,"touDivNm=외지인(b); sido=areaCode, sigungu=signguCode",Together_with_my_dog_cityselection/fetch_tourapi.py:258 summarize_month()
51150,2026-01,20260107,67665.5,runs/api_candidates_sigungu_202509_202608/raw/20260101_20260131_p0006.xml,포함: 월별 visitors에 합산,"touDivNm=외지인(b); sido=areaCode, sigungu=signguCode",Together_with_my_dog_cityselection/fetch_tourapi.py:258 summarize_month()
51150,2026-01,20260108,69373.5,runs/api_candidates_sigungu_202509_202608/raw/20260101_20260131_p0007.xml,포함: 월별 visitors에 합산,"touDivNm=외지인(b); sido=areaCode, sigungu=signguCode",Together_with_my_dog_cityselection/fetch_tourapi.py:258 summarize_month()
51150,2026-01,20260109,80773.0,runs/api_candidates_sigungu_202509_202608/raw/20260101_20260131_p0008.xml,포함: 월별 visitors에 합산,"touDivNm=외지인(b); sido=areaCode, sigungu=signguCode",Together_with_my_dog_cityselection/fetch_tourapi.py:258 summarize_month()
51150,2026-01,20260110,104807.5,runs/api_candidates_sigungu_202509_202608/raw/20260101_20260131_p0008.xml,포함: 월별 visitors에 합산,"touDivNm=외지인(b); sido=areaCode, sigungu=signguCode",Together_with_my_dog_cityselection/fetch_tourapi.py:258 summarize_month()
51150,2026-01,20260111,98392.0,runs/api_candidates_sigungu_202509_202608/raw/20260101_20260131_p0009.xml,포함: 월별 visitors에 합산,"touDivNm=외지인(b); sido=areaCode, sigungu=signguCode",Together_with_my_dog_cityselection/fetch_tourapi.py:258 summarize_month()
51150,2026-01,20260112,71183.0,runs/api_candidates_sigungu_202509_202608/raw/20260101_20260131_p0010.xml,포함: 월별 visitors에 합산,"touDivNm=외지인(b); sido=areaCode, sigungu=signguCode",Together_with_my_dog_cityselection/fetch_tourapi.py:258 summarize_month()
51150,2026-01,20260113,69541.5,runs/api_candidates_sigungu_202509_202608/raw/20260101_20260131_p0011.xml,포함: 월별 visitors에 합산,"touDivNm=외지인(b); sido=areaCode, sigungu=signguCode",Together_with_my_dog_cityselection/fetch_tourapi.py:258 summarize_month()
51150,2026-01,20260114,70759.5,runs/api_candidates_sigungu_202509_202608/raw/20260101_20260131_p0011.xml,포함: 월별 visitors에 합산,"touDivNm=외지인(b); sido=areaCode, sigungu=signguCode",Together_with_my_dog_cityselection/fetch_tourapi.py:258 summarize_month()
51150,2026-01,20260115,72457.0,runs/api_candidates_sigungu_202509_202608/raw/20260101_20260131_p0012.xml,포함: 월별 visitors에 합산,"touDivNm=외지인(b); sido=areaCode, sigungu=signguCode",Together_with_my_dog_cityselection/fetch_tourapi.py:258 summarize_month()
51150,2026-01,20260116,88840.5,runs/api_candidates_sigungu_202509_202608/raw/20260101_20260131_p0013.xml,포함: 월별 visitors에 합산,"touDivNm=외지인(b); sido=areaCode, sigungu=signguCode",Together_with_my_dog_cityselection/fetch_tourapi.py:258 summarize_month()
51150,2026-01,20260117,128607.5,runs/api_candidates_sigungu_202509_202608/raw/20260101_20260131_p0014.xml,포함: 월별 visitors에 합산,"touDivNm=외지인(b); sido=areaCode, sigungu=signguCode",Together_with_my_dog_cityselection/fetch_tourapi.py:258 summarize_month()
51150,2026-01,20260118,114390.5,runs/api_candidates_sigungu_202509_202608/raw/20260101_20260131_p0015.xml,포함: 월별 visitors에 합산,"touDivNm=외지인(b); sido=areaCode, sigungu=signguCode",Together_with_my_dog_cityselection/fetch_tourapi.py:258 summarize_month()
51150,2026-01,20260119,74231.5,runs/api_candidates_sigungu_202509_202608/raw/20260101_20260131_p0015.xml,포함: 월별 visitors에 합산,"touDivNm=외지인(b); sido=areaCode, sigungu=signguCode",Together_with_my_dog_cityselection/fetch_tourapi.py:258 summarize_month()
51150,2026-01,20260120,71228.5,runs/api_candidates_sigungu_202509_202608/raw/20260101_20260131_p0016.xml,포함: 월별 visitors에 합산,"touDivNm=외지인(b); sido=areaCode, sigungu=signguCode",Together_with_my_dog_cityselection/fetch_tourapi.py:258 summarize_month()
51150,2026-01,20260121,70070.0,runs/api_candidates_sigungu_202509_202608/raw/20260101_20260131_p0017.xml,포함: 월별 visitors에 합산,"touDivNm=외지인(b); sido=areaCode, sigungu=signguCode",Together_with_my_dog_cityselection/fetch_tourapi.py:258 summarize_month()
51150,2026-01,20260122,69489.0,runs/api_candidates_sigungu_202509_202608/raw/20260101_20260131_p0018.xml,포함: 월별 visitors에 합산,"touDivNm=외지인(b); sido=areaCode, sigungu=signguCode",Together_with_my_dog_cityselection/fetch_tourapi.py:258 summarize_month()
51150,2026-01,20260123,85897.0,runs/api_candidates_sigungu_202509_202608/raw/20260101_20260131_p0019.xml,포함: 월별 visitors에 합산,"touDivNm=외지인(b); sido=areaCode, sigungu=signguCode",Together_with_my_dog_cityselection/fetch_tourapi.py:258 summarize_month()
51150,2026-01,20260124,119850.5,runs/api_candidates_sigungu_202509_202608/raw/20260101_20260131_p0019.xml,포함: 월별 visitors에 합산,"touDivNm=외지인(b); sido=areaCode, sigungu=signguCode",Together_with_my_dog_cityselection/fetch_tourapi.py:258 summarize_month()
51150,2026-01,20260125,112010.5,runs/api_candidates_sigungu_202509_202608/raw/20260101_20260131_p0020.xml,포함: 월별 visitors에 합산,"touDivNm=외지인(b); sido=areaCode, sigungu=signguCode",Together_with_my_dog_cityselection/fetch_tourapi.py:258 summarize_month()
51150,2026-01,20260126,78946.0,runs/api_candidates_sigungu_202509_202608/raw/20260101_20260131_p0021.xml,포함: 월별 visitors에 합산,"touDivNm=외지인(b); sido=areaCode, sigungu=signguCode",Together_with_my_dog_cityselection/fetch_tourapi.py:258 summarize_month()
51150,2026-01,20260127,76608.0,runs/api_candidates_sigungu_202509_202608/raw/20260101_20260131_p0022.xml,포함: 월별 visitors에 합산,"touDivNm=외지인(b); sido=areaCode, sigungu=signguCode",Together_with_my_dog_cityselection/fetch_tourapi.py:258 summarize_month()
51150,2026-01,20260128,73738.0,runs/api_candidates_sigungu_202509_202608/raw/20260101_20260131_p0023.xml,포함: 월별 visitors에 합산,"touDivNm=외지인(b); sido=areaCode, sigungu=signguCode",Together_with_my_dog_cityselection/fetch_tourapi.py:258 summarize_month()
51150,2026-01,20260129,74091.5,runs/api_candidates_sigungu_202509_202608/raw/20260101_20260131_p0023.xml,포함: 월별 visitors에 합산,"touDivNm=외지인(b); sido=areaCode, sigungu=signguCode",Together_with_my_dog_cityselection/fetch_tourapi.py:258 summarize_month()
51150,2026-01,20260130,86142.0,runs/api_candidates_sigungu_202509_202608/raw/20260101_20260131_p0024.xml,포함: 월별 visitors에 합산,"touDivNm=외지인(b); sido=areaCode, sigungu=signguCode",Together_with_my_dog_cityselection/fetch_tourapi.py:258 summarize_month()
51150,2026-01,20260131,122248.0,runs/api_candidates_sigungu_202509_202608/raw/20260101_20260131_p0025.xml,포함: 월별 visitors에 합산,"touDivNm=외지인(b); sido=areaCode, sigungu=signguCode",Together_with_my_dog_cityselection/fetch_tourapi.py:258 summarize_month()
51150,2026-02,20260201,100051.0,runs/api_candidates_sigungu_202509_202608/raw/20260201_20260228_p0001.xml,포함: 월별 visitors에 합산,"touDivNm=외지인(b); sido=areaCode, sigungu=signguCode",Together_with_my_dog_cityselection/fetch_tourapi.py:258 summarize_month()
51150,2026-02,20260202,61995.5,runs/api_candidates_sigungu_202509_202608/raw/20260201_20260228_p0002.xml,포함: 월별 visitors에 합산,"touDivNm=외지인(b); sido=areaCode, sigungu=signguCode",Together_with_my_dog_cityselection/fetch_tourapi.py:258 summarize_month()
51150,2026-02,20260203,63518.0,runs/api_candidates_sigungu_202509_202608/raw/20260201_20260228_p0003.xml,포함: 월별 visitors에 합산,"touDivNm=외지인(b); sido=areaCode, sigungu=signguCode",Together_with_my_dog_cityselection/fetch_tourapi.py:258 summarize_month()
51150,2026-02,20260204,64039.5,runs/api_candidates_sigungu_202509_202608/raw/20260201_20260228_p0004.xml,포함: 월별 visitors에 합산,"touDivNm=외지인(b); sido=areaCode, sigungu=signguCode",Together_with_my_dog_cityselection/fetch_tourapi.py:258 summarize_month()
51150,2026-02,20260205,65702.0,runs/api_candidates_sigungu_202509_202608/raw/20260201_20260228_p0004.xml,포함: 월별 visitors에 합산,"touDivNm=외지인(b); sido=areaCode, sigungu=signguCode",Together_with_my_dog_cityselection/fetch_tourapi.py:258 summarize_month()
51150,2026-02,20260206,76352.5,runs/api_candidates_sigungu_202509_202608/raw/20260201_20260228_p0005.xml,포함: 월별 visitors에 합산,"touDivNm=외지인(b); sido=areaCode, sigungu=signguCode",Together_with_my_dog_cityselection/fetch_tourapi.py:258 summarize_month()
51150,2026-02,20260207,112175.0,runs/api_candidates_sigungu_202509_202608/raw/20260201_20260228_p0006.xml,포함: 월별 visitors에 합산,"touDivNm=외지인(b); sido=areaCode, sigungu=signguCode",Together_with_my_dog_cityselection/fetch_tourapi.py:258 summarize_month()
51150,2026-02,20260208,97874.0,runs/api_candidates_sigungu_202509_202608/raw/20260201_20260228_p0007.xml,포함: 월별 visitors에 합산,"touDivNm=외지인(b); sido=areaCode, sigungu=signguCode",Together_with_my_dog_cityselection/fetch_tourapi.py:258 summarize_month()
51150,2026-02,20260209,72653.0,runs/api_candidates_sigungu_202509_202608/raw/20260201_20260228_p0008.xml,포함: 월별 visitors에 합산,"touDivNm=외지인(b); sido=areaCode, sigungu=signguCode",Together_with_my_dog_cityselection/fetch_tourapi.py:258 summarize_month()
51150,2026-02,20260210,66794.0,runs/api_candidates_sigungu_202509_202608/raw/20260201_20260228_p0008.xml,포함: 월별 visitors에 합산,"touDivNm=외지인(b); sido=areaCode, sigungu=signguCode",Together_with_my_dog_cityselection/fetch_tourapi.py:258 summarize_month()
51150,2026-02,20260211,66629.5,runs/api_candidates_sigungu_202509_202608/raw/20260201_20260228_p0009.xml,포함: 월별 visitors에 합산,"touDivNm=외지인(b); sido=areaCode, sigungu=signguCode",Together_with_my_dog_cityselection/fetch_tourapi.py:258 summarize_month()
51150,2026-02,20260212,68379.5,runs/api_candidates_sigungu_202509_202608/raw/20260201_20260228_p0010.xml,포함: 월별 visitors에 합산,"touDivNm=외지인(b); sido=areaCode, sigungu=signguCode",Together_with_my_dog_cityselection/fetch_tourapi.py:258 summarize_month()
51150,2026-02,20260213,82096.0,runs/api_candidates_sigungu_202509_202608/raw/20260201_20260228_p0011.xml,포함: 월별 visitors에 합산,"touDivNm=외지인(b); sido=areaCode, sigungu=signguCode",Together_with_my_dog_cityselection/fetch_tourapi.py:258 summarize_month()
51150,2026-02,20260214,139240.5,runs/api_candidates_sigungu_202509_202608/raw/20260201_20260228_p0012.xml,포함: 월별 visitors에 합산,"touDivNm=외지인(b); sido=areaCode, sigungu=signguCode",Together_with_my_dog_cityselection/fetch_tourapi.py:258 summarize_month()
51150,2026-02,20260215,195800.5,runs/api_candidates_sigungu_202509_202608/raw/20260201_20260228_p0012.xml,포함: 월별 visitors에 합산,"touDivNm=외지인(b); sido=areaCode, sigungu=signguCode",Together_with_my_dog_cityselection/fetch_tourapi.py:258 summarize_month()
51150,2026-02,20260216,200532.5,runs/api_candidates_sigungu_202509_202608/raw/20260201_20260228_p0013.xml,포함: 월별 visitors에 합산,"touDivNm=외지인(b); sido=areaCode, sigungu=signguCode",Together_with_my_dog_cityselection/fetch_tourapi.py:258 summarize_month()
51150,2026-02,20260217,199885.0,runs/api_candidates_sigungu_202509_202608/raw/20260201_20260228_p0014.xml,포함: 월별 visitors에 합산,"touDivNm=외지인(b); sido=areaCode, sigungu=signguCode",Together_with_my_dog_cityselection/fetch_tourapi.py:258 summarize_month()
51150,2026-02,20260218,128443.0,runs/api_candidates_sigungu_202509_202608/raw/20260201_20260228_p0015.xml,포함: 월별 visitors에 합산,"touDivNm=외지인(b); sido=areaCode, sigungu=signguCode",Together_with_my_dog_cityselection/fetch_tourapi.py:258 summarize_month()
51150,2026-02,20260219,94003.0,runs/api_candidates_sigungu_202509_202608/raw/20260201_20260228_p0016.xml,포함: 월별 visitors에 합산,"touDivNm=외지인(b); sido=areaCode, sigungu=signguCode",Together_with_my_dog_cityselection/fetch_tourapi.py:258 summarize_month()
51150,2026-02,20260220,96582.5,runs/api_candidates_sigungu_202509_202608/raw/20260201_20260228_p0016.xml,포함: 월별 visitors에 합산,"touDivNm=외지인(b); sido=areaCode, sigungu=signguCode",Together_with_my_dog_cityselection/fetch_tourapi.py:258 summarize_month()
51150,2026-02,20260221,123805.5,runs/api_candidates_sigungu_202509_202608/raw/20260201_20260228_p0017.xml,포함: 월별 visitors에 합산,"touDivNm=외지인(b); sido=areaCode, sigungu=signguCode",Together_with_my_dog_cityselection/fetch_tourapi.py:258 summarize_month()
51150,2026-02,20260222,106596.0,runs/api_candidates_sigungu_202509_202608/raw/20260201_20260228_p0018.xml,포함: 월별 visitors에 합산,"touDivNm=외지인(b); sido=areaCode, sigungu=signguCode",Together_with_my_dog_cityselection/fetch_tourapi.py:258 summarize_month()
51150,2026-02,20260223,83244.0,runs/api_candidates_sigungu_202509_202608/raw/20260201_20260228_p0019.xml,포함: 월별 visitors에 합산,"touDivNm=외지인(b); sido=areaCode, sigungu=signguCode",Together_with_my_dog_cityselection/fetch_tourapi.py:258 summarize_month()
51150,2026-02,20260224,76772.5,runs/api_candidates_sigungu_202509_202608/raw/20260201_20260228_p0020.xml,포함: 월별 visitors에 합산,"touDivNm=외지인(b); sido=areaCode, sigungu=signguCode",Together_with_my_dog_cityselection/fetch_tourapi.py:258 summarize_month()
51150,2026-02,20260225,79768.5,runs/api_candidates_sigungu_202509_202608/raw/20260201_20260228_p0021.xml,포함: 월별 visitors에 합산,"touDivNm=외지인(b); sido=areaCode, sigungu=signguCode",Together_with_my_dog_cityselection/fetch_tourapi.py:258 summarize_month()
51150,2026-02,20260226,88200.0,runs/api_candidates_sigungu_202509_202608/raw/20260201_20260228_p0021.xml,포함: 월별 visitors에 합산,"touDivNm=외지인(b); sido=areaCode, sigungu=signguCode",Together_with_my_dog_cityselection/fetch_tourapi.py:258 summarize_month()
51150,2026-02,20260227,101171.0,runs/api_candidates_sigungu_202509_202608/raw/20260201_20260228_p0022.xml,포함: 월별 visitors에 합산,"touDivNm=외지인(b); sido=areaCode, sigungu=signguCode",Together_with_my_dog_cityselection/fetch_tourapi.py:258 summarize_month()
51150,2026-02,20260228,153240.5,runs/api_candidates_sigungu_202509_202608/raw/20260201_20260228_p0023.xml,포함: 월별 visitors에 합산,"touDivNm=외지인(b); sido=areaCode, sigungu=signguCode",Together_with_my_dog_cityselection/fetch_tourapi.py:258 summarize_month()
51150,2026-03,20260301,161927.5,runs/api_candidates_sigungu_202509_202608/raw/20260301_20260331_p0001.xml,포함: 월별 visitors에 합산,"touDivNm=외지인(b); sido=areaCode, sigungu=signguCode",Together_with_my_dog_cityselection/fetch_tourapi.py:258 summarize_month()
51150,2026-03,20260302,98066.5,runs/api_candidates_sigungu_202509_202608/raw/20260301_20260331_p0002.xml,포함: 월별 visitors에 합산,"touDivNm=외지인(b); sido=areaCode, sigungu=signguCode",Together_with_my_dog_cityselection/fetch_tourapi.py:258 summarize_month()
51150,2026-03,20260303,55314.0,runs/api_candidates_sigungu_202509_202608/raw/20260301_20260331_p0003.xml,포함: 월별 visitors에 합산,"touDivNm=외지인(b); sido=areaCode, sigungu=signguCode",Together_with_my_dog_cityselection/fetch_tourapi.py:258 summarize_month()
51150,2026-03,20260304,60312.0,runs/api_candidates_sigungu_202509_202608/raw/20260301_20260331_p0004.xml,포함: 월별 visitors에 합산,"touDivNm=외지인(b); sido=areaCode, sigungu=signguCode",Together_with_my_dog_cityselection/fetch_tourapi.py:258 summarize_month()
51150,2026-03,20260305,62419.0,runs/api_candidates_sigungu_202509_202608/raw/20260301_20260331_p0004.xml,포함: 월별 visitors에 합산,"touDivNm=외지인(b); sido=areaCode, sigungu=signguCode",Together_with_my_dog_cityselection/fetch_tourapi.py:258 summarize_month()
51150,2026-03,20260306,68201.0,runs/api_candidates_sigungu_202509_202608/raw/20260301_20260331_p0005.xml,포함: 월별 visitors에 합산,"touDivNm=외지인(b); sido=areaCode, sigungu=signguCode",Together_with_my_dog_cityselection/fetch_tourapi.py:258 summarize_month()
51150,2026-03,20260307,96645.5,runs/api_candidates_sigungu_202509_202608/raw/20260301_20260331_p0006.xml,포함: 월별 visitors에 합산,"touDivNm=외지인(b); sido=areaCode, sigungu=signguCode",Together_with_my_dog_cityselection/fetch_tourapi.py:258 summarize_month()
51150,2026-03,20260308,89887.0,runs/api_candidates_sigungu_202509_202608/raw/20260301_20260331_p0007.xml,포함: 월별 visitors에 합산,"touDivNm=외지인(b); sido=areaCode, sigungu=signguCode",Together_with_my_dog_cityselection/fetch_tourapi.py:258 summarize_month()
51150,2026-03,20260309,64984.5,runs/api_candidates_sigungu_202509_202608/raw/20260301_20260331_p0008.xml,포함: 월별 visitors에 합산,"touDivNm=외지인(b); sido=areaCode, sigungu=signguCode",Together_with_my_dog_cityselection/fetch_tourapi.py:258 summarize_month()
51150,2026-03,20260310,65422.0,runs/api_candidates_sigungu_202509_202608/raw/20260301_20260331_p0008.xml,포함: 월별 visitors에 합산,"touDivNm=외지인(b); sido=areaCode, sigungu=signguCode",Together_with_my_dog_cityselection/fetch_tourapi.py:258 summarize_month()
51150,2026-03,20260311,64554.0,runs/api_candidates_sigungu_202509_202608/raw/20260301_20260331_p0009.xml,포함: 월별 visitors에 합산,"touDivNm=외지인(b); sido=areaCode, sigungu=signguCode",Together_with_my_dog_cityselection/fetch_tourapi.py:258 summarize_month()
51150,2026-03,20260312,62223.0,runs/api_candidates_sigungu_202509_202608/raw/20260301_20260331_p0010.xml,포함: 월별 visitors에 합산,"touDivNm=외지인(b); sido=areaCode, sigungu=signguCode",Together_with_my_dog_cityselection/fetch_tourapi.py:258 summarize_month()
51150,2026-03,20260313,73325.0,runs/api_candidates_sigungu_202509_202608/raw/20260301_20260331_p0011.xml,포함: 월별 visitors에 합산,"touDivNm=외지인(b); sido=areaCode, sigungu=signguCode",Together_with_my_dog_cityselection/fetch_tourapi.py:258 summarize_month()
51150,2026-03,20260314,110162.5,runs/api_candidates_sigungu_202509_202608/raw/20260301_20260331_p0012.xml,포함: 월별 visitors에 합산,"touDivNm=외지인(b); sido=areaCode, sigungu=signguCode",Together_with_my_dog_cityselection/fetch_tourapi.py:258 summarize_month()
51150,2026-03,20260315,98871.5,runs/api_candidates_sigungu_202509_202608/raw/20260301_20260331_p0012.xml,포함: 월별 visitors에 합산,"touDivNm=외지인(b); sido=areaCode, sigungu=signguCode",Together_with_my_dog_cityselection/fetch_tourapi.py:258 summarize_month()
51150,2026-03,20260316,70269.5,runs/api_candidates_sigungu_202509_202608/raw/20260301_20260331_p0013.xml,포함: 월별 visitors에 합산,"touDivNm=외지인(b); sido=areaCode, sigungu=signguCode",Together_with_my_dog_cityselection/fetch_tourapi.py:258 summarize_month()
51150,2026-03,20260317,70238.0,runs/api_candidates_sigungu_202509_202608/raw/20260301_20260331_p0014.xml,포함: 월별 visitors에 합산,"touDivNm=외지인(b); sido=areaCode, sigungu=signguCode",Together_with_my_dog_cityselection/fetch_tourapi.py:258 summarize_month()
51150,2026-03,20260318,65320.5,runs/api_candidates_sigungu_202509_202608/raw/20260301_20260331_p0015.xml,포함: 월별 visitors에 합산,"touDivNm=외지인(b); sido=areaCode, sigungu=signguCode",Together_with_my_dog_cityselection/fetch_tourapi.py:258 summarize_month()
51150,2026-03,20260319,68733.0,runs/api_candidates_sigungu_202509_202608/raw/20260301_20260331_p0016.xml,포함: 월별 visitors에 합산,"touDivNm=외지인(b); sido=areaCode, sigungu=signguCode",Together_with_my_dog_cityselection/fetch_tourapi.py:258 summarize_month()
51150,2026-03,20260320,81858.0,runs/api_candidates_sigungu_202509_202608/raw/20260301_20260331_p0016.xml,포함: 월별 visitors에 합산,"touDivNm=외지인(b); sido=areaCode, sigungu=signguCode",Together_with_my_dog_cityselection/fetch_tourapi.py:258 summarize_month()
51150,2026-03,20260321,117740.0,runs/api_candidates_sigungu_202509_202608/raw/20260301_20260331_p0017.xml,포함: 월별 visitors에 합산,"touDivNm=외지인(b); sido=areaCode, sigungu=signguCode",Together_with_my_dog_cityselection/fetch_tourapi.py:258 summarize_month()
51150,2026-03,20260322,106344.0,runs/api_candidates_sigungu_202509_202608/raw/20260301_20260331_p0018.xml,포함: 월별 visitors에 합산,"touDivNm=외지인(b); sido=areaCode, sigungu=signguCode",Together_with_my_dog_cityselection/fetch_tourapi.py:258 summarize_month()
51150,2026-03,20260323,72149.0,runs/api_candidates_sigungu_202509_202608/raw/20260301_20260331_p0019.xml,포함: 월별 visitors에 합산,"touDivNm=외지인(b); sido=areaCode, sigungu=signguCode",Together_with_my_dog_cityselection/fetch_tourapi.py:258 summarize_month()
51150,2026-03,20260324,71295.0,runs/api_candidates_sigungu_202509_202608/raw/20260301_20260331_p0020.xml,포함: 월별 visitors에 합산,"touDivNm=외지인(b); sido=areaCode, sigungu=signguCode",Together_with_my_dog_cityselection/fetch_tourapi.py:258 summarize_month()
51150,2026-03,20260325,70780.5,runs/api_candidates_sigungu_202509_202608/raw/20260301_20260331_p0021.xml,포함: 월별 visitors에 합산,"touDivNm=외지인(b); sido=areaCode, sigungu=signguCode",Together_with_my_dog_cityselection/fetch_tourapi.py:258 summarize_month()
51150,2026-03,20260326,73094.0,runs/api_candidates_sigungu_202509_202608/raw/20260301_20260331_p0021.xml,포함: 월별 visitors에 합산,"touDivNm=외지인(b); sido=areaCode, sigungu=signguCode",Together_with_my_dog_cityselection/fetch_tourapi.py:258 summarize_month()
51150,2026-03,20260327,87419.5,runs/api_candidates_sigungu_202509_202608/raw/20260301_20260331_p0022.xml,포함: 월별 visitors에 합산,"touDivNm=외지인(b); sido=areaCode, sigungu=signguCode",Together_with_my_dog_cityselection/fetch_tourapi.py:258 summarize_month()
51150,2026-03,20260328,126847.0,runs/api_candidates_sigungu_202509_202608/raw/20260301_20260331_p0023.xml,포함: 월별 visitors에 합산,"touDivNm=외지인(b); sido=areaCode, sigungu=signguCode",Together_with_my_dog_cityselection/fetch_tourapi.py:258 summarize_month()
51150,2026-03,20260329,108167.5,runs/api_candidates_sigungu_202509_202608/raw/20260301_20260331_p0024.xml,포함: 월별 visitors에 합산,"touDivNm=외지인(b); sido=areaCode, sigungu=signguCode",Together_with_my_dog_cityselection/fetch_tourapi.py:258 summarize_month()
51150,2026-03,20260330,75866.0,runs/api_candidates_sigungu_202509_202608/raw/20260301_20260331_p0025.xml,포함: 월별 visitors에 합산,"touDivNm=외지인(b); sido=areaCode, sigungu=signguCode",Together_with_my_dog_cityselection/fetch_tourapi.py:258 summarize_month()
51150,2026-03,20260331,68533.5,runs/api_candidates_sigungu_202509_202608/raw/20260301_20260331_p0025.xml,포함: 월별 visitors에 합산,"touDivNm=외지인(b); sido=areaCode, sigungu=signguCode",Together_with_my_dog_cityselection/fetch_tourapi.py:258 summarize_month()
51150,2026-04,20260401,48149.5,runs/api_candidates_sigungu_202509_202608/raw/20260401_20260430_p0001.xml,포함: 월별 visitors에 합산,"touDivNm=외지인(b); sido=areaCode, sigungu=signguCode",Together_with_my_dog_cityselection/fetch_tourapi.py:258 summarize_month()
51150,2026-04,20260402,55086.5,runs/api_candidates_sigungu_202509_202608/raw/20260401_20260430_p0002.xml,포함: 월별 visitors에 합산,"touDivNm=외지인(b); sido=areaCode, sigungu=signguCode",Together_with_my_dog_cityselection/fetch_tourapi.py:258 summarize_month()
51150,2026-04,20260403,78928.5,runs/api_candidates_sigungu_202509_202608/raw/20260401_20260430_p0003.xml,포함: 월별 visitors에 합산,"touDivNm=외지인(b); sido=areaCode, sigungu=signguCode",Together_with_my_dog_cityselection/fetch_tourapi.py:258 summarize_month()
51150,2026-04,20260404,117771.5,runs/api_candidates_sigungu_202509_202608/raw/20260401_20260430_p0004.xml,포함: 월별 visitors에 합산,"touDivNm=외지인(b); sido=areaCode, sigungu=signguCode",Together_with_my_dog_cityselection/fetch_tourapi.py:258 summarize_month()
51150,2026-04,20260405,110204.5,runs/api_candidates_sigungu_202509_202608/raw/20260401_20260430_p0004.xml,포함: 월별 visitors에 합산,"touDivNm=외지인(b); sido=areaCode, sigungu=signguCode",Together_with_my_dog_cityselection/fetch_tourapi.py:258 summarize_month()
51150,2026-04,20260406,68012.0,runs/api_candidates_sigungu_202509_202608/raw/20260401_20260430_p0005.xml,포함: 월별 visitors에 합산,"touDivNm=외지인(b); sido=areaCode, sigungu=signguCode",Together_with_my_dog_cityselection/fetch_tourapi.py:258 summarize_month()
51150,2026-04,20260407,68894.0,runs/api_candidates_sigungu_202509_202608/raw/20260401_20260430_p0006.xml,포함: 월별 visitors에 합산,"touDivNm=외지인(b); sido=areaCode, sigungu=signguCode",Together_with_my_dog_cityselection/fetch_tourapi.py:258 summarize_month()
51150,2026-04,20260408,68176.5,runs/api_candidates_sigungu_202509_202608/raw/20260401_20260430_p0007.xml,포함: 월별 visitors에 합산,"touDivNm=외지인(b); sido=areaCode, sigungu=signguCode",Together_with_my_dog_cityselection/fetch_tourapi.py:258 summarize_month()
51150,2026-04,20260409,64151.5,runs/api_candidates_sigungu_202509_202608/raw/20260401_20260430_p0008.xml,포함: 월별 visitors에 합산,"touDivNm=외지인(b); sido=areaCode, sigungu=signguCode",Together_with_my_dog_cityselection/fetch_tourapi.py:258 summarize_month()
51150,2026-04,20260410,81403.0,runs/api_candidates_sigungu_202509_202608/raw/20260401_20260430_p0008.xml,포함: 월별 visitors에 합산,"touDivNm=외지인(b); sido=areaCode, sigungu=signguCode",Together_with_my_dog_cityselection/fetch_tourapi.py:258 summarize_month()
51150,2026-04,20260411,131516.0,runs/api_candidates_sigungu_202509_202608/raw/20260401_20260430_p0009.xml,포함: 월별 visitors에 합산,"touDivNm=외지인(b); sido=areaCode, sigungu=signguCode",Together_with_my_dog_cityselection/fetch_tourapi.py:258 summarize_month()
51150,2026-04,20260412,109966.5,runs/api_candidates_sigungu_202509_202608/raw/20260401_20260430_p0010.xml,포함: 월별 visitors에 합산,"touDivNm=외지인(b); sido=areaCode, sigungu=signguCode",Together_with_my_dog_cityselection/fetch_tourapi.py:258 summarize_month()
51150,2026-04,20260413,67651.5,runs/api_candidates_sigungu_202509_202608/raw/20260401_20260430_p0011.xml,포함: 월별 visitors에 합산,"touDivNm=외지인(b); sido=areaCode, sigungu=signguCode",Together_with_my_dog_cityselection/fetch_tourapi.py:258 summarize_month()
51150,2026-04,20260414,64186.5,runs/api_candidates_sigungu_202509_202608/raw/20260401_20260430_p0012.xml,포함: 월별 visitors에 합산,"touDivNm=외지인(b); sido=areaCode, sigungu=signguCode",Together_with_my_dog_cityselection/fetch_tourapi.py:258 summarize_month()
51150,2026-04,20260415,62825.0,runs/api_candidates_sigungu_202509_202608/raw/20260401_20260430_p0012.xml,포함: 월별 visitors에 합산,"touDivNm=외지인(b); sido=areaCode, sigungu=signguCode",Together_with_my_dog_cityselection/fetch_tourapi.py:258 summarize_month()
51150,2026-04,20260416,65653.0,runs/api_candidates_sigungu_202509_202608/raw/20260401_20260430_p0013.xml,포함: 월별 visitors에 합산,"touDivNm=외지인(b); sido=areaCode, sigungu=signguCode",Together_with_my_dog_cityselection/fetch_tourapi.py:258 summarize_month()
51150,2026-04,20260417,82708.5,runs/api_candidates_sigungu_202509_202608/raw/20260401_20260430_p0014.xml,포함: 월별 visitors에 합산,"touDivNm=외지인(b); sido=areaCode, sigungu=signguCode",Together_with_my_dog_cityselection/fetch_tourapi.py:258 summarize_month()
51150,2026-04,20260418,128950.5,runs/api_candidates_sigungu_202509_202608/raw/20260401_20260430_p0015.xml,포함: 월별 visitors에 합산,"touDivNm=외지인(b); sido=areaCode, sigungu=signguCode",Together_with_my_dog_cityselection/fetch_tourapi.py:258 summarize_month()
51150,2026-04,20260419,108451.0,runs/api_candidates_sigungu_202509_202608/raw/20260401_20260430_p0016.xml,포함: 월별 visitors에 합산,"touDivNm=외지인(b); sido=areaCode, sigungu=signguCode",Together_with_my_dog_cityselection/fetch_tourapi.py:258 summarize_month()
51150,2026-04,20260420,67242.0,runs/api_candidates_sigungu_202509_202608/raw/20260401_20260430_p0016.xml,포함: 월별 visitors에 합산,"touDivNm=외지인(b); sido=areaCode, sigungu=signguCode",Together_with_my_dog_cityselection/fetch_tourapi.py:258 summarize_month()
51150,2026-04,20260421,65436.0,runs/api_candidates_sigungu_202509_202608/raw/20260401_20260430_p0017.xml,포함: 월별 visitors에 합산,"touDivNm=외지인(b); sido=areaCode, sigungu=signguCode",Together_with_my_dog_cityselection/fetch_tourapi.py:258 summarize_month()
51150,2026-04,20260422,65201.5,runs/api_candidates_sigungu_202509_202608/raw/20260401_20260430_p0018.xml,포함: 월별 visitors에 합산,"touDivNm=외지인(b); sido=areaCode, sigungu=signguCode",Together_with_my_dog_cityselection/fetch_tourapi.py:258 summarize_month()
51150,2026-04,20260423,67207.0,runs/api_candidates_sigungu_202509_202608/raw/20260401_20260430_p0019.xml,포함: 월별 visitors에 합산,"touDivNm=외지인(b); sido=areaCode, sigungu=signguCode",Together_with_my_dog_cityselection/fetch_tourapi.py:258 summarize_month()
51150,2026-04,20260424,85298.5,runs/api_candidates_sigungu_202509_202608/raw/20260401_20260430_p0020.xml,포함: 월별 visitors에 합산,"touDivNm=외지인(b); sido=areaCode, sigungu=signguCode",Together_with_my_dog_cityselection/fetch_tourapi.py:258 summarize_month()
51150,2026-04,20260425,133325.5,runs/api_candidates_sigungu_202509_202608/raw/20260401_20260430_p0021.xml,포함: 월별 visitors에 합산,"touDivNm=외지인(b); sido=areaCode, sigungu=signguCode",Together_with_my_dog_cityselection/fetch_tourapi.py:258 summarize_month()
51150,2026-04,20260426,114705.5,runs/api_candidates_sigungu_202509_202608/raw/20260401_20260430_p0021.xml,포함: 월별 visitors에 합산,"touDivNm=외지인(b); sido=areaCode, sigungu=signguCode",Together_with_my_dog_cityselection/fetch_tourapi.py:258 summarize_month()
51150,2026-04,20260427,69548.5,runs/api_candidates_sigungu_202509_202608/raw/20260401_20260430_p0022.xml,포함: 월별 visitors에 합산,"touDivNm=외지인(b); sido=areaCode, sigungu=signguCode",Together_with_my_dog_cityselection/fetch_tourapi.py:258 summarize_month()
51150,2026-04,20260428,65649.5,runs/api_candidates_sigungu_202509_202608/raw/20260401_20260430_p0023.xml,포함: 월별 visitors에 합산,"touDivNm=외지인(b); sido=areaCode, sigungu=signguCode",Together_with_my_dog_cityselection/fetch_tourapi.py:258 summarize_month()
51150,2026-04,20260429,71165.5,runs/api_candidates_sigungu_202509_202608/raw/20260401_20260430_p0024.xml,포함: 월별 visitors에 합산,"touDivNm=외지인(b); sido=areaCode, sigungu=signguCode",Together_with_my_dog_cityselection/fetch_tourapi.py:258 summarize_month()
51150,2026-04,20260430,92967.0,runs/api_candidates_sigungu_202509_202608/raw/20260401_20260430_p0025.xml,포함: 월별 visitors에 합산,"touDivNm=외지인(b); sido=areaCode, sigungu=signguCode",Together_with_my_dog_cityselection/fetch_tourapi.py:258 summarize_month()
51150,2026-05,20260501,172035.5,runs/api_candidates_sigungu_202509_202608/raw/20260501_20260531_p0001.xml,포함: 월별 visitors에 합산,"touDivNm=외지인(b); sido=areaCode, sigungu=signguCode",Together_with_my_dog_cityselection/fetch_tourapi.py:258 summarize_month()
51150,2026-05,20260502,201925.5,runs/api_candidates_sigungu_202509_202608/raw/20260501_20260531_p0002.xml,포함: 월별 visitors에 합산,"touDivNm=외지인(b); sido=areaCode, sigungu=signguCode",Together_with_my_dog_cityselection/fetch_tourapi.py:258 summarize_month()
51150,2026-05,20260503,162620.5,runs/api_candidates_sigungu_202509_202608/raw/20260501_20260531_p0003.xml,포함: 월별 visitors에 합산,"touDivNm=외지인(b); sido=areaCode, sigungu=signguCode",Together_with_my_dog_cityselection/fetch_tourapi.py:258 summarize_month()
51150,2026-05,20260504,128639.0,runs/api_candidates_sigungu_202509_202608/raw/20260501_20260531_p0004.xml,포함: 월별 visitors에 합산,"touDivNm=외지인(b); sido=areaCode, sigungu=signguCode",Together_with_my_dog_cityselection/fetch_tourapi.py:258 summarize_month()
51150,2026-05,20260505,105336.0,runs/api_candidates_sigungu_202509_202608/raw/20260501_20260531_p0004.xml,포함: 월별 visitors에 합산,"touDivNm=외지인(b); sido=areaCode, sigungu=signguCode",Together_with_my_dog_cityselection/fetch_tourapi.py:258 summarize_month()
51150,2026-05,20260506,60287.5,runs/api_candidates_sigungu_202509_202608/raw/20260501_20260531_p0005.xml,포함: 월별 visitors에 합산,"touDivNm=외지인(b); sido=areaCode, sigungu=signguCode",Together_with_my_dog_cityselection/fetch_tourapi.py:258 summarize_month()
51150,2026-05,20260507,61246.5,runs/api_candidates_sigungu_202509_202608/raw/20260501_20260531_p0006.xml,포함: 월별 visitors에 합산,"touDivNm=외지인(b); sido=areaCode, sigungu=signguCode",Together_with_my_dog_cityselection/fetch_tourapi.py:258 summarize_month()
51150,2026-05,20260508,79229.5,runs/api_candidates_sigungu_202509_202608/raw/20260501_20260531_p0007.xml,포함: 월별 visitors에 합산,"touDivNm=외지인(b); sido=areaCode, sigungu=signguCode",Together_with_my_dog_cityselection/fetch_tourapi.py:258 summarize_month()
51150,2026-05,20260509,124684.0,runs/api_candidates_sigungu_202509_202608/raw/20260501_20260531_p0008.xml,포함: 월별 visitors에 합산,"touDivNm=외지인(b); sido=areaCode, sigungu=signguCode",Together_with_my_dog_cityselection/fetch_tourapi.py:258 summarize_month()
51150,2026-05,20260510,114187.5,runs/api_candidates_sigungu_202509_202608/raw/20260501_20260531_p0008.xml,포함: 월별 visitors에 합산,"touDivNm=외지인(b); sido=areaCode, sigungu=signguCode",Together_with_my_dog_cityselection/fetch_tourapi.py:258 summarize_month()
51150,2026-05,20260511,68043.5,runs/api_candidates_sigungu_202509_202608/raw/20260501_20260531_p0009.xml,포함: 월별 visitors에 합산,"touDivNm=외지인(b); sido=areaCode, sigungu=signguCode",Together_with_my_dog_cityselection/fetch_tourapi.py:258 summarize_month()
51150,2026-05,20260512,68313.0,runs/api_candidates_sigungu_202509_202608/raw/20260501_20260531_p0010.xml,포함: 월별 visitors에 합산,"touDivNm=외지인(b); sido=areaCode, sigungu=signguCode",Together_with_my_dog_cityselection/fetch_tourapi.py:258 summarize_month()
51150,2026-05,20260513,67011.0,runs/api_candidates_sigungu_202509_202608/raw/20260501_20260531_p0011.xml,포함: 월별 visitors에 합산,"touDivNm=외지인(b); sido=areaCode, sigungu=signguCode",Together_with_my_dog_cityselection/fetch_tourapi.py:258 summarize_month()
51150,2026-05,20260514,68323.5,runs/api_candidates_sigungu_202509_202608/raw/20260501_20260531_p0012.xml,포함: 월별 visitors에 합산,"touDivNm=외지인(b); sido=areaCode, sigungu=signguCode",Together_with_my_dog_cityselection/fetch_tourapi.py:258 summarize_month()
51150,2026-05,20260515,86845.5,runs/api_candidates_sigungu_202509_202608/raw/20260501_20260531_p0012.xml,포함: 월별 visitors에 합산,"touDivNm=외지인(b); sido=areaCode, sigungu=signguCode",Together_with_my_dog_cityselection/fetch_tourapi.py:258 summarize_month()
51150,2026-05,20260516,130798.5,runs/api_candidates_sigungu_202509_202608/raw/20260501_20260531_p0013.xml,포함: 월별 visitors에 합산,"touDivNm=외지인(b); sido=areaCode, sigungu=signguCode",Together_with_my_dog_cityselection/fetch_tourapi.py:258 summarize_month()
51150,2026-05,20260517,115426.5,runs/api_candidates_sigungu_202509_202608/raw/20260501_20260531_p0014.xml,포함: 월별 visitors에 합산,"touDivNm=외지인(b); sido=areaCode, sigungu=signguCode",Together_with_my_dog_cityselection/fetch_tourapi.py:258 summarize_month()
51150,2026-05,20260518,72450.0,runs/api_candidates_sigungu_202509_202608/raw/20260501_20260531_p0015.xml,포함: 월별 visitors에 합산,"touDivNm=외지인(b); sido=areaCode, sigungu=signguCode",Together_with_my_dog_cityselection/fetch_tourapi.py:258 summarize_month()
51150,2026-05,20260519,69702.5,runs/api_candidates_sigungu_202509_202608/raw/20260501_20260531_p0016.xml,포함: 월별 visitors에 합산,"touDivNm=외지인(b); sido=areaCode, sigungu=signguCode",Together_with_my_dog_cityselection/fetch_tourapi.py:258 summarize_month()
51150,2026-05,20260520,63679.0,runs/api_candidates_sigungu_202509_202608/raw/20260501_20260531_p0016.xml,포함: 월별 visitors에 합산,"touDivNm=외지인(b); sido=areaCode, sigungu=signguCode",Together_with_my_dog_cityselection/fetch_tourapi.py:258 summarize_month()
51150,2026-05,20260521,64351.0,runs/api_candidates_sigungu_202509_202608/raw/20260501_20260531_p0017.xml,포함: 월별 visitors에 합산,"touDivNm=외지인(b); sido=areaCode, sigungu=signguCode",Together_with_my_dog_cityselection/fetch_tourapi.py:258 summarize_month()
51150,2026-05,20260522,92039.5,runs/api_candidates_sigungu_202509_202608/raw/20260501_20260531_p0018.xml,포함: 월별 visitors에 합산,"touDivNm=외지인(b); sido=areaCode, sigungu=signguCode",Together_with_my_dog_cityselection/fetch_tourapi.py:258 summarize_month()
51150,2026-05,20260523,161745.5,runs/api_candidates_sigungu_202509_202608/raw/20260501_20260531_p0019.xml,포함: 월별 visitors에 합산,"touDivNm=외지인(b); sido=areaCode, sigungu=signguCode",Together_with_my_dog_cityselection/fetch_tourapi.py:258 summarize_month()
51150,2026-05,20260524,192377.5,runs/api_candidates_sigungu_202509_202608/raw/20260501_20260531_p0020.xml,포함: 월별 visitors에 합산,"touDivNm=외지인(b); sido=areaCode, sigungu=signguCode",Together_with_my_dog_cityselection/fetch_tourapi.py:258 summarize_month()
51150,2026-05,20260525,134799.0,runs/api_candidates_sigungu_202509_202608/raw/20260501_20260531_p0021.xml,포함: 월별 visitors에 합산,"touDivNm=외지인(b); sido=areaCode, sigungu=signguCode",Together_with_my_dog_cityselection/fetch_tourapi.py:258 summarize_month()
51150,2026-05,20260526,68925.5,runs/api_candidates_sigungu_202509_202608/raw/20260501_20260531_p0021.xml,포함: 월별 visitors에 합산,"touDivNm=외지인(b); sido=areaCode, sigungu=signguCode",Together_with_my_dog_cityselection/fetch_tourapi.py:258 summarize_month()
51150,2026-05,20260527,65705.5,runs/api_candidates_sigungu_202509_202608/raw/20260501_20260531_p0022.xml,포함: 월별 visitors에 합산,"touDivNm=외지인(b); sido=areaCode, sigungu=signguCode",Together_with_my_dog_cityselection/fetch_tourapi.py:258 summarize_month()
51150,2026-05,20260528,70994.0,runs/api_candidates_sigungu_202509_202608/raw/20260501_20260531_p0023.xml,포함: 월별 visitors에 합산,"touDivNm=외지인(b); sido=areaCode, sigungu=signguCode",Together_with_my_dog_cityselection/fetch_tourapi.py:258 summarize_month()
51150,2026-05,20260529,85522.5,runs/api_candidates_sigungu_202509_202608/raw/20260501_20260531_p0024.xml,포함: 월별 visitors에 합산,"touDivNm=외지인(b); sido=areaCode, sigungu=signguCode",Together_with_my_dog_cityselection/fetch_tourapi.py:258 summarize_month()
51150,2026-05,20260530,124631.5,runs/api_candidates_sigungu_202509_202608/raw/20260501_20260531_p0025.xml,포함: 월별 visitors에 합산,"touDivNm=외지인(b); sido=areaCode, sigungu=signguCode",Together_with_my_dog_cityselection/fetch_tourapi.py:258 summarize_month()
51150,2026-05,20260531,109238.5,runs/api_candidates_sigungu_202509_202608/raw/20260501_20260531_p0025.xml,포함: 월별 visitors에 합산,"touDivNm=외지인(b); sido=areaCode, sigungu=signguCode",Together_with_my_dog_cityselection/fetch_tourapi.py:258 summarize_month()
51150,2026-06,20260601,62895.0,runs/api_candidates_sigungu_202509_202608/raw/20260601_20260630_p0001.xml,포함: 월별 visitors에 합산,"touDivNm=외지인(b); sido=areaCode, sigungu=signguCode",Together_with_my_dog_cityselection/fetch_tourapi.py:258 summarize_month()
51150,2026-06,20260602,70108.5,runs/api_candidates_sigungu_202509_202608/raw/20260601_20260630_p0002.xml,포함: 월별 visitors에 합산,"touDivNm=외지인(b); sido=areaCode, sigungu=signguCode",Together_with_my_dog_cityselection/fetch_tourapi.py:258 summarize_month()
51150,2026-06,20260603,78886.5,runs/api_candidates_sigungu_202509_202608/raw/20260601_20260630_p0003.xml,포함: 월별 visitors에 합산,"touDivNm=외지인(b); sido=areaCode, sigungu=signguCode",Together_with_my_dog_cityselection/fetch_tourapi.py:258 summarize_month()
51150,2026-06,20260604,64925.0,runs/api_candidates_sigungu_202509_202608/raw/20260601_20260630_p0004.xml,포함: 월별 visitors에 합산,"touDivNm=외지인(b); sido=areaCode, sigungu=signguCode",Together_with_my_dog_cityselection/fetch_tourapi.py:258 summarize_month()
51150,2026-06,20260605,83335.0,runs/api_candidates_sigungu_202509_202608/raw/20260601_20260630_p0004.xml,포함: 월별 visitors에 합산,"touDivNm=외지인(b); sido=areaCode, sigungu=signguCode",Together_with_my_dog_cityselection/fetch_tourapi.py:258 summarize_month()
51150,2026-06,20260606,130469.5,runs/api_candidates_sigungu_202509_202608/raw/20260601_20260630_p0005.xml,포함: 월별 visitors에 합산,"touDivNm=외지인(b); sido=areaCode, sigungu=signguCode",Together_with_my_dog_cityselection/fetch_tourapi.py:258 summarize_month()
51150,2026-06,20260607,104989.5,runs/api_candidates_sigungu_202509_202608/raw/20260601_20260630_p0006.xml,포함: 월별 visitors에 합산,"touDivNm=외지인(b); sido=areaCode, sigungu=signguCode",Together_with_my_dog_cityselection/fetch_tourapi.py:258 summarize_month()
51150,2026-06,20260608,65887.5,runs/api_candidates_sigungu_202509_202608/raw/20260601_20260630_p0007.xml,포함: 월별 visitors에 합산,"touDivNm=외지인(b); sido=areaCode, sigungu=signguCode",Together_with_my_dog_cityselection/fetch_tourapi.py:258 summarize_month()
51150,2026-06,20260609,66808.0,runs/api_candidates_sigungu_202509_202608/raw/20260601_20260630_p0008.xml,포함: 월별 visitors에 합산,"touDivNm=외지인(b); sido=areaCode, sigungu=signguCode",Together_with_my_dog_cityselection/fetch_tourapi.py:258 summarize_month()
51150,2026-06,20260610,65905.0,runs/api_candidates_sigungu_202509_202608/raw/20260601_20260630_p0008.xml,포함: 월별 visitors에 합산,"touDivNm=외지인(b); sido=areaCode, sigungu=signguCode",Together_with_my_dog_cityselection/fetch_tourapi.py:258 summarize_month()
51150,2026-06,20260611,69965.0,runs/api_candidates_sigungu_202509_202608/raw/20260601_20260630_p0009.xml,포함: 월별 visitors에 합산,"touDivNm=외지인(b); sido=areaCode, sigungu=signguCode",Together_with_my_dog_cityselection/fetch_tourapi.py:258 summarize_month()
51150,2026-06,20260612,86726.5,runs/api_candidates_sigungu_202509_202608/raw/20260601_20260630_p0010.xml,포함: 월별 visitors에 합산,"touDivNm=외지인(b); sido=areaCode, sigungu=signguCode",Together_with_my_dog_cityselection/fetch_tourapi.py:258 summarize_month()
51150,2026-06,20260613,134806.0,runs/api_candidates_sigungu_202509_202608/raw/20260601_20260630_p0011.xml,포함: 월별 visitors에 합산,"touDivNm=외지인(b); sido=areaCode, sigungu=signguCode",Together_with_my_dog_cityselection/fetch_tourapi.py:258 summarize_month()
51150,2026-06,20260614,117918.5,runs/api_candidates_sigungu_202509_202608/raw/20260601_20260630_p0012.xml,포함: 월별 visitors에 합산,"touDivNm=외지인(b); sido=areaCode, sigungu=signguCode",Together_with_my_dog_cityselection/fetch_tourapi.py:258 summarize_month()
51150,2026-06,20260615,82908.0,runs/api_candidates_sigungu_202509_202608/raw/20260601_20260630_p0012.xml,포함: 월별 visitors에 합산,"touDivNm=외지인(b); sido=areaCode, sigungu=signguCode",Together_with_my_dog_cityselection/fetch_tourapi.py:258 summarize_month()
51150,2026-06,20260616,80734.5,runs/api_candidates_sigungu_202509_202608/raw/20260601_20260630_p0013.xml,포함: 월별 visitors에 합산,"touDivNm=외지인(b); sido=areaCode, sigungu=signguCode",Together_with_my_dog_cityselection/fetch_tourapi.py:258 summarize_month()
51150,2026-06,20260617,81609.5,runs/api_candidates_sigungu_202509_202608/raw/20260601_20260630_p0014.xml,포함: 월별 visitors에 합산,"touDivNm=외지인(b); sido=areaCode, sigungu=signguCode",Together_with_my_dog_cityselection/fetch_tourapi.py:258 summarize_month()
51150,2026-06,20260618,86684.5,runs/api_candidates_sigungu_202509_202608/raw/20260601_20260630_p0015.xml,포함: 월별 visitors에 합산,"touDivNm=외지인(b); sido=areaCode, sigungu=signguCode",Together_with_my_dog_cityselection/fetch_tourapi.py:258 summarize_month()
51150,2026-06,20260619,111202.0,runs/api_candidates_sigungu_202509_202608/raw/20260601_20260630_p0016.xml,포함: 월별 visitors에 합산,"touDivNm=외지인(b); sido=areaCode, sigungu=signguCode",Together_with_my_dog_cityselection/fetch_tourapi.py:258 summarize_month()
51150,2026-06,20260620,143692.5,runs/api_candidates_sigungu_202509_202608/raw/20260601_20260630_p0016.xml,포함: 월별 visitors에 합산,"touDivNm=외지인(b); sido=areaCode, sigungu=signguCode",Together_with_my_dog_cityselection/fetch_tourapi.py:258 summarize_month()
51150,2026-06,20260621,137865.0,runs/api_candidates_sigungu_202509_202608/raw/20260601_20260630_p0017.xml,포함: 월별 visitors에 합산,"touDivNm=외지인(b); sido=areaCode, sigungu=signguCode",Together_with_my_dog_cityselection/fetch_tourapi.py:258 summarize_month()
51150,2026-06,20260622,92067.5,runs/api_candidates_sigungu_202509_202608/raw/20260601_20260630_p0018.xml,포함: 월별 visitors에 합산,"touDivNm=외지인(b); sido=areaCode, sigungu=signguCode",Together_with_my_dog_cityselection/fetch_tourapi.py:258 summarize_month()
51150,2026-06,20260623,83615.0,runs/api_candidates_sigungu_202509_202608/raw/20260601_20260630_p0019.xml,포함: 월별 visitors에 합산,"touDivNm=외지인(b); sido=areaCode, sigungu=signguCode",Together_with_my_dog_cityselection/fetch_tourapi.py:258 summarize_month()
51150,2026-06,20260624,80769.5,runs/api_candidates_sigungu_202509_202608/raw/20260601_20260630_p0020.xml,포함: 월별 visitors에 합산,"touDivNm=외지인(b); sido=areaCode, sigungu=signguCode",Together_with_my_dog_cityselection/fetch_tourapi.py:258 summarize_month()
51150,2026-06,20260625,77955.5,runs/api_candidates_sigungu_202509_202608/raw/20260601_20260630_p0021.xml,포함: 월별 visitors에 합산,"touDivNm=외지인(b); sido=areaCode, sigungu=signguCode",Together_with_my_dog_cityselection/fetch_tourapi.py:258 summarize_month()
51150,2026-06,20260626,100201.5,runs/api_candidates_sigungu_202509_202608/raw/20260601_20260630_p0021.xml,포함: 월별 visitors에 합산,"touDivNm=외지인(b); sido=areaCode, sigungu=signguCode",Together_with_my_dog_cityselection/fetch_tourapi.py:258 summarize_month()
51150,2026-06,20260627,145876.5,runs/api_candidates_sigungu_202509_202608/raw/20260601_20260630_p0022.xml,포함: 월별 visitors에 합산,"touDivNm=외지인(b); sido=areaCode, sigungu=signguCode",Together_with_my_dog_cityselection/fetch_tourapi.py:258 summarize_month()
51150,2026-06,20260628,131547.5,runs/api_candidates_sigungu_202509_202608/raw/20260601_20260630_p0023.xml,포함: 월별 visitors에 합산,"touDivNm=외지인(b); sido=areaCode, sigungu=signguCode",Together_with_my_dog_cityselection/fetch_tourapi.py:258 summarize_month()
51150,2026-06,20260629,88214.0,runs/api_candidates_sigungu_202509_202608/raw/20260601_20260630_p0024.xml,포함: 월별 visitors에 합산,"touDivNm=외지인(b); sido=areaCode, sigungu=signguCode",Together_with_my_dog_cityselection/fetch_tourapi.py:258 summarize_month()
51150,2026-06,20260630,82334.0,runs/api_candidates_sigungu_202509_202608/raw/20260601_20260630_p0025.xml,포함: 월별 visitors에 합산,"touDivNm=외지인(b); sido=areaCode, sigungu=signguCode",Together_with_my_dog_cityselection/fetch_tourapi.py:258 summarize_month()
51150,2026-07,20260701,68950.0,runs/api_candidates_sigungu_202509_202608/raw/20260701_20260731_p0001.xml,포함: 월별 visitors에 합산,"touDivNm=외지인(b); sido=areaCode, sigungu=signguCode",Together_with_my_dog_cityselection/fetch_tourapi.py:258 summarize_month()
51150,2026-07,20260702,70724.5,runs/api_candidates_sigungu_202509_202608/raw/20260701_20260731_p0002.xml,포함: 월별 visitors에 합산,"touDivNm=외지인(b); sido=areaCode, sigungu=signguCode",Together_with_my_dog_cityselection/fetch_tourapi.py:258 summarize_month()
51150,2026-07,20260703,92151.5,runs/api_candidates_sigungu_202509_202608/raw/20260701_20260731_p0003.xml,포함: 월별 visitors에 합산,"touDivNm=외지인(b); sido=areaCode, sigungu=signguCode",Together_with_my_dog_cityselection/fetch_tourapi.py:258 summarize_month()
51150,2026-07,20260704,139254.5,runs/api_candidates_sigungu_202509_202608/raw/20260701_20260731_p0004.xml,포함: 월별 visitors에 합산,"touDivNm=외지인(b); sido=areaCode, sigungu=signguCode",Together_with_my_dog_cityselection/fetch_tourapi.py:258 summarize_month()
51150,2026-07,20260705,121793.0,runs/api_candidates_sigungu_202509_202608/raw/20260701_20260731_p0004.xml,포함: 월별 visitors에 합산,"touDivNm=외지인(b); sido=areaCode, sigungu=signguCode",Together_with_my_dog_cityselection/fetch_tourapi.py:258 summarize_month()
51150,2026-07,20260706,74658.5,runs/api_candidates_sigungu_202509_202608/raw/20260701_20260731_p0005.xml,포함: 월별 visitors에 합산,"touDivNm=외지인(b); sido=areaCode, sigungu=signguCode",Together_with_my_dog_cityselection/fetch_tourapi.py:258 summarize_month()
51150,2026-07,20260707,72810.5,runs/api_candidates_sigungu_202509_202608/raw/20260701_20260731_p0006.xml,포함: 월별 visitors에 합산,"touDivNm=외지인(b); sido=areaCode, sigungu=signguCode",Together_with_my_dog_cityselection/fetch_tourapi.py:258 summarize_month()
51150,2026-07,20260708,70633.5,runs/api_candidates_sigungu_202509_202608/raw/20260701_20260731_p0007.xml,포함: 월별 visitors에 합산,"touDivNm=외지인(b); sido=areaCode, sigungu=signguCode",Together_with_my_dog_cityselection/fetch_tourapi.py:258 summarize_month()
51150,2026-07,20260709,71865.5,runs/api_candidates_sigungu_202509_202608/raw/20260701_20260731_p0008.xml,포함: 월별 visitors에 합산,"touDivNm=외지인(b); sido=areaCode, sigungu=signguCode",Together_with_my_dog_cityselection/fetch_tourapi.py:258 summarize_month()
51150,2026-07,20260710,94038.0,runs/api_candidates_sigungu_202509_202608/raw/20260701_20260731_p0008.xml,포함: 월별 visitors에 합산,"touDivNm=외지인(b); sido=areaCode, sigungu=signguCode",Together_with_my_dog_cityselection/fetch_tourapi.py:258 summarize_month()
51150,2026-07,20260711,137445.0,runs/api_candidates_sigungu_202509_202608/raw/20260701_20260731_p0009.xml,포함: 월별 visitors에 합산,"touDivNm=외지인(b); sido=areaCode, sigungu=signguCode",Together_with_my_dog_cityselection/fetch_tourapi.py:258 summarize_month()
51150,2026-07,20260712,129230.5,runs/api_candidates_sigungu_202509_202608/raw/20260701_20260731_p0010.xml,포함: 월별 visitors에 합산,"touDivNm=외지인(b); sido=areaCode, sigungu=signguCode",Together_with_my_dog_cityselection/fetch_tourapi.py:258 summarize_month()
51150,2026-07,20260713,86306.5,runs/api_candidates_sigungu_202509_202608/raw/20260701_20260731_p0011.xml,포함: 월별 visitors에 합산,"touDivNm=외지인(b); sido=areaCode, sigungu=signguCode",Together_with_my_dog_cityselection/fetch_tourapi.py:258 summarize_month()
51150,2026-07,20260714,83237.0,runs/api_candidates_sigungu_202509_202608/raw/20260701_20260731_p0012.xml,포함: 월별 visitors에 합산,"touDivNm=외지인(b); sido=areaCode, sigungu=signguCode",Together_with_my_dog_cityselection/fetch_tourapi.py:258 summarize_month()
51150,2026-07,20260715,78326.5,runs/api_candidates_sigungu_202509_202608/raw/20260701_20260731_p0013.xml,포함: 월별 visitors에 합산,"touDivNm=외지인(b); sido=areaCode, sigungu=signguCode",Together_with_my_dog_cityselection/fetch_tourapi.py:258 summarize_month()
51150,2026-07,20260716,104972.0,runs/api_candidates_sigungu_202509_202608/raw/20260701_20260731_p0013.xml,포함: 월별 visitors에 합산,"touDivNm=외지인(b); sido=areaCode, sigungu=signguCode",Together_with_my_dog_cityselection/fetch_tourapi.py:258 summarize_month()
51150,2026-07,20260717,175710.5,runs/api_candidates_sigungu_202509_202608/raw/20260701_20260731_p0014.xml,포함: 월별 visitors에 합산,"touDivNm=외지인(b); sido=areaCode, sigungu=signguCode",Together_with_my_dog_cityselection/fetch_tourapi.py:258 summarize_month()
51150,2026-07,20260718,160104.0,runs/api_candidates_sigungu_202509_202608/raw/20260701_20260731_p0015.xml,포함: 월별 visitors에 합산,"touDivNm=외지인(b); sido=areaCode, sigungu=signguCode",Together_with_my_dog_cityselection/fetch_tourapi.py:258 summarize_month()
51150,2026-07,20260719,122276.0,runs/api_candidates_sigungu_202509_202608/raw/20260701_20260731_p0016.xml,포함: 월별 visitors에 합산,"touDivNm=외지인(b); sido=areaCode, sigungu=signguCode",Together_with_my_dog_cityselection/fetch_tourapi.py:258 summarize_month()
51150,2026-07,20260720,76688.5,runs/api_candidates_sigungu_202509_202608/raw/20260701_20260731_p0017.xml,포함: 월별 visitors에 합산,"touDivNm=외지인(b); sido=areaCode, sigungu=signguCode",Together_with_my_dog_cityselection/fetch_tourapi.py:258 summarize_month()
51150,2026-07,20260721,78477.0,runs/api_candidates_sigungu_202509_202608/raw/20260701_20260731_p0017.xml,포함: 월별 visitors에 합산,"touDivNm=외지인(b); sido=areaCode, sigungu=signguCode",Together_with_my_dog_cityselection/fetch_tourapi.py:258 summarize_month()
51150,2026-07,20260722,80584.0,runs/api_candidates_sigungu_202509_202608/raw/20260701_20260731_p0018.xml,포함: 월별 visitors에 합산,"touDivNm=외지인(b); sido=areaCode, sigungu=signguCode",Together_with_my_dog_cityselection/fetch_tourapi.py:258 summarize_month()
51150,2026-07,20260723,88837.0,runs/api_candidates_sigungu_202509_202608/raw/20260701_20260731_p0019.xml,포함: 월별 visitors에 합산,"touDivNm=외지인(b); sido=areaCode, sigungu=signguCode",Together_with_my_dog_cityselection/fetch_tourapi.py:258 summarize_month()
51150,2026-07,20260724,107061.5,runs/api_candidates_sigungu_202509_202608/raw/20260701_20260731_p0020.xml,포함: 월별 visitors에 합산,"touDivNm=외지인(b); sido=areaCode, sigungu=signguCode",Together_with_my_dog_cityselection/fetch_tourapi.py:258 summarize_month()
51150,2026-07,20260725,142324.0,runs/api_candidates_sigungu_202509_202608/raw/20260701_20260731_p0021.xml,포함: 월별 visitors에 합산,"touDivNm=외지인(b); sido=areaCode, sigungu=signguCode",Together_with_my_dog_cityselection/fetch_tourapi.py:258 summarize_month()
51150,2026-07,20260726,139342.0,runs/api_candidates_sigungu_202509_202608/raw/20260701_20260731_p0021.xml,포함: 월별 visitors에 합산,"touDivNm=외지인(b); sido=areaCode, sigungu=signguCode",Together_with_my_dog_cityselection/fetch_tourapi.py:258 summarize_month()
51150,2026-07,20260727,117628.0,runs/api_candidates_sigungu_202509_202608/raw/20260701_20260731_p0022.xml,포함: 월별 visitors에 합산,"touDivNm=외지인(b); sido=areaCode, sigungu=signguCode",Together_with_my_dog_cityselection/fetch_tourapi.py:258 summarize_month()
51150,2026-07,20260728,118783.0,runs/api_candidates_sigungu_202509_202608/raw/20260701_20260731_p0023.xml,포함: 월별 visitors에 합산,"touDivNm=외지인(b); sido=areaCode, sigungu=signguCode",Together_with_my_dog_cityselection/fetch_tourapi.py:258 summarize_month()
51150,2026-07,20260729,127421.0,runs/api_candidates_sigungu_202509_202608/raw/20260701_20260731_p0024.xml,포함: 월별 visitors에 합산,"touDivNm=외지인(b); sido=areaCode, sigungu=signguCode",Together_with_my_dog_cityselection/fetch_tourapi.py:258 summarize_month()
51150,2026-07,20260730,140952.0,runs/api_candidates_sigungu_202509_202608/raw/20260701_20260731_p0025.xml,포함: 월별 visitors에 합산,"touDivNm=외지인(b); sido=areaCode, sigungu=signguCode",Together_with_my_dog_cityselection/fetch_tourapi.py:258 summarize_month()
51150,2026-07,20260731,162732.5,runs/api_candidates_sigungu_202509_202608/raw/20260701_20260731_p0025.xml,포함: 월별 visitors에 합산,"touDivNm=외지인(b); sido=areaCode, sigungu=signguCode",Together_with_my_dog_cityselection/fetch_tourapi.py:258 summarize_month()
51150,2026-08,20260801,190932.0,runs/api_candidates_sigungu_202509_202608/raw/20260801_20260831_p0001.xml,제외: 2026-08은 15일만 수집됨,"touDivNm=외지인(b); sido=areaCode, sigungu=signguCode",Together_with_my_dog_cityselection/fetch_tourapi.py:258 summarize_month()
51150,2026-08,20260802,180950.0,runs/api_candidates_sigungu_202509_202608/raw/20260801_20260831_p0002.xml,제외: 2026-08은 15일만 수집됨,"touDivNm=외지인(b); sido=areaCode, sigungu=signguCode",Together_with_my_dog_cityselection/fetch_tourapi.py:258 summarize_month()
51150,2026-08,20260803,155974.0,runs/api_candidates_sigungu_202509_202608/raw/20260801_20260831_p0003.xml,제외: 2026-08은 15일만 수집됨,"touDivNm=외지인(b); sido=areaCode, sigungu=signguCode",Together_with_my_dog_cityselection/fetch_tourapi.py:258 summarize_month()
51150,2026-08,20260804,139408.5,runs/api_candidates_sigungu_202509_202608/raw/20260801_20260831_p0004.xml,제외: 2026-08은 15일만 수집됨,"touDivNm=외지인(b); sido=areaCode, sigungu=signguCode",Together_with_my_dog_cityselection/fetch_tourapi.py:258 summarize_month()
51150,2026-08,20260805,123385.5,runs/api_candidates_sigungu_202509_202608/raw/20260801_20260831_p0004.xml,제외: 2026-08은 15일만 수집됨,"touDivNm=외지인(b); sido=areaCode, sigungu=signguCode",Together_with_my_dog_cityselection/fetch_tourapi.py:258 summarize_month()
51150,2026-08,20260806,118786.5,runs/api_candidates_sigungu_202509_202608/raw/20260801_20260831_p0005.xml,제외: 2026-08은 15일만 수집됨,"touDivNm=외지인(b); sido=areaCode, sigungu=signguCode",Together_with_my_dog_cityselection/fetch_tourapi.py:258 summarize_month()
51150,2026-08,20260807,133343.0,runs/api_candidates_sigungu_202509_202608/raw/20260801_20260831_p0006.xml,제외: 2026-08은 15일만 수집됨,"touDivNm=외지인(b); sido=areaCode, sigungu=signguCode",Together_with_my_dog_cityselection/fetch_tourapi.py:258 summarize_month()
51150,2026-08,20260808,146244.0,runs/api_candidates_sigungu_202509_202608/raw/20260801_20260831_p0007.xml,제외: 2026-08은 15일만 수집됨,"touDivNm=외지인(b); sido=areaCode, sigungu=signguCode",Together_with_my_dog_cityselection/fetch_tourapi.py:258 summarize_month()
51150,2026-08,20260809,130938.5,runs/api_candidates_sigungu_202509_202608/raw/20260801_20260831_p0008.xml,제외: 2026-08은 15일만 수집됨,"touDivNm=외지인(b); sido=areaCode, sigungu=signguCode",Together_with_my_dog_cityselection/fetch_tourapi.py:258 summarize_month()
51150,2026-08,20260810,110106.5,runs/api_candidates_sigungu_202509_202608/raw/20260801_20260831_p0008.xml,제외: 2026-08은 15일만 수집됨,"touDivNm=외지인(b); sido=areaCode, sigungu=signguCode",Together_with_my_dog_cityselection/fetch_tourapi.py:258 summarize_month()
51150,2026-08,20260811,110456.5,runs/api_candidates_sigungu_202509_202608/raw/20260801_20260831_p0009.xml,제외: 2026-08은 15일만 수집됨,"touDivNm=외지인(b); sido=areaCode, sigungu=signguCode",Together_with_my_dog_cityselection/fetch_tourapi.py:258 summarize_month()
51150,2026-08,20260812,104076.0,runs/api_candidates_sigungu_202509_202608/raw/20260801_20260831_p0010.xml,제외: 2026-08은 15일만 수집됨,"touDivNm=외지인(b); sido=areaCode, sigungu=signguCode",Together_with_my_dog_cityselection/fetch_tourapi.py:258 summarize_month()
51150,2026-08,20260813,106648.5,runs/api_candidates_sigungu_202509_202608/raw/20260801_20260831_p0011.xml,제외: 2026-08은 15일만 수집됨,"touDivNm=외지인(b); sido=areaCode, sigungu=signguCode",Together_with_my_dog_cityselection/fetch_tourapi.py:258 summarize_month()
51150,2026-08,20260814,135334.5,runs/api_candidates_sigungu_202509_202608/raw/20260801_20260831_p0012.xml,제외: 2026-08은 15일만 수집됨,"touDivNm=외지인(b); sido=areaCode, sigungu=signguCode",Together_with_my_dog_cityselection/fetch_tourapi.py:258 summarize_month()
51150,2026-08,20260815,209727.0,runs/api_candidates_sigungu_202509_202608/raw/20260801_20260831_p0013.xml,제외: 2026-08은 15일만 수집됨,"touDivNm=외지인(b); sido=areaCode, sigungu=signguCode",Together_with_my_dog_cityselection/fetch_tourapi.py:258 summarize_month()
52110,2025-09,20250901,174282.5,runs/api_candidates_sigungu_202509_202608/raw/20250901_20250930_p0001.xml,포함: 월별 visitors에 합산,"touDivNm=외지인(b); sido=areaCode, sigungu=signguCode",Together_with_my_dog_cityselection/fetch_tourapi.py:258 summarize_month()
52110,2025-09,20250902,182469.0,runs/api_candidates_sigungu_202509_202608/raw/20250901_20250930_p0002.xml,포함: 월별 visitors에 합산,"touDivNm=외지인(b); sido=areaCode, sigungu=signguCode",Together_with_my_dog_cityselection/fetch_tourapi.py:258 summarize_month()
52110,2025-09,20250903,184474.5,runs/api_candidates_sigungu_202509_202608/raw/20250901_20250930_p0003.xml,포함: 월별 visitors에 합산,"touDivNm=외지인(b); sido=areaCode, sigungu=signguCode",Together_with_my_dog_cityselection/fetch_tourapi.py:258 summarize_month()
52110,2025-09,20250904,190659.0,runs/api_candidates_sigungu_202509_202608/raw/20250901_20250930_p0004.xml,포함: 월별 visitors에 합산,"touDivNm=외지인(b); sido=areaCode, sigungu=signguCode",Together_with_my_dog_cityselection/fetch_tourapi.py:258 summarize_month()
52110,2025-09,20250905,210717.5,runs/api_candidates_sigungu_202509_202608/raw/20250901_20250930_p0004.xml,포함: 월별 visitors에 합산,"touDivNm=외지인(b); sido=areaCode, sigungu=signguCode",Together_with_my_dog_cityselection/fetch_tourapi.py:258 summarize_month()
52110,2025-09,20250906,262290.0,runs/api_candidates_sigungu_202509_202608/raw/20250901_20250930_p0005.xml,포함: 월별 visitors에 합산,"touDivNm=외지인(b); sido=areaCode, sigungu=signguCode",Together_with_my_dog_cityselection/fetch_tourapi.py:258 summarize_month()
52110,2025-09,20250907,203640.5,runs/api_candidates_sigungu_202509_202608/raw/20250901_20250930_p0006.xml,포함: 월별 visitors에 합산,"touDivNm=외지인(b); sido=areaCode, sigungu=signguCode",Together_with_my_dog_cityselection/fetch_tourapi.py:258 summarize_month()
52110,2025-09,20250908,190305.5,runs/api_candidates_sigungu_202509_202608/raw/20250901_20250930_p0007.xml,포함: 월별 visitors에 합산,"touDivNm=외지인(b); sido=areaCode, sigungu=signguCode",Together_with_my_dog_cityselection/fetch_tourapi.py:258 summarize_month()
52110,2025-09,20250909,196203.0,runs/api_candidates_sigungu_202509_202608/raw/20250901_20250930_p0008.xml,포함: 월별 visitors에 합산,"touDivNm=외지인(b); sido=areaCode, sigungu=signguCode",Together_with_my_dog_cityselection/fetch_tourapi.py:258 summarize_month()
52110,2025-09,20250910,202324.5,runs/api_candidates_sigungu_202509_202608/raw/20250901_20250930_p0008.xml,포함: 월별 visitors에 합산,"touDivNm=외지인(b); sido=areaCode, sigungu=signguCode",Together_with_my_dog_cityselection/fetch_tourapi.py:258 summarize_month()
52110,2025-09,20250911,206055.5,runs/api_candidates_sigungu_202509_202608/raw/20250901_20250930_p0009.xml,포함: 월별 visitors에 합산,"touDivNm=외지인(b); sido=areaCode, sigungu=signguCode",Together_with_my_dog_cityselection/fetch_tourapi.py:258 summarize_month()
52110,2025-09,20250912,220444.0,runs/api_candidates_sigungu_202509_202608/raw/20250901_20250930_p0010.xml,포함: 월별 visitors에 합산,"touDivNm=외지인(b); sido=areaCode, sigungu=signguCode",Together_with_my_dog_cityselection/fetch_tourapi.py:258 summarize_month()
52110,2025-09,20250913,275317.0,runs/api_candidates_sigungu_202509_202608/raw/20250901_20250930_p0011.xml,포함: 월별 visitors에 합산,"touDivNm=외지인(b); sido=areaCode, sigungu=signguCode",Together_with_my_dog_cityselection/fetch_tourapi.py:258 summarize_month()
52110,2025-09,20250914,224668.5,runs/api_candidates_sigungu_202509_202608/raw/20250901_20250930_p0012.xml,포함: 월별 visitors에 합산,"touDivNm=외지인(b); sido=areaCode, sigungu=signguCode",Together_with_my_dog_cityselection/fetch_tourapi.py:258 summarize_month()
52110,2025-09,20250915,204123.5,runs/api_candidates_sigungu_202509_202608/raw/20250901_20250930_p0012.xml,포함: 월별 visitors에 합산,"touDivNm=외지인(b); sido=areaCode, sigungu=signguCode",Together_with_my_dog_cityselection/fetch_tourapi.py:258 summarize_month()
52110,2025-09,20250916,203126.0,runs/api_candidates_sigungu_202509_202608/raw/20250901_20250930_p0013.xml,포함: 월별 visitors에 합산,"touDivNm=외지인(b); sido=areaCode, sigungu=signguCode",Together_with_my_dog_cityselection/fetch_tourapi.py:258 summarize_month()
52110,2025-09,20250917,200497.5,runs/api_candidates_sigungu_202509_202608/raw/20250901_20250930_p0014.xml,포함: 월별 visitors에 합산,"touDivNm=외지인(b); sido=areaCode, sigungu=signguCode",Together_with_my_dog_cityselection/fetch_tourapi.py:258 summarize_month()
52110,2025-09,20250918,211008.0,runs/api_candidates_sigungu_202509_202608/raw/20250901_20250930_p0015.xml,포함: 월별 visitors에 합산,"touDivNm=외지인(b); sido=areaCode, sigungu=signguCode",Together_with_my_dog_cityselection/fetch_tourapi.py:258 summarize_month()
52110,2025-09,20250919,231441.0,runs/api_candidates_sigungu_202509_202608/raw/20250901_20250930_p0016.xml,포함: 월별 visitors에 합산,"touDivNm=외지인(b); sido=areaCode, sigungu=signguCode",Together_with_my_dog_cityselection/fetch_tourapi.py:258 summarize_month()
52110,2025-09,20250920,284613.0,runs/api_candidates_sigungu_202509_202608/raw/20250901_20250930_p0016.xml,포함: 월별 visitors에 합산,"touDivNm=외지인(b); sido=areaCode, sigungu=signguCode",Together_with_my_dog_cityselection/fetch_tourapi.py:258 summarize_month()
52110,2025-09,20250921,234129.0,runs/api_candidates_sigungu_202509_202608/raw/20250901_20250930_p0017.xml,포함: 월별 visitors에 합산,"touDivNm=외지인(b); sido=areaCode, sigungu=signguCode",Together_with_my_dog_cityselection/fetch_tourapi.py:258 summarize_month()
52110,2025-09,20250922,212527.0,runs/api_candidates_sigungu_202509_202608/raw/20250901_20250930_p0018.xml,포함: 월별 visitors에 합산,"touDivNm=외지인(b); sido=areaCode, sigungu=signguCode",Together_with_my_dog_cityselection/fetch_tourapi.py:258 summarize_month()
52110,2025-09,20250923,217633.5,runs/api_candidates_sigungu_202509_202608/raw/20250901_20250930_p0019.xml,포함: 월별 visitors에 합산,"touDivNm=외지인(b); sido=areaCode, sigungu=signguCode",Together_with_my_dog_cityselection/fetch_tourapi.py:258 summarize_month()
52110,2025-09,20250924,215876.5,runs/api_candidates_sigungu_202509_202608/raw/20250901_20250930_p0019.xml,포함: 월별 visitors에 합산,"touDivNm=외지인(b); sido=areaCode, sigungu=signguCode",Together_with_my_dog_cityselection/fetch_tourapi.py:258 summarize_month()
52110,2025-09,20250925,222089.0,runs/api_candidates_sigungu_202509_202608/raw/20250901_20250930_p0020.xml,포함: 월별 visitors에 합산,"touDivNm=외지인(b); sido=areaCode, sigungu=signguCode",Together_with_my_dog_cityselection/fetch_tourapi.py:258 summarize_month()
52110,2025-09,20250926,244286.0,runs/api_candidates_sigungu_202509_202608/raw/20250901_20250930_p0021.xml,포함: 월별 visitors에 합산,"touDivNm=외지인(b); sido=areaCode, sigungu=signguCode",Together_with_my_dog_cityselection/fetch_tourapi.py:258 summarize_month()
52110,2025-09,20250927,279671.0,runs/api_candidates_sigungu_202509_202608/raw/20250901_20250930_p0022.xml,포함: 월별 visitors에 합산,"touDivNm=외지인(b); sido=areaCode, sigungu=signguCode",Together_with_my_dog_cityselection/fetch_tourapi.py:258 summarize_month()
52110,2025-09,20250928,216923.0,runs/api_candidates_sigungu_202509_202608/raw/20250901_20250930_p0023.xml,포함: 월별 visitors에 합산,"touDivNm=외지인(b); sido=areaCode, sigungu=signguCode",Together_with_my_dog_cityselection/fetch_tourapi.py:258 summarize_month()
52110,2025-09,20250929,216377.0,runs/api_candidates_sigungu_202509_202608/raw/20250901_20250930_p0023.xml,포함: 월별 visitors에 합산,"touDivNm=외지인(b); sido=areaCode, sigungu=signguCode",Together_with_my_dog_cityselection/fetch_tourapi.py:258 summarize_month()
52110,2025-09,20250930,226940.0,runs/api_candidates_sigungu_202509_202608/raw/20250901_20250930_p0024.xml,포함: 월별 visitors에 합산,"touDivNm=외지인(b); sido=areaCode, sigungu=signguCode",Together_with_my_dog_cityselection/fetch_tourapi.py:258 summarize_month()
52110,2025-10,20251001,176361.5,runs/api_candidates_sigungu_202509_202608/raw/20251001_20251031_p0001.xml,포함: 월별 visitors에 합산,"touDivNm=외지인(b); sido=areaCode, sigungu=signguCode",Together_with_my_dog_cityselection/fetch_tourapi.py:258 summarize_month()
52110,2025-10,20251002,208761.0,runs/api_candidates_sigungu_202509_202608/raw/20251001_20251031_p0002.xml,포함: 월별 visitors에 합산,"touDivNm=외지인(b); sido=areaCode, sigungu=signguCode",Together_with_my_dog_cityselection/fetch_tourapi.py:258 summarize_month()
52110,2025-10,20251003,258331.5,runs/api_candidates_sigungu_202509_202608/raw/20251001_20251031_p0003.xml,포함: 월별 visitors에 합산,"touDivNm=외지인(b); sido=areaCode, sigungu=signguCode",Together_with_my_dog_cityselection/fetch_tourapi.py:258 summarize_month()
52110,2025-10,20251004,323494.5,runs/api_candidates_sigungu_202509_202608/raw/20251001_20251031_p0004.xml,포함: 월별 visitors에 합산,"touDivNm=외지인(b); sido=areaCode, sigungu=signguCode",Together_with_my_dog_cityselection/fetch_tourapi.py:258 summarize_month()
52110,2025-10,20251005,353710.0,runs/api_candidates_sigungu_202509_202608/raw/20251001_20251031_p0004.xml,포함: 월별 visitors에 합산,"touDivNm=외지인(b); sido=areaCode, sigungu=signguCode",Together_with_my_dog_cityselection/fetch_tourapi.py:258 summarize_month()
52110,2025-10,20251006,387082.5,runs/api_candidates_sigungu_202509_202608/raw/20251001_20251031_p0005.xml,포함: 월별 visitors에 합산,"touDivNm=외지인(b); sido=areaCode, sigungu=signguCode",Together_with_my_dog_cityselection/fetch_tourapi.py:258 summarize_month()
52110,2025-10,20251007,356457.5,runs/api_candidates_sigungu_202509_202608/raw/20251001_20251031_p0006.xml,포함: 월별 visitors에 합산,"touDivNm=외지인(b); sido=areaCode, sigungu=signguCode",Together_with_my_dog_cityselection/fetch_tourapi.py:258 summarize_month()
52110,2025-10,20251008,308962.5,runs/api_candidates_sigungu_202509_202608/raw/20251001_20251031_p0007.xml,포함: 월별 visitors에 합산,"touDivNm=외지인(b); sido=areaCode, sigungu=signguCode",Together_with_my_dog_cityselection/fetch_tourapi.py:258 summarize_month()
52110,2025-10,20251009,247999.5,runs/api_candidates_sigungu_202509_202608/raw/20251001_20251031_p0008.xml,포함: 월별 visitors에 합산,"touDivNm=외지인(b); sido=areaCode, sigungu=signguCode",Together_with_my_dog_cityselection/fetch_tourapi.py:258 summarize_month()
52110,2025-10,20251010,225851.5,runs/api_candidates_sigungu_202509_202608/raw/20251001_20251031_p0008.xml,포함: 월별 visitors에 합산,"touDivNm=외지인(b); sido=areaCode, sigungu=signguCode",Together_with_my_dog_cityselection/fetch_tourapi.py:258 summarize_month()
52110,2025-10,20251011,237492.5,runs/api_candidates_sigungu_202509_202608/raw/20251001_20251031_p0009.xml,포함: 월별 visitors에 합산,"touDivNm=외지인(b); sido=areaCode, sigungu=signguCode",Together_with_my_dog_cityselection/fetch_tourapi.py:258 summarize_month()
52110,2025-10,20251012,185349.5,runs/api_candidates_sigungu_202509_202608/raw/20251001_20251031_p0010.xml,포함: 월별 visitors에 합산,"touDivNm=외지인(b); sido=areaCode, sigungu=signguCode",Together_with_my_dog_cityselection/fetch_tourapi.py:258 summarize_month()
52110,2025-10,20251013,166589.5,runs/api_candidates_sigungu_202509_202608/raw/20251001_20251031_p0011.xml,포함: 월별 visitors에 합산,"touDivNm=외지인(b); sido=areaCode, sigungu=signguCode",Together_with_my_dog_cityselection/fetch_tourapi.py:258 summarize_month()
52110,2025-10,20251014,179861.5,runs/api_candidates_sigungu_202509_202608/raw/20251001_20251031_p0012.xml,포함: 월별 visitors에 합산,"touDivNm=외지인(b); sido=areaCode, sigungu=signguCode",Together_with_my_dog_cityselection/fetch_tourapi.py:258 summarize_month()
52110,2025-10,20251015,177891.0,runs/api_candidates_sigungu_202509_202608/raw/20251001_20251031_p0012.xml,포함: 월별 visitors에 합산,"touDivNm=외지인(b); sido=areaCode, sigungu=signguCode",Together_with_my_dog_cityselection/fetch_tourapi.py:258 summarize_month()
52110,2025-10,20251016,178479.0,runs/api_candidates_sigungu_202509_202608/raw/20251001_20251031_p0013.xml,포함: 월별 visitors에 합산,"touDivNm=외지인(b); sido=areaCode, sigungu=signguCode",Together_with_my_dog_cityselection/fetch_tourapi.py:258 summarize_month()
52110,2025-10,20251017,207389.0,runs/api_candidates_sigungu_202509_202608/raw/20251001_20251031_p0014.xml,포함: 월별 visitors에 합산,"touDivNm=외지인(b); sido=areaCode, sigungu=signguCode",Together_with_my_dog_cityselection/fetch_tourapi.py:258 summarize_month()
52110,2025-10,20251018,275873.5,runs/api_candidates_sigungu_202509_202608/raw/20251001_20251031_p0015.xml,포함: 월별 visitors에 합산,"touDivNm=외지인(b); sido=areaCode, sigungu=signguCode",Together_with_my_dog_cityselection/fetch_tourapi.py:258 summarize_month()
52110,2025-10,20251019,223212.5,runs/api_candidates_sigungu_202509_202608/raw/20251001_20251031_p0016.xml,포함: 월별 visitors에 합산,"touDivNm=외지인(b); sido=areaCode, sigungu=signguCode",Together_with_my_dog_cityselection/fetch_tourapi.py:258 summarize_month()
52110,2025-10,20251020,180281.5,runs/api_candidates_sigungu_202509_202608/raw/20251001_20251031_p0016.xml,포함: 월별 visitors에 합산,"touDivNm=외지인(b); sido=areaCode, sigungu=signguCode",Together_with_my_dog_cityselection/fetch_tourapi.py:258 summarize_month()
52110,2025-10,20251021,180162.5,runs/api_candidates_sigungu_202509_202608/raw/20251001_20251031_p0017.xml,포함: 월별 visitors에 합산,"touDivNm=외지인(b); sido=areaCode, sigungu=signguCode",Together_with_my_dog_cityselection/fetch_tourapi.py:258 summarize_month()
52110,2025-10,20251022,188356.0,runs/api_candidates_sigungu_202509_202608/raw/20251001_20251031_p0018.xml,포함: 월별 visitors에 합산,"touDivNm=외지인(b); sido=areaCode, sigungu=signguCode",Together_with_my_dog_cityselection/fetch_tourapi.py:258 summarize_month()
52110,2025-10,20251023,195223.0,runs/api_candidates_sigungu_202509_202608/raw/20251001_20251031_p0019.xml,포함: 월별 visitors에 합산,"touDivNm=외지인(b); sido=areaCode, sigungu=signguCode",Together_with_my_dog_cityselection/fetch_tourapi.py:258 summarize_month()
52110,2025-10,20251024,222719.0,runs/api_candidates_sigungu_202509_202608/raw/20251001_20251031_p0019.xml,포함: 월별 visitors에 합산,"touDivNm=외지인(b); sido=areaCode, sigungu=signguCode",Together_with_my_dog_cityselection/fetch_tourapi.py:258 summarize_month()
52110,2025-10,20251025,290237.5,runs/api_candidates_sigungu_202509_202608/raw/20251001_20251031_p0020.xml,포함: 월별 visitors에 합산,"touDivNm=외지인(b); sido=areaCode, sigungu=signguCode",Together_with_my_dog_cityselection/fetch_tourapi.py:258 summarize_month()
52110,2025-10,20251026,232344.0,runs/api_candidates_sigungu_202509_202608/raw/20251001_20251031_p0021.xml,포함: 월별 visitors에 합산,"touDivNm=외지인(b); sido=areaCode, sigungu=signguCode",Together_with_my_dog_cityselection/fetch_tourapi.py:258 summarize_month()
52110,2025-10,20251027,185587.5,runs/api_candidates_sigungu_202509_202608/raw/20251001_20251031_p0022.xml,포함: 월별 visitors에 합산,"touDivNm=외지인(b); sido=areaCode, sigungu=signguCode",Together_with_my_dog_cityselection/fetch_tourapi.py:258 summarize_month()
52110,2025-10,20251028,188685.0,runs/api_candidates_sigungu_202509_202608/raw/20251001_20251031_p0023.xml,포함: 월별 visitors에 합산,"touDivNm=외지인(b); sido=areaCode, sigungu=signguCode",Together_with_my_dog_cityselection/fetch_tourapi.py:258 summarize_month()
52110,2025-10,20251029,193697.0,runs/api_candidates_sigungu_202509_202608/raw/20251001_20251031_p0023.xml,포함: 월별 visitors에 합산,"touDivNm=외지인(b); sido=areaCode, sigungu=signguCode",Together_with_my_dog_cityselection/fetch_tourapi.py:258 summarize_month()
52110,2025-10,20251030,200273.5,runs/api_candidates_sigungu_202509_202608/raw/20251001_20251031_p0024.xml,포함: 월별 visitors에 합산,"touDivNm=외지인(b); sido=areaCode, sigungu=signguCode",Together_with_my_dog_cityselection/fetch_tourapi.py:258 summarize_month()
52110,2025-10,20251031,229568.5,runs/api_candidates_sigungu_202509_202608/raw/20251001_20251031_p0025.xml,포함: 월별 visitors에 합산,"touDivNm=외지인(b); sido=areaCode, sigungu=signguCode",Together_with_my_dog_cityselection/fetch_tourapi.py:258 summarize_month()
52110,2025-11,20251101,271243.0,runs/api_candidates_sigungu_202509_202608/raw/20251101_20251130_p0001.xml,포함: 월별 visitors에 합산,"touDivNm=외지인(b); sido=areaCode, sigungu=signguCode",Together_with_my_dog_cityselection/fetch_tourapi.py:258 summarize_month()
52110,2025-11,20251102,222824.0,runs/api_candidates_sigungu_202509_202608/raw/20251101_20251130_p0002.xml,포함: 월별 visitors에 합산,"touDivNm=외지인(b); sido=areaCode, sigungu=signguCode",Together_with_my_dog_cityselection/fetch_tourapi.py:258 summarize_month()
52110,2025-11,20251103,176004.5,runs/api_candidates_sigungu_202509_202608/raw/20251101_20251130_p0003.xml,포함: 월별 visitors에 합산,"touDivNm=외지인(b); sido=areaCode, sigungu=signguCode",Together_with_my_dog_cityselection/fetch_tourapi.py:258 summarize_month()
52110,2025-11,20251104,182003.5,runs/api_candidates_sigungu_202509_202608/raw/20251101_20251130_p0004.xml,포함: 월별 visitors에 합산,"touDivNm=외지인(b); sido=areaCode, sigungu=signguCode",Together_with_my_dog_cityselection/fetch_tourapi.py:258 summarize_month()
52110,2025-11,20251105,185129.0,runs/api_candidates_sigungu_202509_202608/raw/20251101_20251130_p0004.xml,포함: 월별 visitors에 합산,"touDivNm=외지인(b); sido=areaCode, sigungu=signguCode",Together_with_my_dog_cityselection/fetch_tourapi.py:258 summarize_month()
52110,2025-11,20251106,189605.5,runs/api_candidates_sigungu_202509_202608/raw/20251101_20251130_p0005.xml,포함: 월별 visitors에 합산,"touDivNm=외지인(b); sido=areaCode, sigungu=signguCode",Together_with_my_dog_cityselection/fetch_tourapi.py:258 summarize_month()
52110,2025-11,20251107,212072.0,runs/api_candidates_sigungu_202509_202608/raw/20251101_20251130_p0006.xml,포함: 월별 visitors에 합산,"touDivNm=외지인(b); sido=areaCode, sigungu=signguCode",Together_with_my_dog_cityselection/fetch_tourapi.py:258 summarize_month()
52110,2025-11,20251108,282922.5,runs/api_candidates_sigungu_202509_202608/raw/20251101_20251130_p0007.xml,포함: 월별 visitors에 합산,"touDivNm=외지인(b); sido=areaCode, sigungu=signguCode",Together_with_my_dog_cityselection/fetch_tourapi.py:258 summarize_month()
52110,2025-11,20251109,228207.0,runs/api_candidates_sigungu_202509_202608/raw/20251101_20251130_p0008.xml,포함: 월별 visitors에 합산,"touDivNm=외지인(b); sido=areaCode, sigungu=signguCode",Together_with_my_dog_cityselection/fetch_tourapi.py:258 summarize_month()
52110,2025-11,20251110,186000.5,runs/api_candidates_sigungu_202509_202608/raw/20251101_20251130_p0008.xml,포함: 월별 visitors에 합산,"touDivNm=외지인(b); sido=areaCode, sigungu=signguCode",Together_with_my_dog_cityselection/fetch_tourapi.py:258 summarize_month()
52110,2025-11,20251111,192010.0,runs/api_candidates_sigungu_202509_202608/raw/20251101_20251130_p0009.xml,포함: 월별 visitors에 합산,"touDivNm=외지인(b); sido=areaCode, sigungu=signguCode",Together_with_my_dog_cityselection/fetch_tourapi.py:258 summarize_month()
52110,2025-11,20251112,192216.5,runs/api_candidates_sigungu_202509_202608/raw/20251101_20251130_p0010.xml,포함: 월별 visitors에 합산,"touDivNm=외지인(b); sido=areaCode, sigungu=signguCode",Together_with_my_dog_cityselection/fetch_tourapi.py:258 summarize_month()
52110,2025-11,20251113,203350.0,runs/api_candidates_sigungu_202509_202608/raw/20251101_20251130_p0011.xml,포함: 월별 visitors에 합산,"touDivNm=외지인(b); sido=areaCode, sigungu=signguCode",Together_with_my_dog_cityselection/fetch_tourapi.py:258 summarize_month()
52110,2025-11,20251114,224483.0,runs/api_candidates_sigungu_202509_202608/raw/20251101_20251130_p0012.xml,포함: 월별 visitors에 합산,"touDivNm=외지인(b); sido=areaCode, sigungu=signguCode",Together_with_my_dog_cityselection/fetch_tourapi.py:258 summarize_month()
52110,2025-11,20251115,284928.0,runs/api_candidates_sigungu_202509_202608/raw/20251101_20251130_p0012.xml,포함: 월별 visitors에 합산,"touDivNm=외지인(b); sido=areaCode, sigungu=signguCode",Together_with_my_dog_cityselection/fetch_tourapi.py:258 summarize_month()
52110,2025-11,20251116,238955.5,runs/api_candidates_sigungu_202509_202608/raw/20251101_20251130_p0013.xml,포함: 월별 visitors에 합산,"touDivNm=외지인(b); sido=areaCode, sigungu=signguCode",Together_with_my_dog_cityselection/fetch_tourapi.py:258 summarize_month()
52110,2025-11,20251117,190288.0,runs/api_candidates_sigungu_202509_202608/raw/20251101_20251130_p0014.xml,포함: 월별 visitors에 합산,"touDivNm=외지인(b); sido=areaCode, sigungu=signguCode",Together_with_my_dog_cityselection/fetch_tourapi.py:258 summarize_month()
52110,2025-11,20251118,192535.0,runs/api_candidates_sigungu_202509_202608/raw/20251101_20251130_p0015.xml,포함: 월별 visitors에 합산,"touDivNm=외지인(b); sido=areaCode, sigungu=signguCode",Together_with_my_dog_cityselection/fetch_tourapi.py:258 summarize_month()
52110,2025-11,20251119,194215.0,runs/api_candidates_sigungu_202509_202608/raw/20251101_20251130_p0016.xml,포함: 월별 visitors에 합산,"touDivNm=외지인(b); sido=areaCode, sigungu=signguCode",Together_with_my_dog_cityselection/fetch_tourapi.py:258 summarize_month()
52110,2025-11,20251120,203063.0,runs/api_candidates_sigungu_202509_202608/raw/20251101_20251130_p0016.xml,포함: 월별 visitors에 합산,"touDivNm=외지인(b); sido=areaCode, sigungu=signguCode",Together_with_my_dog_cityselection/fetch_tourapi.py:258 summarize_month()
52110,2025-11,20251121,225648.5,runs/api_candidates_sigungu_202509_202608/raw/20251101_20251130_p0017.xml,포함: 월별 visitors에 합산,"touDivNm=외지인(b); sido=areaCode, sigungu=signguCode",Together_with_my_dog_cityselection/fetch_tourapi.py:258 summarize_month()
52110,2025-11,20251122,279944.0,runs/api_candidates_sigungu_202509_202608/raw/20251101_20251130_p0018.xml,포함: 월별 visitors에 합산,"touDivNm=외지인(b); sido=areaCode, sigungu=signguCode",Together_with_my_dog_cityselection/fetch_tourapi.py:258 summarize_month()
52110,2025-11,20251123,228270.0,runs/api_candidates_sigungu_202509_202608/raw/20251101_20251130_p0019.xml,포함: 월별 visitors에 합산,"touDivNm=외지인(b); sido=areaCode, sigungu=signguCode",Together_with_my_dog_cityselection/fetch_tourapi.py:258 summarize_month()
52110,2025-11,20251124,197564.5,runs/api_candidates_sigungu_202509_202608/raw/20251101_20251130_p0019.xml,포함: 월별 visitors에 합산,"touDivNm=외지인(b); sido=areaCode, sigungu=signguCode",Together_with_my_dog_cityselection/fetch_tourapi.py:258 summarize_month()
52110,2025-11,20251125,194064.5,runs/api_candidates_sigungu_202509_202608/raw/20251101_20251130_p0020.xml,포함: 월별 visitors에 합산,"touDivNm=외지인(b); sido=areaCode, sigungu=signguCode",Together_with_my_dog_cityselection/fetch_tourapi.py:258 summarize_month()
52110,2025-11,20251126,201099.5,runs/api_candidates_sigungu_202509_202608/raw/20251101_20251130_p0021.xml,포함: 월별 visitors에 합산,"touDivNm=외지인(b); sido=areaCode, sigungu=signguCode",Together_with_my_dog_cityselection/fetch_tourapi.py:258 summarize_month()
52110,2025-11,20251127,198803.5,runs/api_candidates_sigungu_202509_202608/raw/20251101_20251130_p0022.xml,포함: 월별 visitors에 합산,"touDivNm=외지인(b); sido=areaCode, sigungu=signguCode",Together_with_my_dog_cityselection/fetch_tourapi.py:258 summarize_month()
52110,2025-11,20251128,231591.5,runs/api_candidates_sigungu_202509_202608/raw/20251101_20251130_p0023.xml,포함: 월별 visitors에 합산,"touDivNm=외지인(b); sido=areaCode, sigungu=signguCode",Together_with_my_dog_cityselection/fetch_tourapi.py:258 summarize_month()
52110,2025-11,20251129,286923.0,runs/api_candidates_sigungu_202509_202608/raw/20251101_20251130_p0023.xml,포함: 월별 visitors에 합산,"touDivNm=외지인(b); sido=areaCode, sigungu=signguCode",Together_with_my_dog_cityselection/fetch_tourapi.py:258 summarize_month()
52110,2025-11,20251130,249172.0,runs/api_candidates_sigungu_202509_202608/raw/20251101_20251130_p0024.xml,포함: 월별 visitors에 합산,"touDivNm=외지인(b); sido=areaCode, sigungu=signguCode",Together_with_my_dog_cityselection/fetch_tourapi.py:258 summarize_month()
52110,2025-12,20251201,164073.0,runs/api_candidates_sigungu_202509_202608/raw/20251201_20251231_p0001.xml,포함: 월별 visitors에 합산,"touDivNm=외지인(b); sido=areaCode, sigungu=signguCode",Together_with_my_dog_cityselection/fetch_tourapi.py:258 summarize_month()
52110,2025-12,20251202,165448.5,runs/api_candidates_sigungu_202509_202608/raw/20251201_20251231_p0002.xml,포함: 월별 visitors에 합산,"touDivNm=외지인(b); sido=areaCode, sigungu=signguCode",Together_with_my_dog_cityselection/fetch_tourapi.py:258 summarize_month()
52110,2025-12,20251203,168612.5,runs/api_candidates_sigungu_202509_202608/raw/20251201_20251231_p0003.xml,포함: 월별 visitors에 합산,"touDivNm=외지인(b); sido=areaCode, sigungu=signguCode",Together_with_my_dog_cityselection/fetch_tourapi.py:258 summarize_month()
52110,2025-12,20251204,174951.0,runs/api_candidates_sigungu_202509_202608/raw/20251201_20251231_p0004.xml,포함: 월별 visitors에 합산,"touDivNm=외지인(b); sido=areaCode, sigungu=signguCode",Together_with_my_dog_cityselection/fetch_tourapi.py:258 summarize_month()
52110,2025-12,20251205,205989.0,runs/api_candidates_sigungu_202509_202608/raw/20251201_20251231_p0004.xml,포함: 월별 visitors에 합산,"touDivNm=외지인(b); sido=areaCode, sigungu=signguCode",Together_with_my_dog_cityselection/fetch_tourapi.py:258 summarize_month()
52110,2025-12,20251206,265510.0,runs/api_candidates_sigungu_202509_202608/raw/20251201_20251231_p0005.xml,포함: 월별 visitors에 합산,"touDivNm=외지인(b); sido=areaCode, sigungu=signguCode",Together_with_my_dog_cityselection/fetch_tourapi.py:258 summarize_month()
52110,2025-12,20251207,215596.5,runs/api_candidates_sigungu_202509_202608/raw/20251201_20251231_p0006.xml,포함: 월별 visitors에 합산,"touDivNm=외지인(b); sido=areaCode, sigungu=signguCode",Together_with_my_dog_cityselection/fetch_tourapi.py:258 summarize_month()
52110,2025-12,20251208,177075.5,runs/api_candidates_sigungu_202509_202608/raw/20251201_20251231_p0007.xml,포함: 월별 visitors에 합산,"touDivNm=외지인(b); sido=areaCode, sigungu=signguCode",Together_with_my_dog_cityselection/fetch_tourapi.py:258 summarize_month()
52110,2025-12,20251209,179077.5,runs/api_candidates_sigungu_202509_202608/raw/20251201_20251231_p0008.xml,포함: 월별 visitors에 합산,"touDivNm=외지인(b); sido=areaCode, sigungu=signguCode",Together_with_my_dog_cityselection/fetch_tourapi.py:258 summarize_month()
52110,2025-12,20251210,182651.0,runs/api_candidates_sigungu_202509_202608/raw/20251201_20251231_p0008.xml,포함: 월별 visitors에 합산,"touDivNm=외지인(b); sido=areaCode, sigungu=signguCode",Together_with_my_dog_cityselection/fetch_tourapi.py:258 summarize_month()
52110,2025-12,20251211,186060.0,runs/api_candidates_sigungu_202509_202608/raw/20251201_20251231_p0009.xml,포함: 월별 visitors에 합산,"touDivNm=외지인(b); sido=areaCode, sigungu=signguCode",Together_with_my_dog_cityselection/fetch_tourapi.py:258 summarize_month()
52110,2025-12,20251212,214256.0,runs/api_candidates_sigungu_202509_202608/raw/20251201_20251231_p0010.xml,포함: 월별 visitors에 합산,"touDivNm=외지인(b); sido=areaCode, sigungu=signguCode",Together_with_my_dog_cityselection/fetch_tourapi.py:258 summarize_month()
52110,2025-12,20251213,259647.5,runs/api_candidates_sigungu_202509_202608/raw/20251201_20251231_p0011.xml,포함: 월별 visitors에 합산,"touDivNm=외지인(b); sido=areaCode, sigungu=signguCode",Together_with_my_dog_cityselection/fetch_tourapi.py:258 summarize_month()
52110,2025-12,20251214,211354.5,runs/api_candidates_sigungu_202509_202608/raw/20251201_20251231_p0012.xml,포함: 월별 visitors에 합산,"touDivNm=외지인(b); sido=areaCode, sigungu=signguCode",Together_with_my_dog_cityselection/fetch_tourapi.py:258 summarize_month()
52110,2025-12,20251215,187127.5,runs/api_candidates_sigungu_202509_202608/raw/20251201_20251231_p0012.xml,포함: 월별 visitors에 합산,"touDivNm=외지인(b); sido=areaCode, sigungu=signguCode",Together_with_my_dog_cityselection/fetch_tourapi.py:258 summarize_month()
52110,2025-12,20251216,189241.5,runs/api_candidates_sigungu_202509_202608/raw/20251201_20251231_p0013.xml,포함: 월별 visitors에 합산,"touDivNm=외지인(b); sido=areaCode, sigungu=signguCode",Together_with_my_dog_cityselection/fetch_tourapi.py:258 summarize_month()
52110,2025-12,20251217,192601.5,runs/api_candidates_sigungu_202509_202608/raw/20251201_20251231_p0014.xml,포함: 월별 visitors에 합산,"touDivNm=외지인(b); sido=areaCode, sigungu=signguCode",Together_with_my_dog_cityselection/fetch_tourapi.py:258 summarize_month()
52110,2025-12,20251218,201057.5,runs/api_candidates_sigungu_202509_202608/raw/20251201_20251231_p0015.xml,포함: 월별 visitors에 합산,"touDivNm=외지인(b); sido=areaCode, sigungu=signguCode",Together_with_my_dog_cityselection/fetch_tourapi.py:258 summarize_month()
52110,2025-12,20251219,228998.0,runs/api_candidates_sigungu_202509_202608/raw/20251201_20251231_p0016.xml,포함: 월별 visitors에 합산,"touDivNm=외지인(b); sido=areaCode, sigungu=signguCode",Together_with_my_dog_cityselection/fetch_tourapi.py:258 summarize_month()
52110,2025-12,20251220,273994.0,runs/api_candidates_sigungu_202509_202608/raw/20251201_20251231_p0016.xml,포함: 월별 visitors에 합산,"touDivNm=외지인(b); sido=areaCode, sigungu=signguCode",Together_with_my_dog_cityselection/fetch_tourapi.py:258 summarize_month()
52110,2025-12,20251221,224182.0,runs/api_candidates_sigungu_202509_202608/raw/20251201_20251231_p0017.xml,포함: 월별 visitors에 합산,"touDivNm=외지인(b); sido=areaCode, sigungu=signguCode",Together_with_my_dog_cityselection/fetch_tourapi.py:258 summarize_month()
52110,2025-12,20251222,204767.5,runs/api_candidates_sigungu_202509_202608/raw/20251201_20251231_p0018.xml,포함: 월별 visitors에 합산,"touDivNm=외지인(b); sido=areaCode, sigungu=signguCode",Together_with_my_dog_cityselection/fetch_tourapi.py:258 summarize_month()
52110,2025-12,20251223,202272.0,runs/api_candidates_sigungu_202509_202608/raw/20251201_20251231_p0019.xml,포함: 월별 visitors에 합산,"touDivNm=외지인(b); sido=areaCode, sigungu=signguCode",Together_with_my_dog_cityselection/fetch_tourapi.py:258 summarize_month()
52110,2025-12,20251224,217763.0,runs/api_candidates_sigungu_202509_202608/raw/20251201_20251231_p0019.xml,포함: 월별 visitors에 합산,"touDivNm=외지인(b); sido=areaCode, sigungu=signguCode",Together_with_my_dog_cityselection/fetch_tourapi.py:258 summarize_month()
52110,2025-12,20251225,237422.5,runs/api_candidates_sigungu_202509_202608/raw/20251201_20251231_p0020.xml,포함: 월별 visitors에 합산,"touDivNm=외지인(b); sido=areaCode, sigungu=signguCode",Together_with_my_dog_cityselection/fetch_tourapi.py:258 summarize_month()
52110,2025-12,20251226,232708.0,runs/api_candidates_sigungu_202509_202608/raw/20251201_20251231_p0021.xml,포함: 월별 visitors에 합산,"touDivNm=외지인(b); sido=areaCode, sigungu=signguCode",Together_with_my_dog_cityselection/fetch_tourapi.py:258 summarize_month()
52110,2025-12,20251227,270550.0,runs/api_candidates_sigungu_202509_202608/raw/20251201_20251231_p0022.xml,포함: 월별 visitors에 합산,"touDivNm=외지인(b); sido=areaCode, sigungu=signguCode",Together_with_my_dog_cityselection/fetch_tourapi.py:258 summarize_month()
52110,2025-12,20251228,227171.0,runs/api_candidates_sigungu_202509_202608/raw/20251201_20251231_p0023.xml,포함: 월별 visitors에 합산,"touDivNm=외지인(b); sido=areaCode, sigungu=signguCode",Together_with_my_dog_cityselection/fetch_tourapi.py:258 summarize_month()
52110,2025-12,20251229,213654.0,runs/api_candidates_sigungu_202509_202608/raw/20251201_20251231_p0023.xml,포함: 월별 visitors에 합산,"touDivNm=외지인(b); sido=areaCode, sigungu=signguCode",Together_with_my_dog_cityselection/fetch_tourapi.py:258 summarize_month()
52110,2025-12,20251230,215782.0,runs/api_candidates_sigungu_202509_202608/raw/20251201_20251231_p0024.xml,포함: 월별 visitors에 합산,"touDivNm=외지인(b); sido=areaCode, sigungu=signguCode",Together_with_my_dog_cityselection/fetch_tourapi.py:258 summarize_month()
52110,2025-12,20251231,242196.5,runs/api_candidates_sigungu_202509_202608/raw/20251201_20251231_p0025.xml,포함: 월별 visitors에 합산,"touDivNm=외지인(b); sido=areaCode, sigungu=signguCode",Together_with_my_dog_cityselection/fetch_tourapi.py:258 summarize_month()
52110,2026-01,20260101,194834.5,runs/api_candidates_sigungu_202509_202608/raw/20260101_20260131_p0001.xml,포함: 월별 visitors에 합산,"touDivNm=외지인(b); sido=areaCode, sigungu=signguCode",Together_with_my_dog_cityselection/fetch_tourapi.py:258 summarize_month()
52110,2026-01,20260102,198128.0,runs/api_candidates_sigungu_202509_202608/raw/20260101_20260131_p0002.xml,포함: 월별 visitors에 합산,"touDivNm=외지인(b); sido=areaCode, sigungu=signguCode",Together_with_my_dog_cityselection/fetch_tourapi.py:258 summarize_month()
52110,2026-01,20260103,230835.5,runs/api_candidates_sigungu_202509_202608/raw/20260101_20260131_p0003.xml,포함: 월별 visitors에 합산,"touDivNm=외지인(b); sido=areaCode, sigungu=signguCode",Together_with_my_dog_cityselection/fetch_tourapi.py:258 summarize_month()
52110,2026-01,20260104,188058.5,runs/api_candidates_sigungu_202509_202608/raw/20260101_20260131_p0004.xml,포함: 월별 visitors에 합산,"touDivNm=외지인(b); sido=areaCode, sigungu=signguCode",Together_with_my_dog_cityselection/fetch_tourapi.py:258 summarize_month()
52110,2026-01,20260105,172532.5,runs/api_candidates_sigungu_202509_202608/raw/20260101_20260131_p0004.xml,포함: 월별 visitors에 합산,"touDivNm=외지인(b); sido=areaCode, sigungu=signguCode",Together_with_my_dog_cityselection/fetch_tourapi.py:258 summarize_month()
52110,2026-01,20260106,174419.0,runs/api_candidates_sigungu_202509_202608/raw/20260101_20260131_p0005.xml,포함: 월별 visitors에 합산,"touDivNm=외지인(b); sido=areaCode, sigungu=signguCode",Together_with_my_dog_cityselection/fetch_tourapi.py:258 summarize_month()
52110,2026-01,20260107,175745.5,runs/api_candidates_sigungu_202509_202608/raw/20260101_20260131_p0006.xml,포함: 월별 visitors에 합산,"touDivNm=외지인(b); sido=areaCode, sigungu=signguCode",Together_with_my_dog_cityselection/fetch_tourapi.py:258 summarize_month()
52110,2026-01,20260108,179959.5,runs/api_candidates_sigungu_202509_202608/raw/20260101_20260131_p0007.xml,포함: 월별 visitors에 합산,"touDivNm=외지인(b); sido=areaCode, sigungu=signguCode",Together_with_my_dog_cityselection/fetch_tourapi.py:258 summarize_month()
52110,2026-01,20260109,201897.5,runs/api_candidates_sigungu_202509_202608/raw/20260101_20260131_p0008.xml,포함: 월별 visitors에 합산,"touDivNm=외지인(b); sido=areaCode, sigungu=signguCode",Together_with_my_dog_cityselection/fetch_tourapi.py:258 summarize_month()
52110,2026-01,20260110,236407.5,runs/api_candidates_sigungu_202509_202608/raw/20260101_20260131_p0008.xml,포함: 월별 visitors에 합산,"touDivNm=외지인(b); sido=areaCode, sigungu=signguCode",Together_with_my_dog_cityselection/fetch_tourapi.py:258 summarize_month()
52110,2026-01,20260111,181307.0,runs/api_candidates_sigungu_202509_202608/raw/20260101_20260131_p0009.xml,포함: 월별 visitors에 합산,"touDivNm=외지인(b); sido=areaCode, sigungu=signguCode",Together_with_my_dog_cityselection/fetch_tourapi.py:258 summarize_month()
52110,2026-01,20260112,178374.0,runs/api_candidates_sigungu_202509_202608/raw/20260101_20260131_p0010.xml,포함: 월별 visitors에 합산,"touDivNm=외지인(b); sido=areaCode, sigungu=signguCode",Together_with_my_dog_cityselection/fetch_tourapi.py:258 summarize_month()
52110,2026-01,20260113,183963.5,runs/api_candidates_sigungu_202509_202608/raw/20260101_20260131_p0011.xml,포함: 월별 visitors에 합산,"touDivNm=외지인(b); sido=areaCode, sigungu=signguCode",Together_with_my_dog_cityselection/fetch_tourapi.py:258 summarize_month()
52110,2026-01,20260114,182987.0,runs/api_candidates_sigungu_202509_202608/raw/20260101_20260131_p0012.xml,포함: 월별 visitors에 합산,"touDivNm=외지인(b); sido=areaCode, sigungu=signguCode",Together_with_my_dog_cityselection/fetch_tourapi.py:258 summarize_month()
52110,2026-01,20260115,189343.0,runs/api_candidates_sigungu_202509_202608/raw/20260101_20260131_p0012.xml,포함: 월별 visitors에 합산,"touDivNm=외지인(b); sido=areaCode, sigungu=signguCode",Together_with_my_dog_cityselection/fetch_tourapi.py:258 summarize_month()
52110,2026-01,20260116,209069.0,runs/api_candidates_sigungu_202509_202608/raw/20260101_20260131_p0013.xml,포함: 월별 visitors에 합산,"touDivNm=외지인(b); sido=areaCode, sigungu=signguCode",Together_with_my_dog_cityselection/fetch_tourapi.py:258 summarize_month()
52110,2026-01,20260117,260512.0,runs/api_candidates_sigungu_202509_202608/raw/20260101_20260131_p0014.xml,포함: 월별 visitors에 합산,"touDivNm=외지인(b); sido=areaCode, sigungu=signguCode",Together_with_my_dog_cityselection/fetch_tourapi.py:258 summarize_month()
52110,2026-01,20260118,211760.5,runs/api_candidates_sigungu_202509_202608/raw/20260101_20260131_p0015.xml,포함: 월별 visitors에 합산,"touDivNm=외지인(b); sido=areaCode, sigungu=signguCode",Together_with_my_dog_cityselection/fetch_tourapi.py:258 summarize_month()
52110,2026-01,20260119,186060.0,runs/api_candidates_sigungu_202509_202608/raw/20260101_20260131_p0016.xml,포함: 월별 visitors에 합산,"touDivNm=외지인(b); sido=areaCode, sigungu=signguCode",Together_with_my_dog_cityselection/fetch_tourapi.py:258 summarize_month()
52110,2026-01,20260120,187778.5,runs/api_candidates_sigungu_202509_202608/raw/20260101_20260131_p0016.xml,포함: 월별 visitors에 합산,"touDivNm=외지인(b); sido=areaCode, sigungu=signguCode",Together_with_my_dog_cityselection/fetch_tourapi.py:258 summarize_month()
52110,2026-01,20260121,186319.0,runs/api_candidates_sigungu_202509_202608/raw/20260101_20260131_p0017.xml,포함: 월별 visitors에 합산,"touDivNm=외지인(b); sido=areaCode, sigungu=signguCode",Together_with_my_dog_cityselection/fetch_tourapi.py:258 summarize_month()
52110,2026-01,20260122,191653.0,runs/api_candidates_sigungu_202509_202608/raw/20260101_20260131_p0018.xml,포함: 월별 visitors에 합산,"touDivNm=외지인(b); sido=areaCode, sigungu=signguCode",Together_with_my_dog_cityselection/fetch_tourapi.py:258 summarize_month()
52110,2026-01,20260123,212425.5,runs/api_candidates_sigungu_202509_202608/raw/20260101_20260131_p0019.xml,포함: 월별 visitors에 합산,"touDivNm=외지인(b); sido=areaCode, sigungu=signguCode",Together_with_my_dog_cityselection/fetch_tourapi.py:258 summarize_month()
52110,2026-01,20260124,249707.5,runs/api_candidates_sigungu_202509_202608/raw/20260101_20260131_p0019.xml,포함: 월별 visitors에 합산,"touDivNm=외지인(b); sido=areaCode, sigungu=signguCode",Together_with_my_dog_cityselection/fetch_tourapi.py:258 summarize_month()
52110,2026-01,20260125,208708.5,runs/api_candidates_sigungu_202509_202608/raw/20260101_20260131_p0020.xml,포함: 월별 visitors에 합산,"touDivNm=외지인(b); sido=areaCode, sigungu=signguCode",Together_with_my_dog_cityselection/fetch_tourapi.py:258 summarize_month()
52110,2026-01,20260126,190242.5,runs/api_candidates_sigungu_202509_202608/raw/20260101_20260131_p0021.xml,포함: 월별 visitors에 합산,"touDivNm=외지인(b); sido=areaCode, sigungu=signguCode",Together_with_my_dog_cityselection/fetch_tourapi.py:258 summarize_month()
52110,2026-01,20260127,194054.0,runs/api_candidates_sigungu_202509_202608/raw/20260101_20260131_p0022.xml,포함: 월별 visitors에 합산,"touDivNm=외지인(b); sido=areaCode, sigungu=signguCode",Together_with_my_dog_cityselection/fetch_tourapi.py:258 summarize_month()
52110,2026-01,20260128,194421.5,runs/api_candidates_sigungu_202509_202608/raw/20260101_20260131_p0023.xml,포함: 월별 visitors에 합산,"touDivNm=외지인(b); sido=areaCode, sigungu=signguCode",Together_with_my_dog_cityselection/fetch_tourapi.py:258 summarize_month()
52110,2026-01,20260129,198667.0,runs/api_candidates_sigungu_202509_202608/raw/20260101_20260131_p0023.xml,포함: 월별 visitors에 합산,"touDivNm=외지인(b); sido=areaCode, sigungu=signguCode",Together_with_my_dog_cityselection/fetch_tourapi.py:258 summarize_month()
52110,2026-01,20260130,214994.5,runs/api_candidates_sigungu_202509_202608/raw/20260101_20260131_p0024.xml,포함: 월별 visitors에 합산,"touDivNm=외지인(b); sido=areaCode, sigungu=signguCode",Together_with_my_dog_cityselection/fetch_tourapi.py:258 summarize_month()
52110,2026-01,20260131,255136.0,runs/api_candidates_sigungu_202509_202608/raw/20260101_20260131_p0025.xml,포함: 월별 visitors에 합산,"touDivNm=외지인(b); sido=areaCode, sigungu=signguCode",Together_with_my_dog_cityselection/fetch_tourapi.py:258 summarize_month()
52110,2026-02,20260201,184464.0,runs/api_candidates_sigungu_202509_202608/raw/20260201_20260228_p0001.xml,포함: 월별 visitors에 합산,"touDivNm=외지인(b); sido=areaCode, sigungu=signguCode",Together_with_my_dog_cityselection/fetch_tourapi.py:258 summarize_month()
52110,2026-02,20260202,155676.5,runs/api_candidates_sigungu_202509_202608/raw/20260201_20260228_p0002.xml,포함: 월별 visitors에 합산,"touDivNm=외지인(b); sido=areaCode, sigungu=signguCode",Together_with_my_dog_cityselection/fetch_tourapi.py:258 summarize_month()
52110,2026-02,20260203,170247.0,runs/api_candidates_sigungu_202509_202608/raw/20260201_20260228_p0003.xml,포함: 월별 visitors에 합산,"touDivNm=외지인(b); sido=areaCode, sigungu=signguCode",Together_with_my_dog_cityselection/fetch_tourapi.py:258 summarize_month()
52110,2026-02,20260204,173106.5,runs/api_candidates_sigungu_202509_202608/raw/20260201_20260228_p0004.xml,포함: 월별 visitors에 합산,"touDivNm=외지인(b); sido=areaCode, sigungu=signguCode",Together_with_my_dog_cityselection/fetch_tourapi.py:258 summarize_month()
52110,2026-02,20260205,181170.5,runs/api_candidates_sigungu_202509_202608/raw/20260201_20260228_p0004.xml,포함: 월별 visitors에 합산,"touDivNm=외지인(b); sido=areaCode, sigungu=signguCode",Together_with_my_dog_cityselection/fetch_tourapi.py:258 summarize_month()
52110,2026-02,20260206,199769.5,runs/api_candidates_sigungu_202509_202608/raw/20260201_20260228_p0005.xml,포함: 월별 visitors에 합산,"touDivNm=외지인(b); sido=areaCode, sigungu=signguCode",Together_with_my_dog_cityselection/fetch_tourapi.py:258 summarize_month()
52110,2026-02,20260207,242872.0,runs/api_candidates_sigungu_202509_202608/raw/20260201_20260228_p0006.xml,포함: 월별 visitors에 합산,"touDivNm=외지인(b); sido=areaCode, sigungu=signguCode",Together_with_my_dog_cityselection/fetch_tourapi.py:258 summarize_month()
52110,2026-02,20260208,188688.5,runs/api_candidates_sigungu_202509_202608/raw/20260201_20260228_p0007.xml,포함: 월별 visitors에 합산,"touDivNm=외지인(b); sido=areaCode, sigungu=signguCode",Together_with_my_dog_cityselection/fetch_tourapi.py:258 summarize_month()
52110,2026-02,20260209,177971.5,runs/api_candidates_sigungu_202509_202608/raw/20260201_20260228_p0008.xml,포함: 월별 visitors에 합산,"touDivNm=외지인(b); sido=areaCode, sigungu=signguCode",Together_with_my_dog_cityselection/fetch_tourapi.py:258 summarize_month()
52110,2026-02,20260210,179833.5,runs/api_candidates_sigungu_202509_202608/raw/20260201_20260228_p0008.xml,포함: 월별 visitors에 합산,"touDivNm=외지인(b); sido=areaCode, sigungu=signguCode",Together_with_my_dog_cityselection/fetch_tourapi.py:258 summarize_month()
52110,2026-02,20260211,186732.0,runs/api_candidates_sigungu_202509_202608/raw/20260201_20260228_p0009.xml,포함: 월별 visitors에 합산,"touDivNm=외지인(b); sido=areaCode, sigungu=signguCode",Together_with_my_dog_cityselection/fetch_tourapi.py:258 summarize_month()
52110,2026-02,20260212,200406.5,runs/api_candidates_sigungu_202509_202608/raw/20260201_20260228_p0010.xml,포함: 월별 visitors에 합산,"touDivNm=외지인(b); sido=areaCode, sigungu=signguCode",Together_with_my_dog_cityselection/fetch_tourapi.py:258 summarize_month()
52110,2026-02,20260213,225057.0,runs/api_candidates_sigungu_202509_202608/raw/20260201_20260228_p0011.xml,포함: 월별 visitors에 합산,"touDivNm=외지인(b); sido=areaCode, sigungu=signguCode",Together_with_my_dog_cityselection/fetch_tourapi.py:258 summarize_month()
52110,2026-02,20260214,286373.5,runs/api_candidates_sigungu_202509_202608/raw/20260201_20260228_p0012.xml,포함: 월별 visitors에 합산,"touDivNm=외지인(b); sido=areaCode, sigungu=signguCode",Together_with_my_dog_cityselection/fetch_tourapi.py:258 summarize_month()
52110,2026-02,20260215,320862.5,runs/api_candidates_sigungu_202509_202608/raw/20260201_20260228_p0013.xml,포함: 월별 visitors에 합산,"touDivNm=외지인(b); sido=areaCode, sigungu=signguCode",Together_with_my_dog_cityselection/fetch_tourapi.py:258 summarize_month()
52110,2026-02,20260216,338702.0,runs/api_candidates_sigungu_202509_202608/raw/20260201_20260228_p0013.xml,포함: 월별 visitors에 합산,"touDivNm=외지인(b); sido=areaCode, sigungu=signguCode",Together_with_my_dog_cityselection/fetch_tourapi.py:258 summarize_month()
52110,2026-02,20260217,351480.5,runs/api_candidates_sigungu_202509_202608/raw/20260201_20260228_p0014.xml,포함: 월별 visitors에 합산,"touDivNm=외지인(b); sido=areaCode, sigungu=signguCode",Together_with_my_dog_cityselection/fetch_tourapi.py:258 summarize_month()
52110,2026-02,20260218,251121.5,runs/api_candidates_sigungu_202509_202608/raw/20260201_20260228_p0015.xml,포함: 월별 visitors에 합산,"touDivNm=외지인(b); sido=areaCode, sigungu=signguCode",Together_with_my_dog_cityselection/fetch_tourapi.py:258 summarize_month()
52110,2026-02,20260219,207224.5,runs/api_candidates_sigungu_202509_202608/raw/20260201_20260228_p0016.xml,포함: 월별 visitors에 합산,"touDivNm=외지인(b); sido=areaCode, sigungu=signguCode",Together_with_my_dog_cityselection/fetch_tourapi.py:258 summarize_month()
52110,2026-02,20260220,218333.5,runs/api_candidates_sigungu_202509_202608/raw/20260201_20260228_p0017.xml,포함: 월별 visitors에 합산,"touDivNm=외지인(b); sido=areaCode, sigungu=signguCode",Together_with_my_dog_cityselection/fetch_tourapi.py:258 summarize_month()
52110,2026-02,20260221,262601.5,runs/api_candidates_sigungu_202509_202608/raw/20260201_20260228_p0017.xml,포함: 월별 visitors에 합산,"touDivNm=외지인(b); sido=areaCode, sigungu=signguCode",Together_with_my_dog_cityselection/fetch_tourapi.py:258 summarize_month()
52110,2026-02,20260222,206948.0,runs/api_candidates_sigungu_202509_202608/raw/20260201_20260228_p0018.xml,포함: 월별 visitors에 합산,"touDivNm=외지인(b); sido=areaCode, sigungu=signguCode",Together_with_my_dog_cityselection/fetch_tourapi.py:258 summarize_month()
52110,2026-02,20260223,207686.5,runs/api_candidates_sigungu_202509_202608/raw/20260201_20260228_p0019.xml,포함: 월별 visitors에 합산,"touDivNm=외지인(b); sido=areaCode, sigungu=signguCode",Together_with_my_dog_cityselection/fetch_tourapi.py:258 summarize_month()
52110,2026-02,20260224,192664.5,runs/api_candidates_sigungu_202509_202608/raw/20260201_20260228_p0020.xml,포함: 월별 visitors에 합산,"touDivNm=외지인(b); sido=areaCode, sigungu=signguCode",Together_with_my_dog_cityselection/fetch_tourapi.py:258 summarize_month()
52110,2026-02,20260225,213622.5,runs/api_candidates_sigungu_202509_202608/raw/20260201_20260228_p0021.xml,포함: 월별 visitors에 합산,"touDivNm=외지인(b); sido=areaCode, sigungu=signguCode",Together_with_my_dog_cityselection/fetch_tourapi.py:258 summarize_month()
52110,2026-02,20260226,217143.5,runs/api_candidates_sigungu_202509_202608/raw/20260201_20260228_p0021.xml,포함: 월별 visitors에 합산,"touDivNm=외지인(b); sido=areaCode, sigungu=signguCode",Together_with_my_dog_cityselection/fetch_tourapi.py:258 summarize_month()
52110,2026-02,20260227,232515.5,runs/api_candidates_sigungu_202509_202608/raw/20260201_20260228_p0022.xml,포함: 월별 visitors에 합산,"touDivNm=외지인(b); sido=areaCode, sigungu=signguCode",Together_with_my_dog_cityselection/fetch_tourapi.py:258 summarize_month()
52110,2026-02,20260228,291081.0,runs/api_candidates_sigungu_202509_202608/raw/20260201_20260228_p0023.xml,포함: 월별 visitors에 합산,"touDivNm=외지인(b); sido=areaCode, sigungu=signguCode",Together_with_my_dog_cityselection/fetch_tourapi.py:258 summarize_month()
52110,2026-03,20260301,265772.5,runs/api_candidates_sigungu_202509_202608/raw/20260301_20260331_p0001.xml,포함: 월별 visitors에 합산,"touDivNm=외지인(b); sido=areaCode, sigungu=signguCode",Together_with_my_dog_cityselection/fetch_tourapi.py:258 summarize_month()
52110,2026-03,20260302,198828.0,runs/api_candidates_sigungu_202509_202608/raw/20260301_20260331_p0002.xml,포함: 월별 visitors에 합산,"touDivNm=외지인(b); sido=areaCode, sigungu=signguCode",Together_with_my_dog_cityselection/fetch_tourapi.py:258 summarize_month()
52110,2026-03,20260303,195485.5,runs/api_candidates_sigungu_202509_202608/raw/20260301_20260331_p0003.xml,포함: 월별 visitors에 합산,"touDivNm=외지인(b); sido=areaCode, sigungu=signguCode",Together_with_my_dog_cityselection/fetch_tourapi.py:258 summarize_month()
52110,2026-03,20260304,196658.0,runs/api_candidates_sigungu_202509_202608/raw/20260301_20260331_p0004.xml,포함: 월별 visitors에 합산,"touDivNm=외지인(b); sido=areaCode, sigungu=signguCode",Together_with_my_dog_cityselection/fetch_tourapi.py:258 summarize_month()
52110,2026-03,20260305,202177.5,runs/api_candidates_sigungu_202509_202608/raw/20260301_20260331_p0004.xml,포함: 월별 visitors에 합산,"touDivNm=외지인(b); sido=areaCode, sigungu=signguCode",Together_with_my_dog_cityselection/fetch_tourapi.py:258 summarize_month()
52110,2026-03,20260306,213584.0,runs/api_candidates_sigungu_202509_202608/raw/20260301_20260331_p0005.xml,포함: 월별 visitors에 합산,"touDivNm=외지인(b); sido=areaCode, sigungu=signguCode",Together_with_my_dog_cityselection/fetch_tourapi.py:258 summarize_month()
52110,2026-03,20260307,259899.5,runs/api_candidates_sigungu_202509_202608/raw/20260301_20260331_p0006.xml,포함: 월별 visitors에 합산,"touDivNm=외지인(b); sido=areaCode, sigungu=signguCode",Together_with_my_dog_cityselection/fetch_tourapi.py:258 summarize_month()
52110,2026-03,20260308,214018.0,runs/api_candidates_sigungu_202509_202608/raw/20260301_20260331_p0007.xml,포함: 월별 visitors에 합산,"touDivNm=외지인(b); sido=areaCode, sigungu=signguCode",Together_with_my_dog_cityselection/fetch_tourapi.py:258 summarize_month()
52110,2026-03,20260309,200483.5,runs/api_candidates_sigungu_202509_202608/raw/20260301_20260331_p0008.xml,포함: 월별 visitors에 합산,"touDivNm=외지인(b); sido=areaCode, sigungu=signguCode",Together_with_my_dog_cityselection/fetch_tourapi.py:258 summarize_month()
52110,2026-03,20260310,211015.0,runs/api_candidates_sigungu_202509_202608/raw/20260301_20260331_p0008.xml,포함: 월별 visitors에 합산,"touDivNm=외지인(b); sido=areaCode, sigungu=signguCode",Together_with_my_dog_cityselection/fetch_tourapi.py:258 summarize_month()
52110,2026-03,20260311,210619.5,runs/api_candidates_sigungu_202509_202608/raw/20260301_20260331_p0009.xml,포함: 월별 visitors에 합산,"touDivNm=외지인(b); sido=areaCode, sigungu=signguCode",Together_with_my_dog_cityselection/fetch_tourapi.py:258 summarize_month()
52110,2026-03,20260312,213367.0,runs/api_candidates_sigungu_202509_202608/raw/20260301_20260331_p0010.xml,포함: 월별 visitors에 합산,"touDivNm=외지인(b); sido=areaCode, sigungu=signguCode",Together_with_my_dog_cityselection/fetch_tourapi.py:258 summarize_month()
52110,2026-03,20260313,233250.5,runs/api_candidates_sigungu_202509_202608/raw/20260301_20260331_p0011.xml,포함: 월별 visitors에 합산,"touDivNm=외지인(b); sido=areaCode, sigungu=signguCode",Together_with_my_dog_cityselection/fetch_tourapi.py:258 summarize_month()
52110,2026-03,20260314,278887.0,runs/api_candidates_sigungu_202509_202608/raw/20260301_20260331_p0012.xml,포함: 월별 visitors에 합산,"touDivNm=외지인(b); sido=areaCode, sigungu=signguCode",Together_with_my_dog_cityselection/fetch_tourapi.py:258 summarize_month()
52110,2026-03,20260315,223300.0,runs/api_candidates_sigungu_202509_202608/raw/20260301_20260331_p0013.xml,포함: 월별 visitors에 합산,"touDivNm=외지인(b); sido=areaCode, sigungu=signguCode",Together_with_my_dog_cityselection/fetch_tourapi.py:258 summarize_month()
52110,2026-03,20260316,212919.0,runs/api_candidates_sigungu_202509_202608/raw/20260301_20260331_p0013.xml,포함: 월별 visitors에 합산,"touDivNm=외지인(b); sido=areaCode, sigungu=signguCode",Together_with_my_dog_cityselection/fetch_tourapi.py:258 summarize_month()
52110,2026-03,20260317,220948.0,runs/api_candidates_sigungu_202509_202608/raw/20260301_20260331_p0014.xml,포함: 월별 visitors에 합산,"touDivNm=외지인(b); sido=areaCode, sigungu=signguCode",Together_with_my_dog_cityselection/fetch_tourapi.py:258 summarize_month()
52110,2026-03,20260318,214067.0,runs/api_candidates_sigungu_202509_202608/raw/20260301_20260331_p0015.xml,포함: 월별 visitors에 합산,"touDivNm=외지인(b); sido=areaCode, sigungu=signguCode",Together_with_my_dog_cityselection/fetch_tourapi.py:258 summarize_month()
52110,2026-03,20260319,225361.5,runs/api_candidates_sigungu_202509_202608/raw/20260301_20260331_p0016.xml,포함: 월별 visitors에 합산,"touDivNm=외지인(b); sido=areaCode, sigungu=signguCode",Together_with_my_dog_cityselection/fetch_tourapi.py:258 summarize_month()
52110,2026-03,20260320,244314.0,runs/api_candidates_sigungu_202509_202608/raw/20260301_20260331_p0017.xml,포함: 월별 visitors에 합산,"touDivNm=외지인(b); sido=areaCode, sigungu=signguCode",Together_with_my_dog_cityselection/fetch_tourapi.py:258 summarize_month()
52110,2026-03,20260321,292162.5,runs/api_candidates_sigungu_202509_202608/raw/20260301_20260331_p0017.xml,포함: 월별 visitors에 합산,"touDivNm=외지인(b); sido=areaCode, sigungu=signguCode",Together_with_my_dog_cityselection/fetch_tourapi.py:258 summarize_month()
52110,2026-03,20260322,242963.0,runs/api_candidates_sigungu_202509_202608/raw/20260301_20260331_p0018.xml,포함: 월별 visitors에 합산,"touDivNm=외지인(b); sido=areaCode, sigungu=signguCode",Together_with_my_dog_cityselection/fetch_tourapi.py:258 summarize_month()
52110,2026-03,20260323,221326.0,runs/api_candidates_sigungu_202509_202608/raw/20260301_20260331_p0019.xml,포함: 월별 visitors에 합산,"touDivNm=외지인(b); sido=areaCode, sigungu=signguCode",Together_with_my_dog_cityselection/fetch_tourapi.py:258 summarize_month()
52110,2026-03,20260324,236684.0,runs/api_candidates_sigungu_202509_202608/raw/20260301_20260331_p0020.xml,포함: 월별 visitors에 합산,"touDivNm=외지인(b); sido=areaCode, sigungu=signguCode",Together_with_my_dog_cityselection/fetch_tourapi.py:258 summarize_month()
52110,2026-03,20260325,228270.0,runs/api_candidates_sigungu_202509_202608/raw/20260301_20260331_p0021.xml,포함: 월별 visitors에 합산,"touDivNm=외지인(b); sido=areaCode, sigungu=signguCode",Together_with_my_dog_cityselection/fetch_tourapi.py:258 summarize_month()
52110,2026-03,20260326,232746.5,runs/api_candidates_sigungu_202509_202608/raw/20260301_20260331_p0021.xml,포함: 월별 visitors에 합산,"touDivNm=외지인(b); sido=areaCode, sigungu=signguCode",Together_with_my_dog_cityselection/fetch_tourapi.py:258 summarize_month()
52110,2026-03,20260327,250152.0,runs/api_candidates_sigungu_202509_202608/raw/20260301_20260331_p0022.xml,포함: 월별 visitors에 합산,"touDivNm=외지인(b); sido=areaCode, sigungu=signguCode",Together_with_my_dog_cityselection/fetch_tourapi.py:258 summarize_month()
52110,2026-03,20260328,300128.5,runs/api_candidates_sigungu_202509_202608/raw/20260301_20260331_p0023.xml,포함: 월별 visitors에 합산,"touDivNm=외지인(b); sido=areaCode, sigungu=signguCode",Together_with_my_dog_cityselection/fetch_tourapi.py:258 summarize_month()
52110,2026-03,20260329,254208.5,runs/api_candidates_sigungu_202509_202608/raw/20260301_20260331_p0024.xml,포함: 월별 visitors에 합산,"touDivNm=외지인(b); sido=areaCode, sigungu=signguCode",Together_with_my_dog_cityselection/fetch_tourapi.py:258 summarize_month()
52110,2026-03,20260330,222782.0,runs/api_candidates_sigungu_202509_202608/raw/20260301_20260331_p0025.xml,포함: 월별 visitors에 합산,"touDivNm=외지인(b); sido=areaCode, sigungu=signguCode",Together_with_my_dog_cityselection/fetch_tourapi.py:258 summarize_month()
52110,2026-03,20260331,228200.0,runs/api_candidates_sigungu_202509_202608/raw/20260301_20260331_p0025.xml,포함: 월별 visitors에 합산,"touDivNm=외지인(b); sido=areaCode, sigungu=signguCode",Together_with_my_dog_cityselection/fetch_tourapi.py:258 summarize_month()
52110,2026-04,20260401,156117.5,runs/api_candidates_sigungu_202509_202608/raw/20260401_20260430_p0001.xml,포함: 월별 visitors에 합산,"touDivNm=외지인(b); sido=areaCode, sigungu=signguCode",Together_with_my_dog_cityselection/fetch_tourapi.py:258 summarize_month()
52110,2026-04,20260402,168567.0,runs/api_candidates_sigungu_202509_202608/raw/20260401_20260430_p0002.xml,포함: 월별 visitors에 합산,"touDivNm=외지인(b); sido=areaCode, sigungu=signguCode",Together_with_my_dog_cityselection/fetch_tourapi.py:258 summarize_month()
52110,2026-04,20260403,199160.5,runs/api_candidates_sigungu_202509_202608/raw/20260401_20260430_p0003.xml,포함: 월별 visitors에 합산,"touDivNm=외지인(b); sido=areaCode, sigungu=signguCode",Together_with_my_dog_cityselection/fetch_tourapi.py:258 summarize_month()
52110,2026-04,20260404,264369.0,runs/api_candidates_sigungu_202509_202608/raw/20260401_20260430_p0004.xml,포함: 월별 visitors에 합산,"touDivNm=외지인(b); sido=areaCode, sigungu=signguCode",Together_with_my_dog_cityselection/fetch_tourapi.py:258 summarize_month()
52110,2026-04,20260405,220594.5,runs/api_candidates_sigungu_202509_202608/raw/20260401_20260430_p0004.xml,포함: 월별 visitors에 합산,"touDivNm=외지인(b); sido=areaCode, sigungu=signguCode",Together_with_my_dog_cityselection/fetch_tourapi.py:258 summarize_month()
52110,2026-04,20260406,160195.0,runs/api_candidates_sigungu_202509_202608/raw/20260401_20260430_p0005.xml,포함: 월별 visitors에 합산,"touDivNm=외지인(b); sido=areaCode, sigungu=signguCode",Together_with_my_dog_cityselection/fetch_tourapi.py:258 summarize_month()
52110,2026-04,20260407,168406.0,runs/api_candidates_sigungu_202509_202608/raw/20260401_20260430_p0006.xml,포함: 월별 visitors에 합산,"touDivNm=외지인(b); sido=areaCode, sigungu=signguCode",Together_with_my_dog_cityselection/fetch_tourapi.py:258 summarize_month()
52110,2026-04,20260408,171083.5,runs/api_candidates_sigungu_202509_202608/raw/20260401_20260430_p0007.xml,포함: 월별 visitors에 합산,"touDivNm=외지인(b); sido=areaCode, sigungu=signguCode",Together_with_my_dog_cityselection/fetch_tourapi.py:258 summarize_month()
52110,2026-04,20260409,163422.0,runs/api_candidates_sigungu_202509_202608/raw/20260401_20260430_p0008.xml,포함: 월별 visitors에 합산,"touDivNm=외지인(b); sido=areaCode, sigungu=signguCode",Together_with_my_dog_cityselection/fetch_tourapi.py:258 summarize_month()
52110,2026-04,20260410,201474.0,runs/api_candidates_sigungu_202509_202608/raw/20260401_20260430_p0008.xml,포함: 월별 visitors에 합산,"touDivNm=외지인(b); sido=areaCode, sigungu=signguCode",Together_with_my_dog_cityselection/fetch_tourapi.py:258 summarize_month()
52110,2026-04,20260411,274312.5,runs/api_candidates_sigungu_202509_202608/raw/20260401_20260430_p0009.xml,포함: 월별 visitors에 합산,"touDivNm=외지인(b); sido=areaCode, sigungu=signguCode",Together_with_my_dog_cityselection/fetch_tourapi.py:258 summarize_month()
52110,2026-04,20260412,219415.0,runs/api_candidates_sigungu_202509_202608/raw/20260401_20260430_p0010.xml,포함: 월별 visitors에 합산,"touDivNm=외지인(b); sido=areaCode, sigungu=signguCode",Together_with_my_dog_cityselection/fetch_tourapi.py:258 summarize_month()
52110,2026-04,20260413,172340.0,runs/api_candidates_sigungu_202509_202608/raw/20260401_20260430_p0011.xml,포함: 월별 visitors에 합산,"touDivNm=외지인(b); sido=areaCode, sigungu=signguCode",Together_with_my_dog_cityselection/fetch_tourapi.py:258 summarize_month()
52110,2026-04,20260414,173467.0,runs/api_candidates_sigungu_202509_202608/raw/20260401_20260430_p0012.xml,포함: 월별 visitors에 합산,"touDivNm=외지인(b); sido=areaCode, sigungu=signguCode",Together_with_my_dog_cityselection/fetch_tourapi.py:258 summarize_month()
52110,2026-04,20260415,177572.5,runs/api_candidates_sigungu_202509_202608/raw/20260401_20260430_p0013.xml,포함: 월별 visitors에 합산,"touDivNm=외지인(b); sido=areaCode, sigungu=signguCode",Together_with_my_dog_cityselection/fetch_tourapi.py:258 summarize_month()
52110,2026-04,20260416,183029.0,runs/api_candidates_sigungu_202509_202608/raw/20260401_20260430_p0013.xml,포함: 월별 visitors에 합산,"touDivNm=외지인(b); sido=areaCode, sigungu=signguCode",Together_with_my_dog_cityselection/fetch_tourapi.py:258 summarize_month()
52110,2026-04,20260417,203493.5,runs/api_candidates_sigungu_202509_202608/raw/20260401_20260430_p0014.xml,포함: 월별 visitors에 합산,"touDivNm=외지인(b); sido=areaCode, sigungu=signguCode",Together_with_my_dog_cityselection/fetch_tourapi.py:258 summarize_month()
52110,2026-04,20260418,281925.0,runs/api_candidates_sigungu_202509_202608/raw/20260401_20260430_p0015.xml,포함: 월별 visitors에 합산,"touDivNm=외지인(b); sido=areaCode, sigungu=signguCode",Together_with_my_dog_cityselection/fetch_tourapi.py:258 summarize_month()
52110,2026-04,20260419,230818.0,runs/api_candidates_sigungu_202509_202608/raw/20260401_20260430_p0016.xml,포함: 월별 visitors에 합산,"touDivNm=외지인(b); sido=areaCode, sigungu=signguCode",Together_with_my_dog_cityselection/fetch_tourapi.py:258 summarize_month()
52110,2026-04,20260420,176827.0,runs/api_candidates_sigungu_202509_202608/raw/20260401_20260430_p0017.xml,포함: 월별 visitors에 합산,"touDivNm=외지인(b); sido=areaCode, sigungu=signguCode",Together_with_my_dog_cityselection/fetch_tourapi.py:258 summarize_month()
52110,2026-04,20260421,189252.0,runs/api_candidates_sigungu_202509_202608/raw/20260401_20260430_p0017.xml,포함: 월별 visitors에 합산,"touDivNm=외지인(b); sido=areaCode, sigungu=signguCode",Together_with_my_dog_cityselection/fetch_tourapi.py:258 summarize_month()
52110,2026-04,20260422,182990.5,runs/api_candidates_sigungu_202509_202608/raw/20260401_20260430_p0018.xml,포함: 월별 visitors에 합산,"touDivNm=외지인(b); sido=areaCode, sigungu=signguCode",Together_with_my_dog_cityselection/fetch_tourapi.py:258 summarize_month()
52110,2026-04,20260423,190463.0,runs/api_candidates_sigungu_202509_202608/raw/20260401_20260430_p0019.xml,포함: 월별 visitors에 합산,"touDivNm=외지인(b); sido=areaCode, sigungu=signguCode",Together_with_my_dog_cityselection/fetch_tourapi.py:258 summarize_month()
52110,2026-04,20260424,219572.5,runs/api_candidates_sigungu_202509_202608/raw/20260401_20260430_p0020.xml,포함: 월별 visitors에 합산,"touDivNm=외지인(b); sido=areaCode, sigungu=signguCode",Together_with_my_dog_cityselection/fetch_tourapi.py:258 summarize_month()
52110,2026-04,20260425,294917.0,runs/api_candidates_sigungu_202509_202608/raw/20260401_20260430_p0021.xml,포함: 월별 visitors에 합산,"touDivNm=외지인(b); sido=areaCode, sigungu=signguCode",Together_with_my_dog_cityselection/fetch_tourapi.py:258 summarize_month()
52110,2026-04,20260426,242529.0,runs/api_candidates_sigungu_202509_202608/raw/20260401_20260430_p0021.xml,포함: 월별 visitors에 합산,"touDivNm=외지인(b); sido=areaCode, sigungu=signguCode",Together_with_my_dog_cityselection/fetch_tourapi.py:258 summarize_month()
52110,2026-04,20260427,186284.0,runs/api_candidates_sigungu_202509_202608/raw/20260401_20260430_p0022.xml,포함: 월별 visitors에 합산,"touDivNm=외지인(b); sido=areaCode, sigungu=signguCode",Together_with_my_dog_cityselection/fetch_tourapi.py:258 summarize_month()
52110,2026-04,20260428,191296.0,runs/api_candidates_sigungu_202509_202608/raw/20260401_20260430_p0023.xml,포함: 월별 visitors에 합산,"touDivNm=외지인(b); sido=areaCode, sigungu=signguCode",Together_with_my_dog_cityselection/fetch_tourapi.py:258 summarize_month()
52110,2026-04,20260429,196150.5,runs/api_candidates_sigungu_202509_202608/raw/20260401_20260430_p0024.xml,포함: 월별 visitors에 합산,"touDivNm=외지인(b); sido=areaCode, sigungu=signguCode",Together_with_my_dog_cityselection/fetch_tourapi.py:258 summarize_month()
52110,2026-04,20260430,233688.0,runs/api_candidates_sigungu_202509_202608/raw/20260401_20260430_p0025.xml,포함: 월별 visitors에 합산,"touDivNm=외지인(b); sido=areaCode, sigungu=signguCode",Together_with_my_dog_cityselection/fetch_tourapi.py:258 summarize_month()
52110,2026-05,20260501,287297.5,runs/api_candidates_sigungu_202509_202608/raw/20260501_20260531_p0001.xml,포함: 월별 visitors에 합산,"touDivNm=외지인(b); sido=areaCode, sigungu=signguCode",Together_with_my_dog_cityselection/fetch_tourapi.py:258 summarize_month()
52110,2026-05,20260502,321083.0,runs/api_candidates_sigungu_202509_202608/raw/20260501_20260531_p0002.xml,포함: 월별 visitors에 합산,"touDivNm=외지인(b); sido=areaCode, sigungu=signguCode",Together_with_my_dog_cityselection/fetch_tourapi.py:258 summarize_month()
52110,2026-05,20260503,254880.5,runs/api_candidates_sigungu_202509_202608/raw/20260501_20260531_p0003.xml,포함: 월별 visitors에 합산,"touDivNm=외지인(b); sido=areaCode, sigungu=signguCode",Together_with_my_dog_cityselection/fetch_tourapi.py:258 summarize_month()
52110,2026-05,20260504,243344.5,runs/api_candidates_sigungu_202509_202608/raw/20260501_20260531_p0004.xml,포함: 월별 visitors에 합산,"touDivNm=외지인(b); sido=areaCode, sigungu=signguCode",Together_with_my_dog_cityselection/fetch_tourapi.py:258 summarize_month()
52110,2026-05,20260505,236505.5,runs/api_candidates_sigungu_202509_202608/raw/20260501_20260531_p0004.xml,포함: 월별 visitors에 합산,"touDivNm=외지인(b); sido=areaCode, sigungu=signguCode",Together_with_my_dog_cityselection/fetch_tourapi.py:258 summarize_month()
52110,2026-05,20260506,175231.0,runs/api_candidates_sigungu_202509_202608/raw/20260501_20260531_p0005.xml,포함: 월별 visitors에 합산,"touDivNm=외지인(b); sido=areaCode, sigungu=signguCode",Together_with_my_dog_cityselection/fetch_tourapi.py:258 summarize_month()
52110,2026-05,20260507,189574.0,runs/api_candidates_sigungu_202509_202608/raw/20260501_20260531_p0006.xml,포함: 월별 visitors에 합산,"touDivNm=외지인(b); sido=areaCode, sigungu=signguCode",Together_with_my_dog_cityselection/fetch_tourapi.py:258 summarize_month()
52110,2026-05,20260508,227682.0,runs/api_candidates_sigungu_202509_202608/raw/20260501_20260531_p0007.xml,포함: 월별 visitors에 합산,"touDivNm=외지인(b); sido=areaCode, sigungu=signguCode",Together_with_my_dog_cityselection/fetch_tourapi.py:258 summarize_month()
52110,2026-05,20260509,285890.5,runs/api_candidates_sigungu_202509_202608/raw/20260501_20260531_p0008.xml,포함: 월별 visitors에 합산,"touDivNm=외지인(b); sido=areaCode, sigungu=signguCode",Together_with_my_dog_cityselection/fetch_tourapi.py:258 summarize_month()
52110,2026-05,20260510,236190.5,runs/api_candidates_sigungu_202509_202608/raw/20260501_20260531_p0008.xml,포함: 월별 visitors에 합산,"touDivNm=외지인(b); sido=areaCode, sigungu=signguCode",Together_with_my_dog_cityselection/fetch_tourapi.py:258 summarize_month()
52110,2026-05,20260511,176214.5,runs/api_candidates_sigungu_202509_202608/raw/20260501_20260531_p0009.xml,포함: 월별 visitors에 합산,"touDivNm=외지인(b); sido=areaCode, sigungu=signguCode",Together_with_my_dog_cityselection/fetch_tourapi.py:258 summarize_month()
52110,2026-05,20260512,175010.5,runs/api_candidates_sigungu_202509_202608/raw/20260501_20260531_p0010.xml,포함: 월별 visitors에 합산,"touDivNm=외지인(b); sido=areaCode, sigungu=signguCode",Together_with_my_dog_cityselection/fetch_tourapi.py:258 summarize_month()
52110,2026-05,20260513,177250.5,runs/api_candidates_sigungu_202509_202608/raw/20260501_20260531_p0011.xml,포함: 월별 visitors에 합산,"touDivNm=외지인(b); sido=areaCode, sigungu=signguCode",Together_with_my_dog_cityselection/fetch_tourapi.py:258 summarize_month()
52110,2026-05,20260514,183932.0,runs/api_candidates_sigungu_202509_202608/raw/20260501_20260531_p0012.xml,포함: 월별 visitors에 합산,"touDivNm=외지인(b); sido=areaCode, sigungu=signguCode",Together_with_my_dog_cityselection/fetch_tourapi.py:258 summarize_month()
52110,2026-05,20260515,211844.5,runs/api_candidates_sigungu_202509_202608/raw/20260501_20260531_p0013.xml,포함: 월별 visitors에 합산,"touDivNm=외지인(b); sido=areaCode, sigungu=signguCode",Together_with_my_dog_cityselection/fetch_tourapi.py:258 summarize_month()
52110,2026-05,20260516,276223.5,runs/api_candidates_sigungu_202509_202608/raw/20260501_20260531_p0013.xml,포함: 월별 visitors에 합산,"touDivNm=외지인(b); sido=areaCode, sigungu=signguCode",Together_with_my_dog_cityselection/fetch_tourapi.py:258 summarize_month()
52110,2026-05,20260517,239858.5,runs/api_candidates_sigungu_202509_202608/raw/20260501_20260531_p0014.xml,포함: 월별 visitors에 합산,"touDivNm=외지인(b); sido=areaCode, sigungu=signguCode",Together_with_my_dog_cityselection/fetch_tourapi.py:258 summarize_month()
52110,2026-05,20260518,179483.5,runs/api_candidates_sigungu_202509_202608/raw/20260501_20260531_p0015.xml,포함: 월별 visitors에 합산,"touDivNm=외지인(b); sido=areaCode, sigungu=signguCode",Together_with_my_dog_cityselection/fetch_tourapi.py:258 summarize_month()
52110,2026-05,20260519,182542.5,runs/api_candidates_sigungu_202509_202608/raw/20260501_20260531_p0016.xml,포함: 월별 visitors에 합산,"touDivNm=외지인(b); sido=areaCode, sigungu=signguCode",Together_with_my_dog_cityselection/fetch_tourapi.py:258 summarize_month()
52110,2026-05,20260520,173078.5,runs/api_candidates_sigungu_202509_202608/raw/20260501_20260531_p0017.xml,포함: 월별 visitors에 합산,"touDivNm=외지인(b); sido=areaCode, sigungu=signguCode",Together_with_my_dog_cityselection/fetch_tourapi.py:258 summarize_month()
52110,2026-05,20260521,185346.0,runs/api_candidates_sigungu_202509_202608/raw/20260501_20260531_p0017.xml,포함: 월별 visitors에 합산,"touDivNm=외지인(b); sido=areaCode, sigungu=signguCode",Together_with_my_dog_cityselection/fetch_tourapi.py:258 summarize_month()
52110,2026-05,20260522,224259.0,runs/api_candidates_sigungu_202509_202608/raw/20260501_20260531_p0018.xml,포함: 월별 visitors에 합산,"touDivNm=외지인(b); sido=areaCode, sigungu=signguCode",Together_with_my_dog_cityselection/fetch_tourapi.py:258 summarize_month()
52110,2026-05,20260523,291004.0,runs/api_candidates_sigungu_202509_202608/raw/20260501_20260531_p0019.xml,포함: 월별 visitors에 합산,"touDivNm=외지인(b); sido=areaCode, sigungu=signguCode",Together_with_my_dog_cityselection/fetch_tourapi.py:258 summarize_month()
52110,2026-05,20260524,276409.0,runs/api_candidates_sigungu_202509_202608/raw/20260501_20260531_p0020.xml,포함: 월별 visitors에 합산,"touDivNm=외지인(b); sido=areaCode, sigungu=signguCode",Together_with_my_dog_cityselection/fetch_tourapi.py:258 summarize_month()
52110,2026-05,20260525,232620.5,runs/api_candidates_sigungu_202509_202608/raw/20260501_20260531_p0021.xml,포함: 월별 visitors에 합산,"touDivNm=외지인(b); sido=areaCode, sigungu=signguCode",Together_with_my_dog_cityselection/fetch_tourapi.py:258 summarize_month()
52110,2026-05,20260526,182448.0,runs/api_candidates_sigungu_202509_202608/raw/20260501_20260531_p0021.xml,포함: 월별 visitors에 합산,"touDivNm=외지인(b); sido=areaCode, sigungu=signguCode",Together_with_my_dog_cityselection/fetch_tourapi.py:258 summarize_month()
52110,2026-05,20260527,184051.0,runs/api_candidates_sigungu_202509_202608/raw/20260501_20260531_p0022.xml,포함: 월별 visitors에 합산,"touDivNm=외지인(b); sido=areaCode, sigungu=signguCode",Together_with_my_dog_cityselection/fetch_tourapi.py:258 summarize_month()
52110,2026-05,20260528,189486.5,runs/api_candidates_sigungu_202509_202608/raw/20260501_20260531_p0023.xml,포함: 월별 visitors에 합산,"touDivNm=외지인(b); sido=areaCode, sigungu=signguCode",Together_with_my_dog_cityselection/fetch_tourapi.py:258 summarize_month()
52110,2026-05,20260529,215330.5,runs/api_candidates_sigungu_202509_202608/raw/20260501_20260531_p0024.xml,포함: 월별 visitors에 합산,"touDivNm=외지인(b); sido=areaCode, sigungu=signguCode",Together_with_my_dog_cityselection/fetch_tourapi.py:258 summarize_month()
52110,2026-05,20260530,268929.5,runs/api_candidates_sigungu_202509_202608/raw/20260501_20260531_p0025.xml,포함: 월별 visitors에 합산,"touDivNm=외지인(b); sido=areaCode, sigungu=signguCode",Together_with_my_dog_cityselection/fetch_tourapi.py:258 summarize_month()
52110,2026-05,20260531,227017.0,runs/api_candidates_sigungu_202509_202608/raw/20260501_20260531_p0025.xml,포함: 월별 visitors에 합산,"touDivNm=외지인(b); sido=areaCode, sigungu=signguCode",Together_with_my_dog_cityselection/fetch_tourapi.py:258 summarize_month()
52110,2026-06,20260601,164909.5,runs/api_candidates_sigungu_202509_202608/raw/20260601_20260630_p0001.xml,포함: 월별 visitors에 합산,"touDivNm=외지인(b); sido=areaCode, sigungu=signguCode",Together_with_my_dog_cityselection/fetch_tourapi.py:258 summarize_month()
52110,2026-06,20260602,180582.5,runs/api_candidates_sigungu_202509_202608/raw/20260601_20260630_p0002.xml,포함: 월별 visitors에 합산,"touDivNm=외지인(b); sido=areaCode, sigungu=signguCode",Together_with_my_dog_cityselection/fetch_tourapi.py:258 summarize_month()
52110,2026-06,20260603,180771.5,runs/api_candidates_sigungu_202509_202608/raw/20260601_20260630_p0003.xml,포함: 월별 visitors에 합산,"touDivNm=외지인(b); sido=areaCode, sigungu=signguCode",Together_with_my_dog_cityselection/fetch_tourapi.py:258 summarize_month()
52110,2026-06,20260604,172028.5,runs/api_candidates_sigungu_202509_202608/raw/20260601_20260630_p0004.xml,포함: 월별 visitors에 합산,"touDivNm=외지인(b); sido=areaCode, sigungu=signguCode",Together_with_my_dog_cityselection/fetch_tourapi.py:258 summarize_month()
52110,2026-06,20260605,202058.5,runs/api_candidates_sigungu_202509_202608/raw/20260601_20260630_p0004.xml,포함: 월별 visitors에 합산,"touDivNm=외지인(b); sido=areaCode, sigungu=signguCode",Together_with_my_dog_cityselection/fetch_tourapi.py:258 summarize_month()
52110,2026-06,20260606,248538.5,runs/api_candidates_sigungu_202509_202608/raw/20260601_20260630_p0005.xml,포함: 월별 visitors에 합산,"touDivNm=외지인(b); sido=areaCode, sigungu=signguCode",Together_with_my_dog_cityselection/fetch_tourapi.py:258 summarize_month()
52110,2026-06,20260607,197897.0,runs/api_candidates_sigungu_202509_202608/raw/20260601_20260630_p0006.xml,포함: 월별 visitors에 합산,"touDivNm=외지인(b); sido=areaCode, sigungu=signguCode",Together_with_my_dog_cityselection/fetch_tourapi.py:258 summarize_month()
52110,2026-06,20260608,172403.0,runs/api_candidates_sigungu_202509_202608/raw/20260601_20260630_p0007.xml,포함: 월별 visitors에 합산,"touDivNm=외지인(b); sido=areaCode, sigungu=signguCode",Together_with_my_dog_cityselection/fetch_tourapi.py:258 summarize_month()
52110,2026-06,20260609,177191.0,runs/api_candidates_sigungu_202509_202608/raw/20260601_20260630_p0008.xml,포함: 월별 visitors에 합산,"touDivNm=외지인(b); sido=areaCode, sigungu=signguCode",Together_with_my_dog_cityselection/fetch_tourapi.py:258 summarize_month()
52110,2026-06,20260610,177747.5,runs/api_candidates_sigungu_202509_202608/raw/20260601_20260630_p0008.xml,포함: 월별 visitors에 합산,"touDivNm=외지인(b); sido=areaCode, sigungu=signguCode",Together_with_my_dog_cityselection/fetch_tourapi.py:258 summarize_month()
52110,2026-06,20260611,184352.0,runs/api_candidates_sigungu_202509_202608/raw/20260601_20260630_p0009.xml,포함: 월별 visitors에 합산,"touDivNm=외지인(b); sido=areaCode, sigungu=signguCode",Together_with_my_dog_cityselection/fetch_tourapi.py:258 summarize_month()
52110,2026-06,20260612,198744.0,runs/api_candidates_sigungu_202509_202608/raw/20260601_20260630_p0010.xml,포함: 월별 visitors에 합산,"touDivNm=외지인(b); sido=areaCode, sigungu=signguCode",Together_with_my_dog_cityselection/fetch_tourapi.py:258 summarize_month()
52110,2026-06,20260613,260834.0,runs/api_candidates_sigungu_202509_202608/raw/20260601_20260630_p0011.xml,포함: 월별 visitors에 합산,"touDivNm=외지인(b); sido=areaCode, sigungu=signguCode",Together_with_my_dog_cityselection/fetch_tourapi.py:258 summarize_month()
52110,2026-06,20260614,199902.5,runs/api_candidates_sigungu_202509_202608/raw/20260601_20260630_p0012.xml,포함: 월별 visitors에 합산,"touDivNm=외지인(b); sido=areaCode, sigungu=signguCode",Together_with_my_dog_cityselection/fetch_tourapi.py:258 summarize_month()
52110,2026-06,20260615,179011.0,runs/api_candidates_sigungu_202509_202608/raw/20260601_20260630_p0013.xml,포함: 월별 visitors에 합산,"touDivNm=외지인(b); sido=areaCode, sigungu=signguCode",Together_with_my_dog_cityselection/fetch_tourapi.py:258 summarize_month()
52110,2026-06,20260616,183862.0,runs/api_candidates_sigungu_202509_202608/raw/20260601_20260630_p0013.xml,포함: 월별 visitors에 합산,"touDivNm=외지인(b); sido=areaCode, sigungu=signguCode",Together_with_my_dog_cityselection/fetch_tourapi.py:258 summarize_month()
52110,2026-06,20260617,182420.0,runs/api_candidates_sigungu_202509_202608/raw/20260601_20260630_p0014.xml,포함: 월별 visitors에 합산,"touDivNm=외지인(b); sido=areaCode, sigungu=signguCode",Together_with_my_dog_cityselection/fetch_tourapi.py:258 summarize_month()
52110,2026-06,20260618,188062.0,runs/api_candidates_sigungu_202509_202608/raw/20260601_20260630_p0015.xml,포함: 월별 visitors에 합산,"touDivNm=외지인(b); sido=areaCode, sigungu=signguCode",Together_with_my_dog_cityselection/fetch_tourapi.py:258 summarize_month()
52110,2026-06,20260619,209786.5,runs/api_candidates_sigungu_202509_202608/raw/20260601_20260630_p0016.xml,포함: 월별 visitors에 합산,"touDivNm=외지인(b); sido=areaCode, sigungu=signguCode",Together_with_my_dog_cityselection/fetch_tourapi.py:258 summarize_month()
52110,2026-06,20260620,257505.5,runs/api_candidates_sigungu_202509_202608/raw/20260601_20260630_p0017.xml,포함: 월별 visitors에 합산,"touDivNm=외지인(b); sido=areaCode, sigungu=signguCode",Together_with_my_dog_cityselection/fetch_tourapi.py:258 summarize_month()
52110,2026-06,20260621,210833.0,runs/api_candidates_sigungu_202509_202608/raw/20260601_20260630_p0017.xml,포함: 월별 visitors에 합산,"touDivNm=외지인(b); sido=areaCode, sigungu=signguCode",Together_with_my_dog_cityselection/fetch_tourapi.py:258 summarize_month()
52110,2026-06,20260622,185545.5,runs/api_candidates_sigungu_202509_202608/raw/20260601_20260630_p0018.xml,포함: 월별 visitors에 합산,"touDivNm=외지인(b); sido=areaCode, sigungu=signguCode",Together_with_my_dog_cityselection/fetch_tourapi.py:258 summarize_month()
52110,2026-06,20260623,195342.0,runs/api_candidates_sigungu_202509_202608/raw/20260601_20260630_p0019.xml,포함: 월별 visitors에 합산,"touDivNm=외지인(b); sido=areaCode, sigungu=signguCode",Together_with_my_dog_cityselection/fetch_tourapi.py:258 summarize_month()
52110,2026-06,20260624,196273.0,runs/api_candidates_sigungu_202509_202608/raw/20260601_20260630_p0020.xml,포함: 월별 visitors에 합산,"touDivNm=외지인(b); sido=areaCode, sigungu=signguCode",Together_with_my_dog_cityselection/fetch_tourapi.py:258 summarize_month()
52110,2026-06,20260625,195279.0,runs/api_candidates_sigungu_202509_202608/raw/20260601_20260630_p0021.xml,포함: 월별 visitors에 합산,"touDivNm=외지인(b); sido=areaCode, sigungu=signguCode",Together_with_my_dog_cityselection/fetch_tourapi.py:258 summarize_month()
52110,2026-06,20260626,223538.0,runs/api_candidates_sigungu_202509_202608/raw/20260601_20260630_p0021.xml,포함: 월별 visitors에 합산,"touDivNm=외지인(b); sido=areaCode, sigungu=signguCode",Together_with_my_dog_cityselection/fetch_tourapi.py:258 summarize_month()
52110,2026-06,20260627,264421.5,runs/api_candidates_sigungu_202509_202608/raw/20260601_20260630_p0022.xml,포함: 월별 visitors에 합산,"touDivNm=외지인(b); sido=areaCode, sigungu=signguCode",Together_with_my_dog_cityselection/fetch_tourapi.py:258 summarize_month()
52110,2026-06,20260628,210042.0,runs/api_candidates_sigungu_202509_202608/raw/20260601_20260630_p0023.xml,포함: 월별 visitors에 합산,"touDivNm=외지인(b); sido=areaCode, sigungu=signguCode",Together_with_my_dog_cityselection/fetch_tourapi.py:258 summarize_month()
52110,2026-06,20260629,194001.5,runs/api_candidates_sigungu_202509_202608/raw/20260601_20260630_p0024.xml,포함: 월별 visitors에 합산,"touDivNm=외지인(b); sido=areaCode, sigungu=signguCode",Together_with_my_dog_cityselection/fetch_tourapi.py:258 summarize_month()
52110,2026-06,20260630,196486.5,runs/api_candidates_sigungu_202509_202608/raw/20260601_20260630_p0025.xml,포함: 월별 visitors에 합산,"touDivNm=외지인(b); sido=areaCode, sigungu=signguCode",Together_with_my_dog_cityselection/fetch_tourapi.py:258 summarize_month()
52110,2026-07,20260701,163418.5,runs/api_candidates_sigungu_202509_202608/raw/20260701_20260731_p0001.xml,포함: 월별 visitors에 합산,"touDivNm=외지인(b); sido=areaCode, sigungu=signguCode",Together_with_my_dog_cityselection/fetch_tourapi.py:258 summarize_month()
52110,2026-07,20260702,168017.5,runs/api_candidates_sigungu_202509_202608/raw/20260701_20260731_p0002.xml,포함: 월별 visitors에 합산,"touDivNm=외지인(b); sido=areaCode, sigungu=signguCode",Together_with_my_dog_cityselection/fetch_tourapi.py:258 summarize_month()
52110,2026-07,20260703,197393.0,runs/api_candidates_sigungu_202509_202608/raw/20260701_20260731_p0003.xml,포함: 월별 visitors에 합산,"touDivNm=외지인(b); sido=areaCode, sigungu=signguCode",Together_with_my_dog_cityselection/fetch_tourapi.py:258 summarize_month()
52110,2026-07,20260704,254565.5,runs/api_candidates_sigungu_202509_202608/raw/20260701_20260731_p0004.xml,포함: 월별 visitors에 합산,"touDivNm=외지인(b); sido=areaCode, sigungu=signguCode",Together_with_my_dog_cityselection/fetch_tourapi.py:258 summarize_month()
52110,2026-07,20260705,193613.0,runs/api_candidates_sigungu_202509_202608/raw/20260701_20260731_p0004.xml,포함: 월별 visitors에 합산,"touDivNm=외지인(b); sido=areaCode, sigungu=signguCode",Together_with_my_dog_cityselection/fetch_tourapi.py:258 summarize_month()
52110,2026-07,20260706,165333.0,runs/api_candidates_sigungu_202509_202608/raw/20260701_20260731_p0005.xml,포함: 월별 visitors에 합산,"touDivNm=외지인(b); sido=areaCode, sigungu=signguCode",Together_with_my_dog_cityselection/fetch_tourapi.py:258 summarize_month()
52110,2026-07,20260707,168437.5,runs/api_candidates_sigungu_202509_202608/raw/20260701_20260731_p0006.xml,포함: 월별 visitors에 합산,"touDivNm=외지인(b); sido=areaCode, sigungu=signguCode",Together_with_my_dog_cityselection/fetch_tourapi.py:258 summarize_month()
52110,2026-07,20260708,162389.5,runs/api_candidates_sigungu_202509_202608/raw/20260701_20260731_p0007.xml,포함: 월별 visitors에 합산,"touDivNm=외지인(b); sido=areaCode, sigungu=signguCode",Together_with_my_dog_cityselection/fetch_tourapi.py:258 summarize_month()
52110,2026-07,20260709,168185.5,runs/api_candidates_sigungu_202509_202608/raw/20260701_20260731_p0008.xml,포함: 월별 visitors에 합산,"touDivNm=외지인(b); sido=areaCode, sigungu=signguCode",Together_with_my_dog_cityselection/fetch_tourapi.py:258 summarize_month()
52110,2026-07,20260710,202111.0,runs/api_candidates_sigungu_202509_202608/raw/20260701_20260731_p0009.xml,포함: 월별 visitors에 합산,"touDivNm=외지인(b); sido=areaCode, sigungu=signguCode",Together_with_my_dog_cityselection/fetch_tourapi.py:258 summarize_month()
52110,2026-07,20260711,247068.5,runs/api_candidates_sigungu_202509_202608/raw/20260701_20260731_p0009.xml,포함: 월별 visitors에 합산,"touDivNm=외지인(b); sido=areaCode, sigungu=signguCode",Together_with_my_dog_cityselection/fetch_tourapi.py:258 summarize_month()
52110,2026-07,20260712,199472.0,runs/api_candidates_sigungu_202509_202608/raw/20260701_20260731_p0010.xml,포함: 월별 visitors에 합산,"touDivNm=외지인(b); sido=areaCode, sigungu=signguCode",Together_with_my_dog_cityselection/fetch_tourapi.py:258 summarize_month()
52110,2026-07,20260713,175794.5,runs/api_candidates_sigungu_202509_202608/raw/20260701_20260731_p0011.xml,포함: 월별 visitors에 합산,"touDivNm=외지인(b); sido=areaCode, sigungu=signguCode",Together_with_my_dog_cityselection/fetch_tourapi.py:258 summarize_month()
52110,2026-07,20260714,176074.5,runs/api_candidates_sigungu_202509_202608/raw/20260701_20260731_p0012.xml,포함: 월별 visitors에 합산,"touDivNm=외지인(b); sido=areaCode, sigungu=signguCode",Together_with_my_dog_cityselection/fetch_tourapi.py:258 summarize_month()
52110,2026-07,20260715,182077.0,runs/api_candidates_sigungu_202509_202608/raw/20260701_20260731_p0013.xml,포함: 월별 visitors에 합산,"touDivNm=외지인(b); sido=areaCode, sigungu=signguCode",Together_with_my_dog_cityselection/fetch_tourapi.py:258 summarize_month()
52110,2026-07,20260716,206941.0,runs/api_candidates_sigungu_202509_202608/raw/20260701_20260731_p0013.xml,포함: 월별 visitors에 합산,"touDivNm=외지인(b); sido=areaCode, sigungu=signguCode",Together_with_my_dog_cityselection/fetch_tourapi.py:258 summarize_month()
52110,2026-07,20260717,238658.0,runs/api_candidates_sigungu_202509_202608/raw/20260701_20260731_p0014.xml,포함: 월별 visitors에 합산,"touDivNm=외지인(b); sido=areaCode, sigungu=signguCode",Together_with_my_dog_cityselection/fetch_tourapi.py:258 summarize_month()
52110,2026-07,20260718,250509.0,runs/api_candidates_sigungu_202509_202608/raw/20260701_20260731_p0015.xml,포함: 월별 visitors에 합산,"touDivNm=외지인(b); sido=areaCode, sigungu=signguCode",Together_with_my_dog_cityselection/fetch_tourapi.py:258 summarize_month()
52110,2026-07,20260719,212460.5,runs/api_candidates_sigungu_202509_202608/raw/20260701_20260731_p0016.xml,포함: 월별 visitors에 합산,"touDivNm=외지인(b); sido=areaCode, sigungu=signguCode",Together_with_my_dog_cityselection/fetch_tourapi.py:258 summarize_month()
52110,2026-07,20260720,181492.5,runs/api_candidates_sigungu_202509_202608/raw/20260701_20260731_p0017.xml,포함: 월별 visitors에 합산,"touDivNm=외지인(b); sido=areaCode, sigungu=signguCode",Together_with_my_dog_cityselection/fetch_tourapi.py:258 summarize_month()
52110,2026-07,20260721,190221.5,runs/api_candidates_sigungu_202509_202608/raw/20260701_20260731_p0017.xml,포함: 월별 visitors에 합산,"touDivNm=외지인(b); sido=areaCode, sigungu=signguCode",Together_with_my_dog_cityselection/fetch_tourapi.py:258 summarize_month()
52110,2026-07,20260722,188846.0,runs/api_candidates_sigungu_202509_202608/raw/20260701_20260731_p0018.xml,포함: 월별 visitors에 합산,"touDivNm=외지인(b); sido=areaCode, sigungu=signguCode",Together_with_my_dog_cityselection/fetch_tourapi.py:258 summarize_month()
52110,2026-07,20260723,192668.0,runs/api_candidates_sigungu_202509_202608/raw/20260701_20260731_p0019.xml,포함: 월별 visitors에 합산,"touDivNm=외지인(b); sido=areaCode, sigungu=signguCode",Together_with_my_dog_cityselection/fetch_tourapi.py:258 summarize_month()
52110,2026-07,20260724,216408.5,runs/api_candidates_sigungu_202509_202608/raw/20260701_20260731_p0020.xml,포함: 월별 visitors에 합산,"touDivNm=외지인(b); sido=areaCode, sigungu=signguCode",Together_with_my_dog_cityselection/fetch_tourapi.py:258 summarize_month()
52110,2026-07,20260725,249704.0,runs/api_candidates_sigungu_202509_202608/raw/20260701_20260731_p0021.xml,포함: 월별 visitors에 합산,"touDivNm=외지인(b); sido=areaCode, sigungu=signguCode",Together_with_my_dog_cityselection/fetch_tourapi.py:258 summarize_month()
52110,2026-07,20260726,211631.0,runs/api_candidates_sigungu_202509_202608/raw/20260701_20260731_p0021.xml,포함: 월별 visitors에 합산,"touDivNm=외지인(b); sido=areaCode, sigungu=signguCode",Together_with_my_dog_cityselection/fetch_tourapi.py:258 summarize_month()
52110,2026-07,20260727,200900.0,runs/api_candidates_sigungu_202509_202608/raw/20260701_20260731_p0022.xml,포함: 월별 visitors에 합산,"touDivNm=외지인(b); sido=areaCode, sigungu=signguCode",Together_with_my_dog_cityselection/fetch_tourapi.py:258 summarize_month()
52110,2026-07,20260728,203794.5,runs/api_candidates_sigungu_202509_202608/raw/20260701_20260731_p0023.xml,포함: 월별 visitors에 합산,"touDivNm=외지인(b); sido=areaCode, sigungu=signguCode",Together_with_my_dog_cityselection/fetch_tourapi.py:258 summarize_month()
52110,2026-07,20260729,214886.0,runs/api_candidates_sigungu_202509_202608/raw/20260701_20260731_p0024.xml,포함: 월별 visitors에 합산,"touDivNm=외지인(b); sido=areaCode, sigungu=signguCode",Together_with_my_dog_cityselection/fetch_tourapi.py:258 summarize_month()
52110,2026-07,20260730,218382.5,runs/api_candidates_sigungu_202509_202608/raw/20260701_20260731_p0025.xml,포함: 월별 visitors에 합산,"touDivNm=외지인(b); sido=areaCode, sigungu=signguCode",Together_with_my_dog_cityselection/fetch_tourapi.py:258 summarize_month()
52110,2026-07,20260731,237657.0,runs/api_candidates_sigungu_202509_202608/raw/20260701_20260731_p0025.xml,포함: 월별 visitors에 합산,"touDivNm=외지인(b); sido=areaCode, sigungu=signguCode",Together_with_my_dog_cityselection/fetch_tourapi.py:258 summarize_month()
52110,2026-08,20260801,248682.0,runs/api_candidates_sigungu_202509_202608/raw/20260801_20260831_p0001.xml,제외: 2026-08은 15일만 수집됨,"touDivNm=외지인(b); sido=areaCode, sigungu=signguCode",Together_with_my_dog_cityselection/fetch_tourapi.py:258 summarize_month()
52110,2026-08,20260802,207410.0,runs/api_candidates_sigungu_202509_202608/raw/20260801_20260831_p0002.xml,제외: 2026-08은 15일만 수집됨,"touDivNm=외지인(b); sido=areaCode, sigungu=signguCode",Together_with_my_dog_cityselection/fetch_tourapi.py:258 summarize_month()
52110,2026-08,20260803,192836.0,runs/api_candidates_sigungu_202509_202608/raw/20260801_20260831_p0003.xml,제외: 2026-08은 15일만 수집됨,"touDivNm=외지인(b); sido=areaCode, sigungu=signguCode",Together_with_my_dog_cityselection/fetch_tourapi.py:258 summarize_month()
52110,2026-08,20260804,189042.0,runs/api_candidates_sigungu_202509_202608/raw/20260801_20260831_p0004.xml,제외: 2026-08은 15일만 수집됨,"touDivNm=외지인(b); sido=areaCode, sigungu=signguCode",Together_with_my_dog_cityselection/fetch_tourapi.py:258 summarize_month()
52110,2026-08,20260805,186651.5,runs/api_candidates_sigungu_202509_202608/raw/20260801_20260831_p0004.xml,제외: 2026-08은 15일만 수집됨,"touDivNm=외지인(b); sido=areaCode, sigungu=signguCode",Together_with_my_dog_cityselection/fetch_tourapi.py:258 summarize_month()
52110,2026-08,20260806,191457.0,runs/api_candidates_sigungu_202509_202608/raw/20260801_20260831_p0005.xml,제외: 2026-08은 15일만 수집됨,"touDivNm=외지인(b); sido=areaCode, sigungu=signguCode",Together_with_my_dog_cityselection/fetch_tourapi.py:258 summarize_month()
52110,2026-08,20260807,209391.0,runs/api_candidates_sigungu_202509_202608/raw/20260801_20260831_p0006.xml,제외: 2026-08은 15일만 수집됨,"touDivNm=외지인(b); sido=areaCode, sigungu=signguCode",Together_with_my_dog_cityselection/fetch_tourapi.py:258 summarize_month()
52110,2026-08,20260808,237982.5,runs/api_candidates_sigungu_202509_202608/raw/20260801_20260831_p0007.xml,제외: 2026-08은 15일만 수집됨,"touDivNm=외지인(b); sido=areaCode, sigungu=signguCode",Together_with_my_dog_cityselection/fetch_tourapi.py:258 summarize_month()
52110,2026-08,20260809,204557.5,runs/api_candidates_sigungu_202509_202608/raw/20260801_20260831_p0008.xml,제외: 2026-08은 15일만 수집됨,"touDivNm=외지인(b); sido=areaCode, sigungu=signguCode",Together_with_my_dog_cityselection/fetch_tourapi.py:258 summarize_month()
52110,2026-08,20260810,189609.0,runs/api_candidates_sigungu_202509_202608/raw/20260801_20260831_p0009.xml,제외: 2026-08은 15일만 수집됨,"touDivNm=외지인(b); sido=areaCode, sigungu=signguCode",Together_with_my_dog_cityselection/fetch_tourapi.py:258 summarize_month()
52110,2026-08,20260811,192045.0,runs/api_candidates_sigungu_202509_202608/raw/20260801_20260831_p0009.xml,제외: 2026-08은 15일만 수집됨,"touDivNm=외지인(b); sido=areaCode, sigungu=signguCode",Together_with_my_dog_cityselection/fetch_tourapi.py:258 summarize_month()
52110,2026-08,20260812,193382.0,runs/api_candidates_sigungu_202509_202608/raw/20260801_20260831_p0010.xml,제외: 2026-08은 15일만 수집됨,"touDivNm=외지인(b); sido=areaCode, sigungu=signguCode",Together_with_my_dog_cityselection/fetch_tourapi.py:258 summarize_month()
52110,2026-08,20260813,197830.5,runs/api_candidates_sigungu_202509_202608/raw/20260801_20260831_p0011.xml,제외: 2026-08은 15일만 수집됨,"touDivNm=외지인(b); sido=areaCode, sigungu=signguCode",Together_with_my_dog_cityselection/fetch_tourapi.py:258 summarize_month()
52110,2026-08,20260814,227041.5,runs/api_candidates_sigungu_202509_202608/raw/20260801_20260831_p0012.xml,제외: 2026-08은 15일만 수집됨,"touDivNm=외지인(b); sido=areaCode, sigungu=signguCode",Together_with_my_dog_cityselection/fetch_tourapi.py:258 summarize_month()
52110,2026-08,20260815,272107.5,runs/api_candidates_sigungu_202509_202608/raw/20260801_20260831_p0013.xml,제외: 2026-08은 15일만 수집됨,"touDivNm=외지인(b); sido=areaCode, sigungu=signguCode",Together_with_my_dog_cityselection/fetch_tourapi.py:258 summarize_month()
